START-OF-LOG: 2.0
CREATED-BY: Win-Test 4.42.0
CONTEST: RSGB-IOTA
CALLSIGN: 9A5D/P
CATEGORY: MULTI-ONE ALL LOW MIXED
CATEGORY-ASSISTED: UNASSISTED
CATEGORY-DXPEDITION: DXPEDITION
CATEGORY-TIME: 24-HOURS
IOTA-ISLAND-NAME: [9A] Dalmatia South group
CLAIMED-SCORE: 10215750
OPERATORS: 
NAME: Radioklub Dubrovnik
ADDRESS: B. Bogisica 14
ADDRESS: HR-20000 Dubrovnik
ADDRESS: CROAIA
ADDRESS: 
SOAPBOX: 
QSO: 21015 CW 2026-07-25 1201 9A5D/P        599 0001 EU-016 UR4CU         599 0002 ------ 0
QSO: 21015 CW 2026-07-25 1201 9A5D/P        599 0002 EU-016 UZ7E          599 0002 ------ 0
QSO: 21015 CW 2026-07-25 1201 9A5D/P        599 0003 EU-016 UN8PT         599 0003 ------ 0
QSO: 14025 CW 2026-07-25 1202 9A5D/P        599 0004 EU-016 TK/IK1BPL     599 0003 EU-014 1
QSO: 21015 CW 2026-07-25 1202 9A5D/P        599 0004 EU-016 PA3AAV        599 0002 ------ 0
QSO: 21015 CW 2026-07-25 1202 9A5D/P        599 0005 EU-016 YL1YF         599 0001 ------ 0
QSO: 21015 CW 2026-07-25 1203 9A5D/P        599 0006 EU-016 G4AFF         599 0005 EU-005 0
QSO: 14017 CW 2026-07-25 1216 9A5D/P        599 0006 EU-016 M0RYB         599 0010 EU-005 1
QSO: 21015 CW 2026-07-25 1216 9A5D/P        599 0009 EU-016 UR5CC         599 0005 ------ 0
QSO: 14023 CW 2026-07-25 1216 9A5D/P        599 0008 EU-016 OV3W          599 0044 EU-172 1
QSO: 14033 CW 2026-07-25 1218 9A5D/P        599 0010 EU-016 GM7A          599 0038 EU-008 1
QSO: 14026 CW 2026-07-25 1219 9A5D/P        599 0012 EU-016 MI5I          599 0039 EU-115 1
QSO: 21015 CW 2026-07-25 1219 9A5D/P        599 0011 EU-016 FY5KE         599 0010 ------ 0
QSO: 21015 CW 2026-07-25 1220 9A5D/P        599 0013 EU-016 K1ZZ          599 0021 ------ 0
QSO: 14040 CW 2026-07-25 1220 9A5D/P        599 0014 EU-016 LB5WB         599 0018 EU-055 1
QSO: 14281 PH 2026-07-25 1222 9A5D/P        59  0016 EU-016 EI7M          59  0156 EU-115 1
QSO: 14286 PH 2026-07-25 1223 9A5D/P        59  0018 EU-016 G7M           59  0039 EU-005 1
QSO: 28033 CW 2026-07-25 1223 9A5D/P        599 0015 EU-016 OG3B          599 0050 ------ 0
QSO: 14232 PH 2026-07-25 1224 9A5D/P        59  0020 EU-016 G0WRS         59  0021 EU-005 1
QSO: 28033 CW 2026-07-25 1225 9A5D/P        599 0017 EU-016 SM5/UY5OO     599 0008 ------ 0
QSO: 21022 CW 2026-07-25 1230 9A5D/P        599 0022 EU-016 TF3W          599 0066 EU-021 1
QSO: 14233 PH 2026-07-25 1232 9A5D/P        59  0021 EU-016 G3XAH         59  0007 EU-005 0
QSO: 14233 PH 2026-07-25 1232 9A5D/P        59  0023 EU-016 G0H/P         59  0004 EU-005 0
QSO: 14233 PH 2026-07-25 1233 9A5D/P        59  0025 EU-016 M6N           59  0052 EU-005 0
QSO: 28002 CW 2026-07-25 1233 9A5D/P        599 0024 EU-016 SD1A          599 0067 EU-020 1
QSO: 14232 PH 2026-07-25 1233 9A5D/P        59  0027 EU-016 DM7WB         59  0008 ------ 0
QSO: 14232 PH 2026-07-25 1234 9A5D/P        59  0029 EU-016 M9LIN         59  0003 EU-005 0
QSO: 14232 PH 2026-07-25 1234 9A5D/P        59  0031 EU-016 UZ7C          59  0064 ------ 0
QSO: 14232 PH 2026-07-25 1235 9A5D/P        59  0033 EU-016 ON6VOX        59  0002 ------ 0
QSO: 14232 PH 2026-07-25 1236 9A5D/P        59  0035 EU-016 G2L           59  0016 EU-005 0
QSO: 14232 PH 2026-07-25 1236 9A5D/P        59  0037 EU-016 SQ5EF         59  0014 ------ 0
QSO: 14232 PH 2026-07-25 1237 9A5D/P        59  0039 EU-016 DL7UMA        59  0010 ------ 0
QSO: 21025 CW 2026-07-25 1237 9A5D/P        599 0026 EU-016 KP2M          599 0087 NA-106 1
QSO: 14232 PH 2026-07-25 1237 9A5D/P        59  0041 EU-016 M0XX          59  0058 EU-005 0
QSO: 21020 CW 2026-07-25 1237 9A5D/P        599 0028 EU-016 P3X           599 0154 AS-004 1
QSO: 14232 PH 2026-07-25 1238 9A5D/P        59  0043 EU-016 DG0LFG        59  0010 ------ 0
QSO: 21027 CW 2026-07-25 1239 9A5D/P        599 0030 EU-016 WP4TZ         599 0035 NA-099 1
QSO: 14232 PH 2026-07-25 1240 9A5D/P        59  0045 EU-016 G6AD          59  0041 EU-005 0
QSO: 21036 CW 2026-07-25 1240 9A5D/P        599 0032 EU-016 VP2MAA        599 0039 NA-103 1
QSO: 14232 PH 2026-07-25 1241 9A5D/P        59  0047 EU-016 PA/DM6AT      59  0009 ------ 0
QSO: 21041 CW 2026-07-25 1241 9A5D/P        599 0034 EU-016 CT3KN         599 0105 AF-014 1
QSO: 14232 PH 2026-07-25 1241 9A5D/P        59  0049 EU-016 M1N           59  0024 EU-005 0
QSO: 14232 PH 2026-07-25 1242 9A5D/P        59  0051 EU-016 F4HWS         59  0019 ------ 0
QSO: 21037 CW 2026-07-25 1242 9A5D/P        599 0036 EU-016 JH7QXJ        599 0033 AS-007 1
QSO: 21236 PH 2026-07-25 1243 9A5D/P        59  0038 EU-016 EJ9MV         59  0084 EU-121 1
QSO: 14232 PH 2026-07-25 1244 9A5D/P        59  0053 EU-016 F4NBH/P       59  0006 ------ 0
QSO: 14232 PH 2026-07-25 1244 9A5D/P        59  0055 EU-016 UT0UG         59  0007 ------ 0
QSO: 14232 PH 2026-07-25 1244 9A5D/P        59  0057 EU-016 G4NVY         59  0005 EU-005 0
QSO: 14232 PH 2026-07-25 1245 9A5D/P        59  0059 EU-016 RW3WW/1       59  0004 ------ 0
QSO: 14232 PH 2026-07-25 1245 9A5D/P        59  0061 EU-016 G4POF         59  0015 EU-005 0
QSO: 14232 PH 2026-07-25 1246 9A5D/P        59  0063 EU-016 OO4M          59  0026 ------ 0
QSO: 14232 PH 2026-07-25 1246 9A5D/P        59  0065 EU-016 G1MXD/P       59  0002 EU-005 0
QSO: 14232 PH 2026-07-25 1248 9A5D/P        59  0067 EU-016 LB6BK/MM      59  0001 ------ 0
QSO: 14232 PH 2026-07-25 1248 9A5D/P        59  0069 EU-016 G2AA          59  0027 EU-005 0
QSO: 14232 PH 2026-07-25 1250 9A5D/P        59  0071 EU-016 G8ZRE         59  0006 EU-005 0
QSO: 21032 CW 2026-07-25 1250 9A5D/P        599 0040 EU-016 BY7KP         599 0015 AS-131 1
QSO: 21227 PH 2026-07-25 1250 9A5D/P        59  0042 EU-016 EA8BW         59  0104 AF-004 1
QSO: 21240 PH 2026-07-25 1251 9A5D/P        59  0044 EU-016 CR5IC         59  0060 EU-150 1
QSO: 14232 PH 2026-07-25 1252 9A5D/P        59  0073 EU-016 OT5L          59  0025 ------ 0
QSO: 14232 PH 2026-07-25 1252 9A5D/P        59  0075 EU-016 M7MUY         59  0007 EU-005 0
QSO: 21030 CW 2026-07-25 1253 9A5D/P        599 0046 EU-016 YD2UWF        599 0044 OC-021 1
QSO: 21040 CW 2026-07-25 1254 9A5D/P        599 0048 EU-016 EF8BBM        599 0010 AF-004 1
QSO: 14260 PH 2026-07-25 1255 9A5D/P        59  0077 EU-016 DK1A          59  0119 EU-129 0
QSO: 14276 PH 2026-07-25 1257 9A5D/P        59  0079 EU-016 DK3R          59  0217 EU-057 0
QSO: 21048 CW 2026-07-25 1257 9A5D/P        599 0050 EU-016 JA6GCE        599 0069 AS-077 1
QSO: 14228 PH 2026-07-25 1259 9A5D/P        59  0081 EU-016 GM7V          59  0281 EU-010 0
QSO: 21261 PH 2026-07-25 1259 9A5D/P        59  0052 EU-016 CR3W          59  0211 AF-014 1
QSO: 21282 PH 2026-07-25 1300 9A5D/P        59  0054 EU-016 CU2YK         59  0047 EU-003 1
QSO: 14014 CW 2026-07-25 1301 9A5D/P        599 0083 EU-016 P3X           599 0194 AS-004 0
QSO: 14014 CW 2026-07-25 1301 9A5D/P        599 0085 EU-016 US3EW         599 0022 ------ 0
QSO: 14014 CW 2026-07-25 1301 9A5D/P        599 0087 EU-016 DL5ARM        599 0012 ------ 0
QSO: 21026 CW 2026-07-25 1301 9A5D/P        599 0056 EU-016 BD7YK         599 0030 AS-094 1
QSO: 14014 CW 2026-07-25 1302 9A5D/P        599 0089 EU-016 G0ORH         599 0002 EU-005 0
QSO: 14014 CW 2026-07-25 1302 9A5D/P        599 0091 EU-016 US7IM         599 0007 ------ 0
QSO: 14014 CW 2026-07-25 1302 9A5D/P        599 0093 EU-016 DL6NDW        599 0026 ------ 0
QSO: 14014 CW 2026-07-25 1303 9A5D/P        599 0095 EU-016 SM2M          599 0050 ------ 0
QSO: 14014 CW 2026-07-25 1303 9A5D/P        599 0097 EU-016 G2AA          599 0028 EU-005 0
QSO: 14014 CW 2026-07-25 1304 9A5D/P        599 0099 EU-016 G4ENZ         599 0058 EU-005 0
QSO: 14014 CW 2026-07-25 1304 9A5D/P        599 0101 EU-016 SM5CIL        599 0038 ------ 0
QSO: 21038 CW 2026-07-25 1305 9A5D/P        599 0058 EU-016 AG2J          599 0034 NA-111 1
QSO: 21047 CW 2026-07-25 1305 9A5D/P        599 0060 EU-016 BO0M          599 0036 AS-113 1
QSO: 14014 CW 2026-07-25 1306 9A5D/P        599 0103 EU-016 ON8PR         599 0012 ------ 0
QSO: 21001 CW 2026-07-25 1306 9A5D/P        599 0062 EU-016 SD1A          599 0122 EU-020 1
QSO: 21310 PH 2026-07-25 1307 9A5D/P        59  0064 EU-016 JA8COE        59  0066 AS-078 1
QSO: 14030 CW 2026-07-25 1307 9A5D/P        599 0105 EU-016 OV5N          599 0045 EU-125 0
QSO: 14031 CW 2026-07-25 1309 9A5D/P        599 0107 EU-016 PA2G          599 0106 EU-146 0
QSO: 21053 CW 2026-07-25 1309 9A5D/P        599 0066 EU-016 9A/OM6NM      599 0045 EU-136 1
QSO: 14014 CW 2026-07-25 1310 9A5D/P        599 0109 EU-016 UZ7E          599 0062 ------ 0
QSO: 14051 CW 2026-07-25 1312 9A5D/P        599 0111 EU-016 GJ2A          599 0049 EU-013 0
QSO: 14014 CW 2026-07-25 1313 9A5D/P        599 0113 EU-016 DL8MBS        599 0011 ------ 0
QSO: 21009 CW 2026-07-25 1314 9A5D/P        599 0068 EU-016 K4RUM         599 0097 NA-026 1
QSO: 14014 CW 2026-07-25 1314 9A5D/P        599 0115 EU-016 UT4EK         599 0002 ------ 0
QSO: 14014 CW 2026-07-25 1315 9A5D/P        599 0117 EU-016 DL3YM         599 0026 ------ 0
QSO: 14014 CW 2026-07-25 1315 9A5D/P        599 0119 EU-016 SM0Q          599 0007 ------ 0
QSO: 14014 CW 2026-07-25 1316 9A5D/P        599 0121 EU-016 M4N           599 0068 EU-005 0
QSO: 14014 CW 2026-07-25 1316 9A5D/P        599 0123 EU-016 G4LJU         599 0014 EU-005 0
QSO: 14014 CW 2026-07-25 1317 9A5D/P        599 0125 EU-016 G4ZFE         599 0006 EU-005 0
QSO: 14015 CW 2026-07-25 1318 9A5D/P        599 0127 EU-016 G3TXF         599 0107 EU-005 0
QSO: 14012 CW 2026-07-25 1319 9A5D/P        599 0129 EU-016 G3P           599 0055 EU-005 0
QSO: 14014 CW 2026-07-25 1320 9A5D/P        599 0131 EU-016 II2Q          599 0097 ------ 0
QSO: 21038 CW 2026-07-25 1322 9A5D/P        599 0070 EU-016 OY1CT         599 0151 EU-018 1
QSO: 21018 CW 2026-07-25 1323 9A5D/P        599 0072 EU-016 AA1AC         599 0043 NA-031 1
QSO: 14212 PH 2026-07-25 1324 9A5D/P        59  0133 EU-016 OH2NQH        59  0007 ------ 0
QSO: 14212 PH 2026-07-25 1325 9A5D/P        59  0135 EU-016 OH6GHI        59  0011 ------ 0
QSO: 21252 PH 2026-07-25 1325 9A5D/P        59  0074 EU-016 YE9BJM        59  0082 OC-022 1
QSO: 14212 PH 2026-07-25 1325 9A5D/P        59  0137 EU-016 F2JD          59  0023 ------ 0
QSO: 14212 PH 2026-07-25 1326 9A5D/P        59  0139 EU-016 UY7LM         59  0017 ------ 0
QSO: 14212 PH 2026-07-25 1326 9A5D/P        59  0141 EU-016 G0WJK         59  0013 EU-005 0
QSO: 14212 PH 2026-07-25 1326 9A5D/P        59  0143 EU-016 F6GNP/9       59  0012 ------ 0
QSO: 14212 PH 2026-07-25 1327 9A5D/P        59  0145 EU-016 GM5RDX        59  0028 EU-005 0
QSO: 14212 PH 2026-07-25 1328 9A5D/P        59  0147 EU-016 PC9K          59  0006 ------ 0
QSO: 14212 PH 2026-07-25 1328 9A5D/P        59  0149 EU-016 DH1PAL        59  0035 ------ 0
QSO: 14212 PH 2026-07-25 1330 9A5D/P        59  0151 EU-016 PD3H          59  0019 ------ 0
QSO: 21035 CW 2026-07-25 1330 9A5D/P        599 0076 EU-016 9A1V          599 0038 EU-016 1
QSO: 14212 PH 2026-07-25 1330 9A5D/P        59  0153 EU-016 OH1TD         59  0009 EU-096 0
QSO: 14212 PH 2026-07-25 1331 9A5D/P        59  0155 EU-016 PI4DX         59  0080 ------ 0
QSO: 14212 PH 2026-07-25 1331 9A5D/P        59  0157 EU-016 R2EL          59  0007 ------ 0
QSO: 14212 PH 2026-07-25 1331 9A5D/P        59  0159 EU-016 ON7MV         59  0040 ------ 0
QSO: 14212 PH 2026-07-25 1332 9A5D/P        59  0161 EU-016 OH8DIT        59  0019 ------ 0
QSO: 14212 PH 2026-07-25 1332 9A5D/P        59  0163 EU-016 SP4LO         59  0012 ------ 0
QSO: 14212 PH 2026-07-25 1332 9A5D/P        59  0165 EU-016 DL6WWM        59  0027 EU-128 0
QSO: 14212 PH 2026-07-25 1333 9A5D/P        59  0167 EU-016 ON8WI         59  0001 ------ 0
QSO: 14212 PH 2026-07-25 1333 9A5D/P        59  0169 EU-016 DJ1SD         59  0016 ------ 0
QSO: 14212 PH 2026-07-25 1333 9A5D/P        59  0171 EU-016 ES3AMO        59  0007 ------ 0
QSO: 14212 PH 2026-07-25 1334 9A5D/P        59  0173 EU-016 ON5LS         59  0021 ------ 0
QSO: 14212 PH 2026-07-25 1334 9A5D/P        59  0175 EU-016 LY/UT2HA      59  0110 ------ 0
QSO: 14212 PH 2026-07-25 1334 9A5D/P        59  0177 EU-016 F5LIW         59  0058 ------ 0
QSO: 14212 PH 2026-07-25 1335 9A5D/P        59  0179 EU-016 MM1DJJ        59  0013 EU-005 0
QSO: 14212 PH 2026-07-25 1335 9A5D/P        59  0181 EU-016 ON6FC         59  0031 ------ 0
QSO: 14212 PH 2026-07-25 1335 9A5D/P        59  0183 EU-016 PA5LV         59  0012 ------ 0
QSO: 14212 PH 2026-07-25 1336 9A5D/P        59  0185 EU-016 M1T           59  0005 EU-005 0
QSO: 14212 PH 2026-07-25 1336 9A5D/P        59  0187 EU-016 G0HSP         59  0023 EU-005 0
QSO: 14212 PH 2026-07-25 1336 9A5D/P        59  0189 EU-016 DD2IA         59  0026 ------ 0
QSO: 14212 PH 2026-07-25 1336 9A5D/P        59  0191 EU-016 DG1NGR        59  0001 ------ 0
QSO: 14212 PH 2026-07-25 1337 9A5D/P        59  0193 EU-016 ON7BT         59  0011 ------ 0
QSO: 14212 PH 2026-07-25 1337 9A5D/P        59  0195 EU-016 G2NV          59  0061 EU-005 0
QSO: 14212 PH 2026-07-25 1337 9A5D/P        59  0197 EU-016 G0LPI         59  0017 EU-005 0
QSO: 14212 PH 2026-07-25 1338 9A5D/P        59  0199 EU-016 ON3GEO        59  0009 ------ 0
QSO: 14212 PH 2026-07-25 1338 9A5D/P        59  0201 EU-016 ON3ONX        59  0010 ------ 0
QSO: 21011 CW 2026-07-25 1338 9A5D/P        599 0078 EU-016 SK3T          599 0293 EU-084 1
QSO: 14212 PH 2026-07-25 1338 9A5D/P        59  0203 EU-016 PD0SBJ        59  0011 ------ 0
QSO: 14212 PH 2026-07-25 1339 9A5D/P        59  0205 EU-016 DL7CU         59  0001 ------ 0
QSO: 21033 CW 2026-07-25 1339 9A5D/P        599 0080 EU-016 EI2KA         599 0091 EU-115 1
QSO: 14212 PH 2026-07-25 1340 9A5D/P        59  0207 EU-016 SM8M          59  0027 ------ 0
QSO: 21029 CW 2026-07-25 1340 9A5D/P        599 0082 EU-016 OV3W          599 0216 EU-172 1
QSO: 14212 PH 2026-07-25 1340 9A5D/P        59  0209 EU-016 UW7EF         59  0024 ------ 0
QSO: 14212 PH 2026-07-25 1340 9A5D/P        59  0211 EU-016 F5JNX         59  0004 ------ 0
QSO: 14212 PH 2026-07-25 1340 9A5D/P        59  0213 EU-016 F4MAI         59  0053 ------ 0
QSO: 14212 PH 2026-07-25 1341 9A5D/P        59  0215 EU-016 F4CVO         59  0008 ------ 0
QSO: 14212 PH 2026-07-25 1342 9A5D/P        59  0217 EU-016 DF4JG         59  0001 ------ 0
QSO: 21016 CW 2026-07-25 1342 9A5D/P        599 0084 EU-016 DK3R          599 0335 EU-057 1
QSO: 14183 PH 2026-07-25 1343 9A5D/P        59  0219 EU-016 2E0YEH        59  0047 EU-005 0
QSO: 14177 PH 2026-07-25 1343 9A5D/P        59  0221 EU-016 MM5D          59  0152 EU-010 0
QSO: 14226 PH 2026-07-25 1344 9A5D/P        59  0223 EU-016 OZ2DAN        59  0165 EU-171 0
QSO: 14212 PH 2026-07-25 1345 9A5D/P        59  0225 EU-016 PD1TV         59  0046 ------ 0
QSO: 14212 PH 2026-07-25 1346 9A5D/P        59  0227 EU-016 G4DBW         59  0077 EU-005 0
QSO: 14297 PH 2026-07-25 1348 9A5D/P        59  0229 EU-016 GM1J          59  0110 EU-005 0
QSO: 14212 PH 2026-07-25 1349 9A5D/P        59  0231 EU-016 M8LZP         59  0008 EU-005 0
QSO: 14212 PH 2026-07-25 1349 9A5D/P        59  0233 EU-016 DL1ROT        59  0012 ------ 0
QSO: 21052 CW 2026-07-25 1350 9A5D/P        599 0086 EU-016 JK8PBO        599 0004 AS-078 1
QSO: 14212 PH 2026-07-25 1350 9A5D/P        59  0235 EU-016 PD1BK         59  0001 EU-038 0
QSO: 21234 PH 2026-07-25 1351 9A5D/P        59  0088 EU-016 EI8KN         59  0052 EU-115 1
QSO: 14212 PH 2026-07-25 1351 9A5D/P        59  0237 EU-016 PA4GDR        59  0014 ------ 0
QSO: 14212 PH 2026-07-25 1352 9A5D/P        59  0239 EU-016 DL3FHB        59  0027 ------ 0
QSO: 21241 PH 2026-07-25 1352 9A5D/P        59  0090 EU-016 TF3W          59  0213 EU-021 1
QSO: 14212 PH 2026-07-25 1352 9A5D/P        59  0241 EU-016 PD5HBG        59  0023 EU-146 0
QSO: 21248 PH 2026-07-25 1353 9A5D/P        59  0092 EU-016 9A1V          59  0048 EU-016 1
QSO: 14212 PH 2026-07-25 1353 9A5D/P        59  0243 EU-016 PD0TH         59  0011 ------ 0
QSO: 14212 PH 2026-07-25 1354 9A5D/P        59  0245 EU-016 DL6ABB        59  0001 ------ 0
QSO: 14212 PH 2026-07-25 1355 9A5D/P        59  0247 EU-016 PA5BUK        59  0014 ------ 0
QSO: 14233 PH 2026-07-25 1355 9A5D/P        59  0249 EU-016 9A/OM6NM      59  0120 EU-136 0
QSO: 14275 PH 2026-07-25 1356 9A5D/P        59  0251 EU-016 5B4AIF        59  0018 AS-004 0
QSO: 14287 PH 2026-07-25 1357 9A5D/P        59  0253 EU-016 LC5C          59  0041 EU-046 0
QSO: 14310 PH 2026-07-25 1358 9A5D/P        59  0255 EU-016 MW0D          59  0159 EU-005 0
QSO: 14322 PH 2026-07-25 1359 9A5D/P        59  0257 EU-016 GU6EFW        59  0073 EU-114 0
QSO: 14271 PH 2026-07-25 1359 9A5D/P        59  0259 EU-016 G3RXQ         59  0122 EU-005 0
QSO: 14222 PH 2026-07-25 1400 9A5D/P        59  0261 EU-016 GW4XMR        59  0063 EU-005 0
QSO: 14192 PH 2026-07-25 1401 9A5D/P        59  0263 EU-016 OZ4GM         59  0033 EU-030 0
QSO: 14177 PH 2026-07-25 1402 9A5D/P        59  0265 EU-016 MM5DB/P       59  0181 EU-010 0
QSO: 21004 CW 2026-07-25 1402 9A5D/P        599 0094 EU-016 VE7JH         599 0102 NA-036 1
QSO: 14239 PH 2026-07-25 1403 9A5D/P        59  0267 EU-016 9A6A          59  0192 EU-016 0
QSO: 21005 CW 2026-07-25 1405 9A5D/P        599 0096 EU-016 TK5K          599 0252 EU-014 1
QSO: 14005 CW 2026-07-25 1406 9A5D/P        599 0269 EU-016 G0OOR         599 0017 EU-005 0
QSO: 21019 CW 2026-07-25 1406 9A5D/P        599 0098 EU-016 MM1E          599 0067 EU-005 1
QSO: 14005 CW 2026-07-25 1406 9A5D/P        599 0271 EU-016 DL5DTG        599 0039 ------ 0
QSO: 14005 CW 2026-07-25 1407 9A5D/P        599 0273 EU-016 F6JOE         599 0016 ------ 0
QSO: 14005 CW 2026-07-25 1408 9A5D/P        599 0275 EU-016 SV8OVJ        599 0139 EU-067 0
QSO: 14005 CW 2026-07-25 1409 9A5D/P        599 0277 EU-016 ES/DL7AU      599 0063 EU-034 0
QSO: 14005 CW 2026-07-25 1410 9A5D/P        599 0279 EU-016 G7M           599 0159 EU-005 0
QSO: 14005 CW 2026-07-25 1410 9A5D/P        599 0281 EU-016 SM6F          599 0023 ------ 0
QSO: 14005 CW 2026-07-25 1411 9A5D/P        599 0283 EU-016 PA0JNH        599 0030 ------ 0
QSO: 14005 CW 2026-07-25 1412 9A5D/P        599 0285 EU-016 GW0NCU        599 0009 EU-005 0
QSO: 21042 CW 2026-07-25 1412 9A5D/P        599 0100 EU-016 SV9/DH8BQA    599 0133 EU-015 1
QSO: 14005 CW 2026-07-25 1412 9A5D/P        599 0287 EU-016 DR7I          599 0006 ------ 0
QSO: 14005 CW 2026-07-25 1413 9A5D/P        599 0289 EU-016 PA3DTR        599 0016 ------ 0
QSO: 14005 CW 2026-07-25 1413 9A5D/P        599 0291 EU-016 SP7IWA        599 0023 ------ 0
QSO: 14005 CW 2026-07-25 1413 9A5D/P        599 0293 EU-016 SM7PKK        599 0037 ------ 0
QSO: 14005 CW 2026-07-25 1414 9A5D/P        599 0295 EU-016 RA6SA         599 0002 ------ 0
QSO: 21017 CW 2026-07-25 1414 9A5D/P        599 0102 EU-016 G5XV          599 0218 EU-120 1
QSO: 14005 CW 2026-07-25 1414 9A5D/P        599 0297 EU-016 G0RPM         599 0020 EU-005 0
QSO: 14005 CW 2026-07-25 1414 9A5D/P        599 0299 EU-016 EA1X          599 0105 ------ 0
QSO: 14005 CW 2026-07-25 1415 9A5D/P        599 0301 EU-016 ES5JR         599 0047 ------ 0
QSO: 21245 PH 2026-07-25 1416 9A5D/P        59  0104 EU-016 YC3DOC        59  0091 OC-021 1
QSO: 14005 CW 2026-07-25 1416 9A5D/P        599 0303 EU-016 GM3JW         599 0025 EU-005 0
QSO: 14005 CW 2026-07-25 1416 9A5D/P        599 0305 EU-016 DH0JAE        599 0024 ------ 0
QSO: 21036 CW 2026-07-25 1416 9A5D/P        599 0106 EU-016 SV8OVJ        599 0140 EU-067 1
QSO: 14005 CW 2026-07-25 1417 9A5D/P        599 0307 EU-016 OK1OA         599 0093 ------ 0
QSO: 14005 CW 2026-07-25 1417 9A5D/P        599 0309 EU-016 LY2LF         599 0025 ------ 0
QSO: 21280 PH 2026-07-25 1417 9A5D/P        59  0108 EU-016 7C8C          59  0079 OC-236 1
QSO: 14005 CW 2026-07-25 1418 9A5D/P        599 0311 EU-016 OK1TA         599 0069 ------ 0
QSO: 14005 CW 2026-07-25 1418 9A5D/P        599 0313 EU-016 OH6SC         599 0011 ------ 0
QSO: 14005 CW 2026-07-25 1419 9A5D/P        599 0315 EU-016 PD7CJT        599 0033 ------ 0
QSO: 21011 CW 2026-07-25 1419 9A5D/P        599 0110 EU-016 PC38EU        599 0167 EU-038 1
QSO: 14005 CW 2026-07-25 1419 9A5D/P        599 0317 EU-016 PA0RDT        599 0049 ------ 0
QSO: 14005 CW 2026-07-25 1420 9A5D/P        599 0319 EU-016 G3WNQ         599 0008 EU-005 0
QSO: 14005 CW 2026-07-25 1420 9A5D/P        599 0321 EU-016 LZ8E          599 0142 ------ 0
QSO: 14005 CW 2026-07-25 1421 9A5D/P        599 0323 EU-016 SM5ACQ        599 0018 ------ 0
QSO: 21045 CW 2026-07-25 1421 9A5D/P        599 0112 EU-016 LB5WB         599 0198 EU-055 1
QSO: 21041 CW 2026-07-25 1421 9A5D/P        599 0114 EU-016 VO1AW         599 0052 NA-027 1
QSO: 14005 CW 2026-07-25 1421 9A5D/P        599 0325 EU-016 SN5WD         599 0036 ------ 0
QSO: 14005 CW 2026-07-25 1422 9A5D/P        599 0327 EU-016 DJ4WT         599 0039 ------ 0
QSO: 14005 CW 2026-07-25 1422 9A5D/P        599 0329 EU-016 SE4E          599 0091 ------ 0
QSO: 14005 CW 2026-07-25 1423 9A5D/P        599 0331 EU-016 HG8W          599 0053 ------ 0
QSO: 14005 CW 2026-07-25 1423 9A5D/P        599 0333 EU-016 G4AFF         599 0080 EU-005 0
QSO: 14005 CW 2026-07-25 1423 9A5D/P        599 0335 EU-016 DJ2ST         599 0036 ------ 0
QSO: 14005 CW 2026-07-25 1424 9A5D/P        599 0337 EU-016 OR7K          599 0123 ------ 0
QSO: 14005 CW 2026-07-25 1424 9A5D/P        599 0339 EU-016 UT0RM         599 0121 ------ 0
QSO: 14005 CW 2026-07-25 1425 9A5D/P        599 0341 EU-016 SN7F          599 0030 ------ 0
QSO: 14005 CW 2026-07-25 1425 9A5D/P        599 0343 EU-016 SN0RX         599 0176 EU-132 0
QSO: 14005 CW 2026-07-25 1426 9A5D/P        599 0345 EU-016 PA0ZAV        599 0005 ------ 0
QSO: 14005 CW 2026-07-25 1426 9A5D/P        599 0347 EU-016 ON9TT         599 0038 ------ 0
QSO: 21027 CW 2026-07-25 1427 9A5D/P        599 0116 EU-016 MW0KBN        599 0127 EU-005 1
QSO: 21213 PH 2026-07-25 1427 9A5D/P        59  0118 EU-016 MW0KBN        59  0127 EU-005 1
QSO: 14005 CW 2026-07-25 1427 9A5D/P        599 0349 EU-016 WA7AA         599 0041 ------ 0
QSO: 14005 CW 2026-07-25 1427 9A5D/P        599 0351 EU-016 SQ7LQJ        599 0001 ------ 0
QSO: 21018 CW 2026-07-25 1427 9A5D/P        599 0120 EU-016 OH1SIC        599 0028 EU-096 1
QSO: 14005 CW 2026-07-25 1428 9A5D/P        599 0353 EU-016 OK1DSA        599 0014 ------ 0
QSO: 14005 CW 2026-07-25 1428 9A5D/P        599 0355 EU-016 IU8RIA        599 0112 ------ 0
QSO: 21236 PH 2026-07-25 1428 9A5D/P        59  0122 EU-016 MD7C          59  0344 EU-116 1
QSO: 14005 CW 2026-07-25 1429 9A5D/P        599 0357 EU-016 EI7M          599 0799 EU-115 0
QSO: 14005 CW 2026-07-25 1429 9A5D/P        599 0359 EU-016 DL1AH         599 0004 ------ 0
QSO: 14005 CW 2026-07-25 1430 9A5D/P        599 0361 EU-016 OM0WR         599 0071 ------ 0
QSO: 21035 CW 2026-07-25 1430 9A5D/P        599 0124 EU-016 IG9/IK8PGM    599 0130 AF-019 1
QSO: 21220 PH 2026-07-25 1430 9A5D/P        59  0126 EU-016 CS4AR         59  0066 EU-175 1
QSO: 14005 CW 2026-07-25 1430 9A5D/P        599 0363 EU-016 M8M           599 0005 EU-005 0
QSO: 14005 CW 2026-07-25 1431 9A5D/P        599 0365 EU-016 G3YMC         599 0035 EU-005 0
QSO: 14005 CW 2026-07-25 1432 9A5D/P        599 0367 EU-016 DL2MDZ        599 0037 ------ 0
QSO: 14005 CW 2026-07-25 1432 9A5D/P        599 0369 EU-016 OG5O          599 0064 ------ 0
QSO: 21038 CW 2026-07-25 1433 9A5D/P        599 0128 EU-016 PA2G          599 0200 EU-146 1
QSO: 14005 CW 2026-07-25 1433 9A5D/P        599 0371 EU-016 I3VWK         599 0008 ------ 0
QSO: 14005 CW 2026-07-25 1433 9A5D/P        599 0373 EU-016 MM0T          599 0083 EU-005 0
QSO: 14005 CW 2026-07-25 1433 9A5D/P        599 0375 EU-016 IZ2WFL        599 0037 ------ 0
QSO: 14005 CW 2026-07-25 1434 9A5D/P        599 0377 EU-016 OG3B          599 0250 ------ 0
QSO: 14005 CW 2026-07-25 1434 9A5D/P        599 0379 EU-016 DL4XU         599 0037 ------ 0
QSO: 14005 CW 2026-07-25 1435 9A5D/P        599 0381 EU-016 SP2FAP        599 0027 ------ 0
QSO: 14005 CW 2026-07-25 1436 9A5D/P        599 0383 EU-016 5Q5M          599 0037 EU-029 0
QSO: 14005 CW 2026-07-25 1437 9A5D/P        599 0385 EU-016 IZ4JMA        599 0066 ------ 0
QSO: 21300 PH 2026-07-25 1437 9A5D/P        59  0130 EU-016 C4E           59  0240 AS-004 1
QSO: 14005 CW 2026-07-25 1437 9A5D/P        599 0387 EU-016 SP4NKJ        599 0032 ------ 0
QSO: 14005 CW 2026-07-25 1438 9A5D/P        599 0389 EU-016 G3PPR         599 0006 EU-005 0
QSO: 21037 CW 2026-07-25 1438 9A5D/P        599 0132 EU-016 SN0RX         599 0190 EU-132 1
QSO: 28015 CW 2026-07-25 1438 9A5D/P        599 0134 EU-016 KP2M          599 0296 NA-106 1
QSO: 14005 CW 2026-07-25 1438 9A5D/P        599 0391 EU-016 MM2T          599 0053 EU-005 0
QSO: 21032 CW 2026-07-25 1438 9A5D/P        599 0136 EU-016 SV8/DH5FS     599 0191 EU-052 1
QSO: 14005 CW 2026-07-25 1439 9A5D/P        599 0393 EU-016 SN5J          599 0029 ------ 0
QSO: 14005 CW 2026-07-25 1439 9A5D/P        599 0395 EU-016 PD1RDY        599 0021 ------ 0
QSO: 14005 CW 2026-07-25 1439 9A5D/P        599 0397 EU-016 ON4ADL        599 0021 ------ 0
QSO: 14005 CW 2026-07-25 1440 9A5D/P        599 0399 EU-016 DJ2TG         599 0056 ------ 0
QSO: 14005 CW 2026-07-25 1440 9A5D/P        599 0401 EU-016 HG2DX         599 0084 ------ 0
QSO: 28019 CW 2026-07-25 1440 9A5D/P        599 0138 EU-016 SV9/DH8BQA    599 0187 EU-015 1
QSO: 14005 CW 2026-07-25 1441 9A5D/P        599 0403 EU-016 UY7LM         599 0027 ------ 0
QSO: 14005 CW 2026-07-25 1441 9A5D/P        599 0405 EU-016 OK1IDD        599 0021 ------ 0
QSO: 21025 CW 2026-07-25 1442 9A5D/P        599 0140 EU-016 GM7A          599 0260 EU-008 1
QSO: 14005 CW 2026-07-25 1442 9A5D/P        599 0407 EU-016 IP1X          599 0283 EU-083 0
QSO: 14005 CW 2026-07-25 1442 9A5D/P        599 0409 EU-016 DF8AA         599 0010 ------ 0
QSO: 14005 CW 2026-07-25 1443 9A5D/P        599 0411 EU-016 HA8JV         599 0087 ------ 0
QSO: 14005 CW 2026-07-25 1443 9A5D/P        599 0413 EU-016 SM7T          599 0131 ------ 0
QSO: 14005 CW 2026-07-25 1443 9A5D/P        599 0415 EU-016 F4KIY         599 0057 ------ 0
QSO: 21233 PH 2026-07-25 1444 9A5D/P        59  0142 EU-016 OY/G3WVG      59  0263 EU-018 1
QSO: 28006 CW 2026-07-25 1444 9A5D/P        599 0144 EU-016 GM7V          599 0649 EU-010 1
QSO: 14005 CW 2026-07-25 1444 9A5D/P        599 0417 EU-016 DJ3DQ         599 0033 ------ 0
QSO: 21304 PH 2026-07-25 1445 9A5D/P        59  0146 EU-016 SV8/DH5FS     59  0198 EU-052 1
QSO: 14005 CW 2026-07-25 1445 9A5D/P        599 0419 EU-016 DG4UF         599 0021 ------ 0
QSO: 14005 CW 2026-07-25 1445 9A5D/P        599 0421 EU-016 UR1UU         599 0002 ------ 0
QSO: 14005 CW 2026-07-25 1446 9A5D/P        599 0423 EU-016 LZ1QN         599 0047 ------ 0
QSO: 28002 CW 2026-07-25 1446 9A5D/P        599 0148 EU-016 KU8E          599 0049 NA-058 1
QSO: 14005 CW 2026-07-25 1446 9A5D/P        599 0425 EU-016 HA3FMR        599 0054 ------ 0
QSO: 14005 CW 2026-07-25 1446 9A5D/P        599 0427 EU-016 DL3RDM        599 0031 ------ 0
QSO: 28007 CW 2026-07-25 1447 9A5D/P        599 0150 EU-016 G4IRN         599 0230 EU-005 1
QSO: 14005 CW 2026-07-25 1447 9A5D/P        599 0429 EU-016 VE3CT         599 0019 ------ 0
QSO: 14005 CW 2026-07-25 1447 9A5D/P        599 0431 EU-016 IK2ULV        599 0026 ------ 0
QSO: 14005 CW 2026-07-25 1448 9A5D/P        599 0433 EU-016 UT1QR         599 0001 ------ 0
QSO: 21011 CW 2026-07-25 1449 9A5D/P        599 0152 EU-016 YB9ELS        599 0065 OC-022 1
QSO: 14005 CW 2026-07-25 1449 9A5D/P        599 0435 EU-016 SE5V          599 0024 ------ 0
QSO: 28444 PH 2026-07-25 1449 9A5D/P        59  0154 EU-016 YB2NDX        59  0029 OC-021 1
QSO: 14005 CW 2026-07-25 1450 9A5D/P        599 0437 EU-016 R2QA          599 0125 ------ 0
QSO: 14005 CW 2026-07-25 1450 9A5D/P        599 0439 EU-016 F8CRS         599 0093 ------ 0
QSO: 14005 CW 2026-07-25 1450 9A5D/P        599 0441 EU-016 LY4BF         599 0025 ------ 0
QSO: 14005 CW 2026-07-25 1451 9A5D/P        599 0443 EU-016 SF6J          599 0099 ------ 0
QSO: 14005 CW 2026-07-25 1451 9A5D/P        599 0445 EU-016 DL2DTJ        599 0019 ------ 0
QSO: 14005 CW 2026-07-25 1451 9A5D/P        599 0447 EU-016 OM7AT         599 0036 ------ 0
QSO: 14005 CW 2026-07-25 1452 9A5D/P        599 0449 EU-016 I5MPN         599 0003 ------ 0
QSO: 28012 CW 2026-07-25 1452 9A5D/P        599 0156 EU-016 EI7KD         599 0521 EU-115 1
QSO: 14005 CW 2026-07-25 1452 9A5D/P        599 0451 EU-016 SF6W          599 0067 ------ 0
QSO: 14005 CW 2026-07-25 1453 9A5D/P        599 0453 EU-016 UR2Y          599 0107 ------ 0
QSO: 14005 CW 2026-07-25 1453 9A5D/P        599 0455 EU-016 RU0LL         599 0044 ------ 0
QSO: 14005 CW 2026-07-25 1453 9A5D/P        599 0457 EU-016 IW5EIJ        599 0007 ------ 0
QSO: 14005 CW 2026-07-25 1454 9A5D/P        599 0459 EU-016 OZ4GM         599 0051 EU-030 0
QSO: 21284 PH 2026-07-25 1454 9A5D/P        59  0158 EU-016 S77HQ         59  0171 AF-024 1
QSO: 14005 CW 2026-07-25 1454 9A5D/P        599 0461 EU-016 DL2LQC        599 0012 ------ 0
QSO: 14005 CW 2026-07-25 1455 9A5D/P        599 0463 EU-016 SV8/SV1SYM    599 0004 EU-113 0
QSO: 28018 CW 2026-07-25 1455 9A5D/P        599 0160 EU-016 EJ3Z          599 0271 EU-121 1
QSO: 14005 CW 2026-07-25 1456 9A5D/P        599 0465 EU-016 RX9WN         599 0034 ------ 0
QSO: 21034 CW 2026-07-25 1456 9A5D/P        599 0162 EU-016 IP1X          599 0322 EU-083 1
QSO: 14005 CW 2026-07-25 1457 9A5D/P        599 0467 EU-016 JR2PMT        599 0014 AS-007 0
QSO: 14005 CW 2026-07-25 1457 9A5D/P        599 0469 EU-016 G3SWH         599 0106 EU-005 0
QSO: 14005 CW 2026-07-25 1457 9A5D/P        599 0471 EU-016 YL1YF         599 0059 ------ 0
QSO: 14005 CW 2026-07-25 1458 9A5D/P        599 0473 EU-016 OK1LV         599 0052 ------ 0
QSO: 14005 CW 2026-07-25 1458 9A5D/P        599 0475 EU-016 PA3ARM        599 0011 ------ 0
QSO: 14005 CW 2026-07-25 1459 9A5D/P        599 0477 EU-016 DM3PKK        599 0014 ------ 0
QSO: 14005 CW 2026-07-25 1500 9A5D/P        599 0479 EU-016 OH1SIC        599 0045 EU-096 0
QSO: 28032 CW 2026-07-25 1500 9A5D/P        599 0164 EU-016 P3CR          599 0337 AS-004 1
QSO: 14005 CW 2026-07-25 1500 9A5D/P        599 0481 EU-016 IW2HAJ        599 0047 ------ 0
QSO: 14005 CW 2026-07-25 1501 9A5D/P        599 0483 EU-016 OH1ZAA        599 0032 ------ 0
QSO: 21230 PH 2026-07-25 1501 9A5D/P        59  0166 EU-016 4S7AB         59  0044 AS-003 1
QSO: 14005 CW 2026-07-25 1501 9A5D/P        599 0485 EU-016 OT5L          599 0040 ------ 0
QSO: 14005 CW 2026-07-25 1502 9A5D/P        599 0487 EU-016 IK1PMR        599 0030 ------ 0
QSO: 14005 CW 2026-07-25 1502 9A5D/P        599 0489 EU-016 I4IKW         599 0101 ------ 0
QSO: 14005 CW 2026-07-25 1503 9A5D/P        599 0491 EU-016 MM1E          599 0125 EU-005 0
QSO: 14005 CW 2026-07-25 1503 9A5D/P        599 0493 EU-016 OG6N          599 0131 ------ 0
QSO: 14005 CW 2026-07-25 1504 9A5D/P        599 0495 EU-016 PE2K          599 0053 ------ 0
QSO: 14005 CW 2026-07-25 1504 9A5D/P        599 0497 EU-016 M5M           599 0001 EU-005 0
QSO: 14005 CW 2026-07-25 1505 9A5D/P        599 0499 EU-016 IK1RGK        599 0005 ------ 0
QSO: 14005 CW 2026-07-25 1505 9A5D/P        599 0501 EU-016 DK5ZX         599 0020 ------ 0
QSO: 28021 CW 2026-07-25 1505 9A5D/P        599 0168 EU-016 DK1A          599 0304 EU-129 1
QSO: 14005 CW 2026-07-25 1505 9A5D/P        599 0503 EU-016 YL2NK         599 0058 ------ 0
QSO: 14005 CW 2026-07-25 1506 9A5D/P        599 0505 EU-016 OZ4O          599 0056 EU-029 0
QSO: 14005 CW 2026-07-25 1506 9A5D/P        599 0507 EU-016 RM6ZC         599 0001 ------ 0
QSO: 14005 CW 2026-07-25 1507 9A5D/P        599 0509 EU-016 PD9W          599 0001 ------ 0
QSO: 14005 CW 2026-07-25 1509 9A5D/P        599 0511 EU-016 ON4VL         599 0029 ------ 0
QSO: 28023 CW 2026-07-25 1509 9A5D/P        599 0170 EU-016 IP1X          599 0348 EU-083 1
QSO: 14005 CW 2026-07-25 1509 9A5D/P        599 0513 EU-016 UT2II         599 0041 ------ 0
QSO: 14005 CW 2026-07-25 1509 9A5D/P        599 0515 EU-016 M0TDW         599 0029 EU-005 0
QSO: 14005 CW 2026-07-25 1510 9A5D/P        599 0517 EU-016 G3ESE         599 0026 EU-005 0
QSO: 14005 CW 2026-07-25 1511 9A5D/P        599 0519 EU-016 IU2VBP        599 0007 ------ 0
QSO: 21014 CW 2026-07-25 1512 9A5D/P        599 0172 EU-016 DR7I          599 0076 ------ 0
QSO: 14028 CW 2026-07-25 1513 9A5D/P        599 0172 EU-016 TF3W          599 0376 EU-021 1
QSO: 21014 CW 2026-07-25 1513 9A5D/P        599 0175 EU-016 OR7K          599 0150 ------ 0
QSO: 21014 CW 2026-07-25 1513 9A5D/P        599 0177 EU-016 OP5T          599 0065 ------ 0
QSO: 21014 CW 2026-07-25 1514 9A5D/P        599 0179 EU-016 HA2OLM        599 0063 ------ 0
QSO: 21014 CW 2026-07-25 1514 9A5D/P        599 0181 EU-016 JG2NXV        599 0005 AS-007 0
QSO: 14015 CW 2026-07-25 1514 9A5D/P        599 0174 EU-016 IE9/OL5Y      599 0227 EU-051 1
QSO: 28009 CW 2026-07-25 1515 9A5D/P        599 0176 EU-016 GM2T          599 0435 EU-008 1
QSO: 21014 CW 2026-07-25 1515 9A5D/P        599 0183 EU-016 SF6W          599 0083 ------ 0
QSO: 14033 CW 2026-07-25 1515 9A5D/P        599 0178 EU-016 SK3T          599 0504 EU-176 1
QSO: 21014 CW 2026-07-25 1516 9A5D/P        599 0185 EU-016 IQ8UC         599 0252 EU-031 0
QSO: 28026 CW 2026-07-25 1518 9A5D/P        599 0180 EU-016 ES0Q          591 0033 EU-034 1
QSO: 21014 CW 2026-07-25 1518 9A5D/P        599 0187 EU-016 DJ2IA         599 0054 ------ 0
QSO: 21014 CW 2026-07-25 1519 9A5D/P        599 0189 EU-016 UR5LRA        599 0024 ------ 0
QSO: 28026 CW 2026-07-25 1519 9A5D/P        599 0182 EU-016 EF8BBM        599 0144 AF-004 1
QSO: 21014 CW 2026-07-25 1520 9A5D/P        599 0191 EU-016 DL7ALM        599 0015 ------ 0
QSO: 21014 CW 2026-07-25 1520 9A5D/P        599 0193 EU-016 DL7URH        599 0018 ------ 0
QSO: 21014 CW 2026-07-25 1521 9A5D/P        599 0195 EU-016 YQ9Y          599 0032 ------ 0
QSO: 21014 CW 2026-07-25 1521 9A5D/P        599 0197 EU-016 K6NA          599 0043 ------ 0
QSO: 21014 CW 2026-07-25 1522 9A5D/P        599 0199 EU-016 SN4K          599 0042 ------ 0
QSO: 21014 CW 2026-07-25 1523 9A5D/P        599 0521 EU-016 IK2ULV        599 0040 ------ 0
QSO: 21014 CW 2026-07-25 1523 9A5D/P        599 0523 EU-016 G3SWH         599 0117 EU-005 0
QSO: 21014 CW 2026-07-25 1524 9A5D/P        599 0525 EU-016 PE1RDP        599 0006 ------ 0
QSO: 28436 PH 2026-07-25 1524 9A5D/P        59  0184 EU-016 PA2G          59  0257 EU-146 1
QSO: 21014 CW 2026-07-25 1524 9A5D/P        599 0527 EU-016 LA3BO         599 0118 ------ 0
QSO: 21014 CW 2026-07-25 1525 9A5D/P        599 0529 EU-016 DM5DX         599 0071 ------ 0
QSO: 28011 CW 2026-07-25 1525 9A5D/P        599 0186 EU-016 PC38EU        599 0239 EU-038 1
QSO: 21014 CW 2026-07-25 1525 9A5D/P        599 0531 EU-016 DK8ZZ         599 0072 ------ 0
QSO: 21014 CW 2026-07-25 1526 9A5D/P        599 0533 EU-016 KS1J          599 0034 ------ 0
QSO: 28017 CW 2026-07-25 1526 9A5D/P        599 0188 EU-016 OV7X          599 0154 EU-172 1
QSO: 21014 CW 2026-07-25 1526 9A5D/P        599 0535 EU-016 SM7PKK        599 0054 ------ 0
QSO: 21014 CW 2026-07-25 1527 9A5D/P        599 0537 EU-016 W6YA          599 0043 ------ 0
QSO: 21014 CW 2026-07-25 1527 9A5D/P        599 0539 EU-016 YO3XX         599 0137 ------ 0
QSO: 21014 CW 2026-07-25 1528 9A5D/P        599 0541 EU-016 UR7LK         599 0031 ------ 0
QSO: 14002 CW 2026-07-25 1528 9A5D/P        599 0190 EU-016 SD1A          599 0285 EU-020 1
QSO: 21014 CW 2026-07-25 1528 9A5D/P        599 0543 EU-016 G7D           599 0025 EU-005 0
QSO: 21014 CW 2026-07-25 1529 9A5D/P        599 0545 EU-016 DL8UKW        599 0013 ------ 0
QSO: 14038 CW 2026-07-25 1529 9A5D/P        599 0192 EU-016 OY1CT         599 0370 EU-018 1
QSO: 21014 CW 2026-07-25 1529 9A5D/P        599 0547 EU-016 DL1DTL        599 0076 ------ 0
QSO: 14047 CW 2026-07-25 1530 9A5D/P        599 0194 EU-016 JA6GCE        599 0230 AS-077 1
QSO: 21014 CW 2026-07-25 1530 9A5D/P        599 0549 EU-016 DM3ZF         599 0021 ------ 0
QSO: 21014 CW 2026-07-25 1531 9A5D/P        599 0551 EU-016 DH1TST        599 0016 ------ 0
QSO: 14051 CW 2026-07-25 1531 9A5D/P        599 0196 EU-016 II3Y          599 0360 EU-130 1
QSO: 21014 CW 2026-07-25 1531 9A5D/P        599 0553 EU-016 DJ3RA         599 0013 ------ 0
QSO: 21014 CW 2026-07-25 1532 9A5D/P        599 0555 EU-016 SM5FUG        599 0025 ------ 0
QSO: 21014 CW 2026-07-25 1532 9A5D/P        599 0557 EU-016 HB9BAS        599 0016 ------ 0
QSO: 28440 PH 2026-07-25 1533 9A5D/P        59  0198 EU-016 9A1V          59  0154 EU-016 1
QSO: 21014 CW 2026-07-25 1533 9A5D/P        599 0559 EU-016 JN1THL        599 0015 AS-007 0
QSO: 21014 CW 2026-07-25 1533 9A5D/P        599 0561 EU-016 DK5OPA        599 0007 ------ 0
QSO: 14036 CW 2026-07-25 1534 9A5D/P        599 0200 EU-016 CT3KN         599 0369 AF-014 1
QSO: 21014 CW 2026-07-25 1534 9A5D/P        599 0563 EU-016 SV8/SV1SYM    599 0006 EU-113 0
QSO: 14033 CW 2026-07-25 1535 9A5D/P        599 0202 EU-016 9A8DV         599 0441 EU-016 1
QSO: 28044 CW 2026-07-25 1536 9A5D/P        599 0565 EU-016 DJ2IA         599 0061 ------ 0
QSO: 28044 CW 2026-07-25 1537 9A5D/P        599 0567 EU-016 G3YMC         599 0064 EU-005 0
QSO: 28044 CW 2026-07-25 1537 9A5D/P        599 0569 EU-016 G3SWH         599 0122 EU-005 0
QSO: 28044 CW 2026-07-25 1537 9A5D/P        599 0571 EU-016 VE2FX         599 0102 ------ 0
QSO: 14165 PH 2026-07-25 1538 9A5D/P        59  0204 EU-016 GM2T          59  0752 EU-008 1
QSO: 28044 CW 2026-07-25 1538 9A5D/P        599 0573 EU-016 F4FUL         599 0002 ------ 0
QSO: 28044 CW 2026-07-25 1538 9A5D/P        599 0575 EU-016 DJ2TG         599 0076 ------ 0
QSO: 14171 PH 2026-07-25 1538 9A5D/P        59  0206 EU-016 G5XV          59  0407 EU-120 1
QSO: 28044 CW 2026-07-25 1538 9A5D/P        599 0577 EU-016 DL7SX         599 0044 ------ 0
QSO: 28044 CW 2026-07-25 1539 9A5D/P        599 0579 EU-016 F8CRS         599 0130 ------ 0
QSO: 28044 CW 2026-07-25 1540 9A5D/P        599 0581 EU-016 KS1J          599 0039 ------ 0
QSO: 14234 PH 2026-07-25 1540 9A5D/P        59  0208 EU-016 IT9BCC        59  0092 EU-025 1
QSO: 28044 CW 2026-07-25 1541 9A5D/P        599 0583 EU-016 HB9AMO        599 0070 ------ 0
QSO: 14210 PH 2026-07-25 1541 9A5D/P        59  0210 EU-016 JA8COE        59  0167 AS-078 1
QSO: 28044 CW 2026-07-25 1541 9A5D/P        599 0585 EU-016 EA7Q          599 0047 ------ 0
QSO: 14200 PH 2026-07-25 1542 9A5D/P        59  0212 EU-016 IO3M          59  0460 EU-131 1
QSO: 28044 CW 2026-07-25 1543 9A5D/P        599 0587 EU-016 DN9WBG        599 0018 ------ 0
QSO: 28044 CW 2026-07-25 1543 9A5D/P        599 0589 EU-016 OZ3TQ         599 0002 EU-172 0
QSO: 28044 CW 2026-07-25 1545 9A5D/P        599 0591 EU-016 G3BOY         599 0161 EU-005 0
QSO: 14024 CW 2026-07-25 1546 9A5D/P        599 0214 EU-016 IF9/IT9PPG    599 0078 EU-054 1
QSO: 28044 CW 2026-07-25 1547 9A5D/P        599 0593 EU-016 G7M           599 0211 EU-005 0
QSO: 28044 CW 2026-07-25 1548 9A5D/P        599 0595 EU-016 UW7EF         599 0041 ------ 0
QSO: 28044 CW 2026-07-25 1549 9A5D/P        599 0597 EU-016 PA2G          599 0278 EU-146 0
QSO: 28044 CW 2026-07-25 1549 9A5D/P        599 0599 EU-016 DJ2YA         599 0046 ------ 0
QSO: 21029 CW 2026-07-25 1550 9A5D/P        599 0216 EU-016 GM7V          599 0889 EU-010 1
QSO: 28044 CW 2026-07-25 1550 9A5D/P        599 0601 EU-016 HA8JV         599 0159 ------ 0
QSO: 14016 CW 2026-07-25 1550 9A5D/P        599 0218 EU-016 YB1CDA        599 0059 OC-021 1
QSO: 28044 CW 2026-07-25 1550 9A5D/P        599 0603 EU-016 PE1RDP        599 0017 ------ 0
QSO: 28044 CW 2026-07-25 1551 9A5D/P        599 0605 EU-016 DL7YS         599 0012 ------ 0
QSO: 28044 CW 2026-07-25 1551 9A5D/P        599 0607 EU-016 DF8V          599 0011 ------ 0
QSO: 28044 CW 2026-07-25 1551 9A5D/P        599 0609 EU-016 M8M           599 0035 EU-005 0
QSO: 21247 PH 2026-07-25 1552 9A5D/P        59  0220 EU-016 PC38EU        59  0272 EU-038 1
QSO: 14027 CW 2026-07-25 1552 9A5D/P        599 0222 EU-016 BD7YK         599 0168 AS-094 1
QSO: 28044 CW 2026-07-25 1552 9A5D/P        599 0611 EU-016 9A6A          599 0356 EU-016 0
QSO: 21020 CW 2026-07-25 1553 9A5D/P        599 0224 EU-016 DK1A          599 0370 EU-129 1
QSO: 28044 CW 2026-07-25 1553 9A5D/P        599 0613 EU-016 C4E           599 0324 AS-004 0
QSO: 28044 CW 2026-07-25 1554 9A5D/P        599 0615 EU-016 EI7M          599 1185 EU-115 0
QSO: 21287 PH 2026-07-25 1554 9A5D/P        59  0226 EU-016 DF0TX/P       59  0169 EU-127 1
QSO: 28044 CW 2026-07-25 1555 9A5D/P        599 0617 EU-016 9A/OM6NM      599 0323 EU-136 0
QSO: 21251 PH 2026-07-25 1555 9A5D/P        59  0228 EU-016 PE146U        59  0269 EU-146 1
QSO: 28044 CW 2026-07-25 1555 9A5D/P        599 0619 EU-016 PA0M          599 0035 ------ 0
QSO: 28044 CW 2026-07-25 1556 9A5D/P        599 0621 EU-016 PY1VOY        599 0014 ------ 0
QSO: 28044 CW 2026-07-25 1556 9A5D/P        599 0623 EU-016 M5M           599 0051 EU-005 0
QSO: 28044 CW 2026-07-25 1557 9A5D/P        599 0625 EU-016 MU5E          599 0227 EU-114 0
QSO: 28044 CW 2026-07-25 1557 9A5D/P        599 0627 EU-016 DL6KVA        599 0195 ------ 0
QSO: 28044 CW 2026-07-25 1558 9A5D/P        599 0629 EU-016 OK1FMJ        599 0025 ------ 0
QSO: 21019 CW 2026-07-25 1559 9A5D/P        599 0230 EU-016 EA6EJ         599 0057 EU-004 1
QSO: 28044 CW 2026-07-25 1559 9A5D/P        599 0631 EU-016 LU1HLH        599 0030 ------ 0
QSO: 28044 CW 2026-07-25 1559 9A5D/P        599 0633 EU-016 PC4E          599 0063 ------ 0
QSO: 14185 PH 2026-07-25 1600 9A5D/P        59  0232 EU-016 OY/G3WVG      59  0349 EU-018 1
QSO: 28044 CW 2026-07-25 1600 9A5D/P        599 0635 EU-016 UT4EK         599 0038 ------ 0
QSO: 28044 CW 2026-07-25 1600 9A5D/P        599 0637 EU-016 FY5KE         599 0193 ------ 0
QSO: 28038 CW 2026-07-25 1603 9A5D/P        599 0234 EU-016 ZD7BG         599 0002 AF-022 1
QSO: 21267 PH 2026-07-25 1603 9A5D/P        59  0639 EU-016 DB1BAC/P      59  0006 EU-047 0
QSO: 21267 PH 2026-07-25 1603 9A5D/P        59  0641 EU-016 UZ7C          59  0263 ------ 0
QSO: 21267 PH 2026-07-25 1604 9A5D/P        59  0643 EU-016 N5HC          59  0025 ------ 0
QSO: 21267 PH 2026-07-25 1604 9A5D/P        59  0645 EU-016 EE5SP         59  0022 ------ 0
QSO: 21267 PH 2026-07-25 1605 9A5D/P        59  0647 EU-016 G7M           59  0218 EU-005 0
QSO: 21267 PH 2026-07-25 1605 9A5D/P        59  0649 EU-016 TK5K          59  0670 EU-014 0
QSO: 21267 PH 2026-07-25 1605 9A5D/P        59  0651 EU-016 OZ/DG2ZJ      59  0025 ------ 0
QSO: 28019 CW 2026-07-25 1605 9A5D/P        599 0236 EU-016 GJ2A          599 0137 EU-013 1
QSO: 21267 PH 2026-07-25 1606 9A5D/P        59  0653 EU-016 OE1KSG        59  0007 ------ 0
QSO: 14004 CW 2026-07-25 1606 9A5D/P        599 0238 EU-016 V85NPV        599 0072 OC-088 1
QSO: 21267 PH 2026-07-25 1606 9A5D/P        59  0655 EU-016 DA1DX         59  0260 ------ 0
QSO: 28029 CW 2026-07-25 1606 9A5D/P        599 0240 EU-016 AG2J          599 0130 NA-111 1
QSO: 21267 PH 2026-07-25 1607 9A5D/P        59  0657 EU-016 OT6V          59  0059 ------ 0
QSO: 21267 PH 2026-07-25 1608 9A5D/P        59  0659 EU-016 N2NVH         59  0008 ------ 0
QSO: 21267 PH 2026-07-25 1608 9A5D/P        59  0661 EU-016 GM4AGG/P      59  0222 EU-123 0
QSO: 14025 CW 2026-07-25 1609 9A5D/P        599 0242 EU-016 E2X           599 0080 AS-125 1
QSO: 21267 PH 2026-07-25 1609 9A5D/P        59  0663 EU-016 IW0HLZ        59  0065 ------ 0
QSO: 21267 PH 2026-07-25 1609 9A5D/P        59  0665 EU-016 IZ2WFL        59  0062 ------ 0
QSO: 21267 PH 2026-07-25 1610 9A5D/P        59  0667 EU-016 IS0/IK5EKB    59  0033 EU-024 0
QSO: 21267 PH 2026-07-25 1610 9A5D/P        59  0669 EU-016 OK1TA         59  0124 ------ 0
QSO: 28406 PH 2026-07-25 1611 9A5D/P        59  0244 EU-016 EI7M          59  1250 EU-115 1
QSO: 21267 PH 2026-07-25 1611 9A5D/P        59  0671 EU-016 ES3YJ         59  0008 ------ 0
QSO: 21267 PH 2026-07-25 1612 9A5D/P        59  0673 EU-016 F4LJF         59  0159 ------ 0
QSO: 14038 CW 2026-07-25 1612 9A5D/P        599 0246 EU-016 IT9LKX        599 0016 EU-025 1
QSO: 21267 PH 2026-07-25 1612 9A5D/P        59  0675 EU-016 DK8ZZ         59  0129 ------ 0
QSO: 28007 CW 2026-07-25 1612 9A5D/P        599 0248 EU-016 TK5K          599 0429 EU-014 1
QSO: 21267 PH 2026-07-25 1612 9A5D/P        59  0677 EU-016 I2XYI         59  0004 ------ 0
QSO: 21267 PH 2026-07-25 1613 9A5D/P        59  0679 EU-016 DO9CZ         59  0011 ------ 0
QSO: 14005 CW 2026-07-25 1613 9A5D/P        599 0250 EU-016 IS0ZOD        599 0493 EU-024 1
QSO: 21267 PH 2026-07-25 1614 9A5D/P        59  0681 EU-016 GW0ARK        59  0003 EU-005 0
QSO: 21267 PH 2026-07-25 1616 9A5D/P        59  0683 EU-016 G6ANT/P       59  0239 EU-130 0
QSO: 21267 PH 2026-07-25 1617 9A5D/P        59  0685 EU-016 F4ICE         59  0011 ------ 0
QSO: 21267 PH 2026-07-25 1617 9A5D/P        59  0687 EU-016 M1T           59  0138 EU-005 0
QSO: 21267 PH 2026-07-25 1618 9A5D/P        59  0689 EU-016 M1N           59  0189 EU-005 0
QSO: 21267 PH 2026-07-25 1619 9A5D/P        59  0691 EU-016 DO1GMW        59  0216 ------ 0
QSO: 14029 CW 2026-07-25 1619 9A5D/P        599 0252 EU-016 IT9BLB/IH9    599 0188 AF-018 1
QSO: 21267 PH 2026-07-25 1620 9A5D/P        59  0693 EU-016 DJ3GE         59  0056 ------ 0
QSO: 14046 CW 2026-07-25 1620 9A5D/P        599 0254 EU-016 DF1LON/P      599 0026 EU-047 1
QSO: 21267 PH 2026-07-25 1621 9A5D/P        59  0695 EU-016 IR5GO         59  0129 EU-028 0
QSO: 21267 PH 2026-07-25 1622 9A5D/P        59  0697 EU-016 II1D/IS0      59  0139 EU-024 0
QSO: 21267 PH 2026-07-25 1622 9A5D/P        59  0699 EU-016 PA2WO         59  0008 ------ 0
QSO: 21267 PH 2026-07-25 1623 9A5D/P        59  0701 EU-016 DK0MGF        59  0013 ------ 0
QSO: 14036 CW 2026-07-25 1623 9A5D/P        599 0256 EU-016 BY7KP         599 0061 AS-131 1
QSO: 21267 PH 2026-07-25 1623 9A5D/P        59  0703 EU-016 M6N           59  0399 EU-005 0
QSO: 21267 PH 2026-07-25 1624 9A5D/P        59  0705 EU-016 G4AAV         59  0113 EU-005 0
QSO: 21267 PH 2026-07-25 1624 9A5D/P        59  0707 EU-016 ON7QQ         59  0004 ------ 0
QSO: 21267 PH 2026-07-25 1625 9A5D/P        59  0709 EU-016 OH8DIT        59  0036 ------ 0
QSO: 14027 CW 2026-07-25 1625 9A5D/P        599 0258 EU-016 IO3M          599 0602 EU-131 1
QSO: 28021 CW 2026-07-25 1625 9A5D/P        599 0260 EU-016 IS0ZOD        599 0526 EU-024 1
QSO: 21267 PH 2026-07-25 1625 9A5D/P        59  0711 EU-016 G7VGJ         59  0442 EU-005 0
QSO: 21267 PH 2026-07-25 1626 9A5D/P        59  0713 EU-016 DO1DNI/P      59  0005 ------ 0
QSO: 21267 PH 2026-07-25 1626 9A5D/P        59  0715 EU-016 OG6N          59  0182 ------ 0
QSO: 21267 PH 2026-07-25 1626 9A5D/P        59  0717 EU-016 GM1J          59  0245 EU-092 0
QSO: 14031 CW 2026-07-25 1627 9A5D/P        599 0262 EU-016 PC38EU        599 0340 EU-038 1
QSO: 21267 PH 2026-07-25 1627 9A5D/P        59  0719 EU-016 SE4E          59  0163 ------ 0
QSO: 14205 PH 2026-07-25 1629 9A5D/P        59  0264 EU-016 IG9ITO        59  0136 AF-019 1
QSO: 21267 PH 2026-07-25 1629 9A5D/P        59  0721 EU-016 DL7CHR        59  0027 ------ 0
QSO: 21267 PH 2026-07-25 1629 9A5D/P        59  0723 EU-016 PA6AA         59  0089 ------ 0
QSO: 21267 PH 2026-07-25 1630 9A5D/P        59  0725 EU-016 ON3GEO        59  0021 ------ 0
QSO: 14209 PH 2026-07-25 1631 9A5D/P        59  0266 EU-016 CU2YK         59  0214 EU-003 1
QSO: 21267 PH 2026-07-25 1631 9A5D/P        59  0727 EU-016 OZ/K3ZJ       59  0125 EU-172 0
QSO: 14240 PH 2026-07-25 1632 9A5D/P        59  0268 EU-016 EJ9MV         59  0389 EU-121 1
QSO: 21267 PH 2026-07-25 1632 9A5D/P        59  0729 EU-016 G2AA          59  0133 EU-005 0
QSO: 21267 PH 2026-07-25 1633 9A5D/P        59  0731 EU-016 DA6JH         59  0102 ------ 0
QSO: 21267 PH 2026-07-25 1634 9A5D/P        59  0733 EU-016 PE0CDN        59  0015 ------ 0
QSO: 21267 PH 2026-07-25 1634 9A5D/P        59  0735 EU-016 G4DRS         59  0089 EU-005 0
QSO: 21267 PH 2026-07-25 1635 9A5D/P        59  0737 EU-016 DO1NM         59  0016 ------ 0
QSO: 21267 PH 2026-07-25 1635 9A5D/P        59  0739 EU-016 F5PAL         59  0126 ------ 0
QSO: 21267 PH 2026-07-25 1636 9A5D/P        59  0741 EU-016 SE5E          59  0318 ------ 0
QSO: 21267 PH 2026-07-25 1636 9A5D/P        59  0743 EU-016 IK3ZIF        59  0053 ------ 0
QSO: 21267 PH 2026-07-25 1636 9A5D/P        59  0745 EU-016 DL6KWN        59  0078 ------ 0
QSO: 21267 PH 2026-07-25 1637 9A5D/P        59  0747 EU-016 DL8UV         59  0014 ------ 0
QSO: 21267 PH 2026-07-25 1637 9A5D/P        59  0749 EU-016 EA4AOC        59  0106 ------ 0
QSO: 21267 PH 2026-07-25 1638 9A5D/P        59  0751 EU-016 N8II          59  0104 ------ 0
QSO: 21267 PH 2026-07-25 1638 9A5D/P        59  0753 EU-016 2E1DF         59  0010 EU-005 0
QSO: 21267 PH 2026-07-25 1638 9A5D/P        59  0755 EU-016 PC2F          59  0041 ------ 0
QSO: 21267 PH 2026-07-25 1639 9A5D/P        59  0757 EU-016 PI4DX         59  0254 ------ 0
QSO: 21267 PH 2026-07-25 1639 9A5D/P        59  0759 EU-016 G0WCW         59  0030 EU-005 0
QSO: 21267 PH 2026-07-25 1639 9A5D/P        59  0761 EU-016 SP2TQQ        59  0002 ------ 0
QSO: 21267 PH 2026-07-25 1640 9A5D/P        59  0763 EU-016 MX0MXO/P      59  0505 EU-005 0
QSO: 21267 PH 2026-07-25 1640 9A5D/P        59  0765 EU-016 DO3TX         59  0064 ------ 0
QSO: 21267 PH 2026-07-25 1641 9A5D/P        59  0767 EU-016 G5TM          59  0135 EU-005 0
QSO: 14024 CW 2026-07-25 1641 9A5D/P        599 0270 EU-016 EA6NB         599 0097 EU-004 1
QSO: 21267 PH 2026-07-25 1641 9A5D/P        59  0769 EU-016 HB9CYN        59  0023 ------ 0
QSO: 28488 PH 2026-07-25 1641 9A5D/P        59  0272 EU-016 MD7C          59  0592 EU-116 1
QSO: 21267 PH 2026-07-25 1642 9A5D/P        59  0771 EU-016 DL9DX         59  0017 ------ 0
QSO: 21267 PH 2026-07-25 1642 9A5D/P        59  0773 EU-016 OZ4GM         59  0079 EU-030 0
QSO: 21267 PH 2026-07-25 1642 9A5D/P        59  0775 EU-016 IZ1XEE        59  0012 ------ 0
QSO: 21267 PH 2026-07-25 1643 9A5D/P        59  0777 EU-016 DL1CC         59  0015 ------ 0
QSO: 14035 CW 2026-07-25 1643 9A5D/P        599 0274 EU-016 SM/OV2E       599 0122 EU-138 1
QSO: 21267 PH 2026-07-25 1643 9A5D/P        59  0779 EU-016 ES2UN         59  0171 EU-149 0
QSO: 28015 CW 2026-07-25 1644 9A5D/P        599 0276 EU-016 IG9/IK8PGM    599 0236 AF-019 1
QSO: 21267 PH 2026-07-25 1644 9A5D/P        59  0781 EU-016 M0MCV         59  0035 EU-005 0
QSO: 21267 PH 2026-07-25 1645 9A5D/P        59  0783 EU-016 SP7RON        59  0038 ------ 0
QSO: 21267 PH 2026-07-25 1645 9A5D/P        59  0785 EU-016 EW1AGD        59  0022 ------ 0
QSO: 21267 PH 2026-07-25 1646 9A5D/P        59  0787 EU-016 G4AFA         59  0025 EU-005 0
QSO: 21267 PH 2026-07-25 1646 9A5D/P        59  0789 EU-016 2E0YEH        59  0173 EU-005 0
QSO:  7016 CW 2026-07-25 1647 9A5D/P        599 0278 EU-016 II3Y          599 0549 EU-130 1
QSO: 21267 PH 2026-07-25 1647 9A5D/P        59  0791 EU-016 F4WJW         59  0038 ------ 0
QSO: 21267 PH 2026-07-25 1647 9A5D/P        59  0793 EU-016 DJ5JE         59  0015 ------ 0
QSO:  7007 CW 2026-07-25 1648 9A5D/P        599 0280 EU-016 PA/DL1KVN/P   599 0103 EU-038 1
QSO: 21267 PH 2026-07-25 1648 9A5D/P        59  0795 EU-016 DL4DBV        59  0005 ------ 0
QSO: 21267 PH 2026-07-25 1648 9A5D/P        59  0797 EU-016 K9OM          59  0240 ------ 0
QSO: 21267 PH 2026-07-25 1649 9A5D/P        59  0799 EU-016 ON3TDZ        59  0004 ------ 0
QSO: 14054 CW 2026-07-25 1649 9A5D/P        599 0282 EU-016 9V1DX         599 0005 AS-019 1
QSO:  7147 PH 2026-07-25 1649 9A5D/P        59  0284 EU-016 SX5P          59  0068 EU-001 1
QSO: 21267 PH 2026-07-25 1650 9A5D/P        59  0801 EU-016 DG6OAG        59  0066 ------ 0
QSO: 21267 PH 2026-07-25 1651 9A5D/P        59  0803 EU-016 PA4GDR        59  0035 ------ 0
QSO: 21033 CW 2026-07-25 1653 9A5D/P        599 0805 EU-016 KS7T          599 0015 ------ 0
QSO: 21033 CW 2026-07-25 1654 9A5D/P        599 0807 EU-016 SN5J          599 0035 ------ 0
QSO: 21033 CW 2026-07-25 1654 9A5D/P        599 0809 EU-016 VE7ZO         599 0056 NA-036 0
QSO: 21033 CW 2026-07-25 1655 9A5D/P        599 0811 EU-016 HG8W          599 0107 ------ 0
QSO: 21033 CW 2026-07-25 1655 9A5D/P        599 0813 EU-016 OG3B          599 0415 ------ 0
QSO: 14267 PH 2026-07-25 1656 9A5D/P        59  0286 EU-016 IS0IYX        59  0326 EU-024 1
QSO: 21033 CW 2026-07-25 1656 9A5D/P        599 0815 EU-016 WA3KCP        599 0034 ------ 0
QSO: 21033 CW 2026-07-25 1657 9A5D/P        599 0817 EU-016 ON6AB         599 0006 ------ 0
QSO: 14032 CW 2026-07-25 1657 9A5D/P        599 0288 EU-016 EF8BBM        599 0230 AF-004 1
QSO: 21033 CW 2026-07-25 1657 9A5D/P        599 0819 EU-016 DJ3DQ         599 0021 ------ 0
QSO: 21033 CW 2026-07-25 1658 9A5D/P        599 0821 EU-016 G4NKJ         599 0056 EU-005 0
QSO: 14030 CW 2026-07-25 1658 9A5D/P        599 0290 EU-016 N2GC          599 0155 NA-026 1
QSO: 21033 CW 2026-07-25 1659 9A5D/P        599 0823 EU-016 G4DBW         599 0199 EU-005 0
QSO: 21033 CW 2026-07-25 1659 9A5D/P        599 0825 EU-016 DL4YR         599 0030 ------ 0
QSO: 21033 CW 2026-07-25 1700 9A5D/P        599 0827 EU-016 SF1Z          599 0210 EU-020 0
QSO: 21033 CW 2026-07-25 1701 9A5D/P        599 0829 EU-016 JA4GXS        599 0017 AS-007 0
QSO: 14017 CW 2026-07-25 1701 9A5D/P        599 0292 EU-016 WH7T          599 0009 OC-019 1
QSO: 21033 CW 2026-07-25 1701 9A5D/P        599 0831 EU-016 YT4L          599 0238 ------ 0
QSO: 21033 CW 2026-07-25 1702 9A5D/P        599 0833 EU-016 US7IM         599 0079 ------ 0
QSO: 21033 CW 2026-07-25 1702 9A5D/P        599 0835 EU-016 OK6OK         599 0028 ------ 0
QSO: 21033 CW 2026-07-25 1703 9A5D/P        599 0837 EU-016 OG5O          599 0077 ------ 0
QSO: 21033 CW 2026-07-25 1703 9A5D/P        599 0839 EU-016 YL7X          599 0252 ------ 0
QSO: 21033 CW 2026-07-25 1704 9A5D/P        599 0841 EU-016 PC2F          599 0049 ------ 0
QSO: 14043 CW 2026-07-25 1704 9A5D/P        599 0294 EU-016 9A/OM6NM      599 0396 EU-136 1
QSO: 21033 CW 2026-07-25 1704 9A5D/P        599 0843 EU-016 DA1DX         599 0312 ------ 0
QSO: 21033 CW 2026-07-25 1705 9A5D/P        599 0845 EU-016 EA5OH         599 0033 ------ 0
QSO: 14042 CW 2026-07-25 1705 9A5D/P        599 0296 EU-016 CQ7OTA        599 0310 EU-145 1
QSO: 21033 CW 2026-07-25 1705 9A5D/P        599 0847 EU-016 OK1ZHS        599 0006 ------ 0
QSO: 21033 CW 2026-07-25 1706 9A5D/P        599 0849 EU-016 W3RJ          599 0060 ------ 0
QSO: 21033 CW 2026-07-25 1706 9A5D/P        599 0851 EU-016 RG5A          599 0039 ------ 0
QSO: 21033 CW 2026-07-25 1707 9A5D/P        599 0853 EU-016 VE2FXL        599 0155 ------ 0
QSO: 21033 CW 2026-07-25 1708 9A5D/P        599 0855 EU-016 SM7T          599 0263 ------ 0
QSO: 14008 CW 2026-07-25 1709 9A5D/P        599 0298 EU-016 BP0P          599 0206 AS-020 1
QSO: 21033 CW 2026-07-25 1709 9A5D/P        599 0857 EU-016 OK1LV         599 0090 ------ 0
QSO: 21033 CW 2026-07-25 1710 9A5D/P        599 0859 EU-016 N5RZ          599 0022 ------ 0
QSO: 21033 CW 2026-07-25 1710 9A5D/P        599 0861 EU-016 UT8AS         599 0091 ------ 0
QSO: 21033 CW 2026-07-25 1710 9A5D/P        599 0863 EU-016 IZ2ABZ        599 0068 ------ 0
QSO: 28515 PH 2026-07-25 1711 9A5D/P        59  0300 EU-016 2E0YEH        59  0204 EU-005 1
QSO: 21033 CW 2026-07-25 1711 9A5D/P        599 0865 EU-016 JO7KMB        599 0034 AS-007 0
QSO: 21033 CW 2026-07-25 1712 9A5D/P        599 0867 EU-016 OL0W          599 0113 ------ 0
QSO: 21033 CW 2026-07-25 1712 9A5D/P        599 0869 EU-016 DL6KVA        599 0253 ------ 0
QSO: 21033 CW 2026-07-25 1712 9A5D/P        599 0871 EU-016 UT7ZM         599 0033 ------ 0
QSO: 21033 CW 2026-07-25 1713 9A5D/P        599 0873 EU-016 DL1JDQ        599 0004 ------ 0
QSO: 21033 CW 2026-07-25 1714 9A5D/P        599 0875 EU-016 N6AR          599 0145 ------ 0
QSO: 21033 CW 2026-07-25 1714 9A5D/P        599 0877 EU-016 4Z4DX         599 0066 ------ 0
QSO: 21033 CW 2026-07-25 1715 9A5D/P        599 0879 EU-016 HB9AMO        599 0131 ------ 0
QSO: 28041 CW 2026-07-25 1718 9A5D/P        599 0302 EU-016 PY2UDB        599 0019 SA-024 1
QSO: 21033 CW 2026-07-25 1719 9A5D/P        599 0881 EU-016 N9UA          599 0025 ------ 0
QSO: 14251 PH 2026-07-25 1720 9A5D/P        59  0304 EU-016 CR3W          59  0966 AF-014 1
QSO: 21033 CW 2026-07-25 1720 9A5D/P        599 0883 EU-016 HA8JV         599 0237 ------ 0
QSO: 21033 CW 2026-07-25 1720 9A5D/P        599 0885 EU-016 SD6M          599 0020 ------ 0
QSO: 21033 CW 2026-07-25 1721 9A5D/P        599 0887 EU-016 WA7AA         599 0134 ------ 0
QSO: 21033 CW 2026-07-25 1721 9A5D/P        599 0889 EU-016 OK1GI         599 0060 ------ 0
QSO: 14016 CW 2026-07-25 1722 9A5D/P        599 0306 EU-016 GM7V          599 0990 EU-010 1
QSO: 21033 CW 2026-07-25 1723 9A5D/P        599 0891 EU-016 SM/DL8XAB     599 0109 ------ 0
QSO: 21033 CW 2026-07-25 1723 9A5D/P        599 0893 EU-016 UW3WF         599 0047 ------ 0
QSO: 21033 CW 2026-07-25 1724 9A5D/P        599 0895 EU-016 SP4AWE        599 0005 ------ 0
QSO: 21033 CW 2026-07-25 1724 9A5D/P        599 0897 EU-016 SE6K          599 0023 ------ 0
QSO: 21033 CW 2026-07-25 1725 9A5D/P        599 0899 EU-016 ON7IO         599 0023 ------ 0
QSO: 14026 CW 2026-07-25 1726 9A5D/P        599 0308 EU-016 BY4JN         599 0120 AS-150 1
QSO: 21033 CW 2026-07-25 1726 9A5D/P        599 0901 EU-016 NW7M          599 0058 ------ 0
QSO: 21033 CW 2026-07-25 1726 9A5D/P        599 0903 EU-016 PA0JNH        599 0073 ------ 0
QSO: 21033 CW 2026-07-25 1727 9A5D/P        599 0905 EU-016 OZ1KZX        599 0023 EU-171 0
QSO: 21033 CW 2026-07-25 1727 9A5D/P        599 0907 EU-016 OH3GGQ        599 0126 ------ 0
QSO: 21033 CW 2026-07-25 1728 9A5D/P        599 0909 EU-016 F8GGV         599 0014 ------ 0
QSO: 14039 CW 2026-07-25 1728 9A5D/P        599 0310 EU-016 GM4AGG/P      599 0273 EU-123 1
QSO: 21033 CW 2026-07-25 1728 9A5D/P        599 0911 EU-016 F5KKD         599 0012 ------ 0
QSO: 21033 CW 2026-07-25 1729 9A5D/P        599 0913 EU-016 YL3FW         599 0004 ------ 0
QSO: 14201 PH 2026-07-25 1729 9A5D/P        59  0312 EU-016 OZ/K3ZJ       59  0012 EU-172 1
QSO: 21033 CW 2026-07-25 1729 9A5D/P        599 0915 EU-016 KA1R          599 0039 ------ 0
QSO: 21033 CW 2026-07-25 1730 9A5D/P        599 0917 EU-016 UY5LW         599 0003 ------ 0
QSO: 21033 CW 2026-07-25 1730 9A5D/P        599 0919 EU-016 DM7AF         599 0042 ------ 0
QSO: 14273 PH 2026-07-25 1730 9A5D/P        59  0314 EU-016 II3Y          59  0662 EU-130 1
QSO: 21033 CW 2026-07-25 1731 9A5D/P        599 0921 EU-016 N4YDU         599 0020 ------ 0
QSO: 21033 CW 2026-07-25 1732 9A5D/P        599 0923 EU-016 9A1AA         599 0267 ------ 0
QSO: 14276 PH 2026-07-25 1733 9A5D/P        59  0316 EU-016 JJ0PKS        59  0033 AS-007 1
QSO: 21033 CW 2026-07-25 1733 9A5D/P        599 0925 EU-016 VY2OX         599 0020 NA-029 0
QSO: 21033 CW 2026-07-25 1733 9A5D/P        599 0927 EU-016 DF4TD         599 0032 ------ 0
QSO: 21033 CW 2026-07-25 1733 9A5D/P        599 0929 EU-016 DL8MBS        599 0055 ------ 0
QSO: 14195 PH 2026-07-25 1734 9A5D/P        59  0318 EU-016 IP1X          59  0731 EU-083 1
QSO: 21033 CW 2026-07-25 1734 9A5D/P        599 0931 EU-016 K6AR          599 0009 ------ 0
QSO: 21033 CW 2026-07-25 1735 9A5D/P        599 0933 EU-016 DJ4WT         599 0097 ------ 0
QSO: 21033 CW 2026-07-25 1735 9A5D/P        599 0935 EU-016 OL3M          599 0061 ------ 0
QSO: 21033 CW 2026-07-25 1736 9A5D/P        599 0937 EU-016 PA2IP         599 0044 ------ 0
QSO: 21033 CW 2026-07-25 1737 9A5D/P        599 0939 EU-016 PA3GCU        599 0019 ------ 0
QSO: 21033 CW 2026-07-25 1737 9A5D/P        599 0941 EU-016 KN9K          599 0007 ------ 0
QSO: 21033 CW 2026-07-25 1737 9A5D/P        599 0943 EU-016 ON4CAU        599 0045 ------ 0
QSO: 21033 CW 2026-07-25 1738 9A5D/P        599 0945 EU-016 DK8NT         599 0160 ------ 0
QSO: 21033 CW 2026-07-25 1738 9A5D/P        599 0947 EU-016 SQ5EF         599 0069 ------ 0
QSO: 21033 CW 2026-07-25 1739 9A5D/P        599 0949 EU-016 G4IRN         599 0437 EU-005 0
QSO: 21033 CW 2026-07-25 1739 9A5D/P        599 0951 EU-016 DL2LQC        599 0034 ------ 0
QSO: 21019 CW 2026-07-25 1740 9A5D/P        599 0953 EU-016 PP5ARF        599 0035 SA-026 0
QSO: 21033 CW 2026-07-25 1740 9A5D/P        599 0955 EU-016 PA7KY         599 0063 ------ 0
QSO: 21033 CW 2026-07-25 1740 9A5D/P        599 0957 EU-016 W7VJ          599 0008 ------ 0
QSO: 21033 CW 2026-07-25 1741 9A5D/P        599 0959 EU-016 LY3CY         599 0099 ------ 0
QSO: 21041 CW 2026-07-25 1741 9A5D/P        599 0961 EU-016 ZD7BG         599 0122 AF-022 0
QSO: 21033 CW 2026-07-25 1742 9A5D/P        599 0963 EU-016 YR8R          599 0283 ------ 0
QSO: 21033 CW 2026-07-25 1742 9A5D/P        599 0965 EU-016 PC5D          599 0044 ------ 0
QSO: 21043 CW 2026-07-25 1742 9A5D/P        599 0967 EU-016 G6ANT/P       599 0340 EU-120 0
QSO: 21033 CW 2026-07-25 1743 9A5D/P        599 0969 EU-016 PA5GU         599 0015 ------ 0
QSO: 21033 CW 2026-07-25 1743 9A5D/P        599 0971 EU-016 SP4TKR        599 0139 ------ 0
QSO: 14031 CW 2026-07-25 1744 9A5D/P        599 0320 EU-016 VO1AW         599 0136 NA-027 1
QSO: 21033 CW 2026-07-25 1745 9A5D/P        599 0973 EU-016 UR2Y          599 0183 ------ 0
QSO: 21040 CW 2026-07-25 1745 9A5D/P        599 0975 EU-016 ZV5O          599 0102 SA-047 0
QSO: 21033 CW 2026-07-25 1746 9A5D/P        599 0977 EU-016 UT2II         599 0089 ------ 0
QSO: 14002 CW 2026-07-25 1747 9A5D/P        599 0322 EU-016 I/DL3NC       599 0443 EU-017 1
QSO: 21033 CW 2026-07-25 1747 9A5D/P        599 0979 EU-016 G4IIY         599 0364 EU-005 0
QSO: 21033 CW 2026-07-25 1748 9A5D/P        599 0981 EU-016 VE3CT         599 0058 ------ 0
QSO: 21270 PH 2026-07-25 1748 9A5D/P        59  0983 EU-016 IT9YVO        59  0636 EU-025 0
QSO: 21033 CW 2026-07-25 1748 9A5D/P        599 0985 EU-016 NS0R          599 0019 ------ 0
QSO: 21033 CW 2026-07-25 1749 9A5D/P        599 0987 EU-016 DL4XU         599 0104 ------ 0
QSO: 21033 CW 2026-07-25 1749 9A5D/P        599 0989 EU-016 DF4UM         599 0061 ------ 0
QSO: 21031 CW 2026-07-25 1750 9A5D/P        599 0991 EU-016 9H1PI         599 0206 EU-023 0
QSO: 21033 CW 2026-07-25 1750 9A5D/P        599 0993 EU-016 DO8FRG        599 0025 ------ 0
QSO: 21033 CW 2026-07-25 1751 9A5D/P        599 0995 EU-016 LB1UK         599 0165 ------ 0
QSO: 21027 CW 2026-07-25 1751 9A5D/P        599 0997 EU-016 DF1LON/P      599 0594 EU-047 0
QSO: 21033 CW 2026-07-25 1752 9A5D/P        599 0999 EU-016 UR5TGK        599 0002 ------ 0
QSO: 21033 CW 2026-07-25 1753 9A5D/P        599 1001 EU-016 LY2CX         599 0036 ------ 0
QSO:  7001 CW 2026-07-25 1753 9A5D/P        599 0324 EU-016 IP1X          599 0784 EU-083 1
QSO: 21033 CW 2026-07-25 1753 9A5D/P        599 1003 EU-016 WV4P          599 0069 ------ 0
QSO:  7021 CW 2026-07-25 1753 9A5D/P        599 0326 EU-016 GM2T          599 0821 EU-008 1
QSO:  7010 CW 2026-07-25 1754 9A5D/P        599 0328 EU-016 9A2L          599 0281 EU-016 1
QSO: 21033 CW 2026-07-25 1754 9A5D/P        599 1005 EU-016 PA3BNT        599 0016 ------ 0
QSO:  7015 CW 2026-07-25 1754 9A5D/P        599 0330 EU-016 OZ6TL         599 0032 EU-029 1
QSO:  7026 CW 2026-07-25 1755 9A5D/P        599 0332 EU-016 G6ANT/P       599 0345 EU-120 1
QSO:  7020 CW 2026-07-25 1756 9A5D/P        599 0334 EU-016 GJ2A          599 0108 EU-013 1
QSO: 21033 CW 2026-07-25 1756 9A5D/P        599 1007 EU-016 DL5KVV        599 0024 ------ 0
QSO: 21033 CW 2026-07-25 1756 9A5D/P        599 1009 EU-016 UT7CR         599 0427 ------ 0
QSO: 21033 CW 2026-07-25 1757 9A5D/P        599 1011 EU-016 G3ESE         599 0063 EU-005 0
QSO: 21033 CW 2026-07-25 1757 9A5D/P        599 1013 EU-016 4Z4DX         599 0082 ------ 0
QSO:  7029 CW 2026-07-25 1758 9A5D/P        599 0336 EU-016 SK3T          599 0820 EU-176 1
QSO: 21033 CW 2026-07-25 1758 9A5D/P        599 1015 EU-016 W9ILY         599 0043 ------ 0
QSO:  7161 PH 2026-07-25 1759 9A5D/P        59  0338 EU-016 GM7V          59  1245 EU-010 1
QSO: 21033 CW 2026-07-25 1759 9A5D/P        599 1017 EU-016 W7YAQ         599 0013 ------ 0
QSO: 21033 CW 2026-07-25 1800 9A5D/P        599 1019 EU-016 DK4SR         599 0045 ------ 0
QSO: 14258 PH 2026-07-25 1800 9A5D/P        59  1021 EU-016 IB3K          59  0035 ------ 0
QSO: 14258 PH 2026-07-25 1801 9A5D/P        59  1023 EU-016 IZ2FOS        59  0341 ------ 0
QSO: 14258 PH 2026-07-25 1801 9A5D/P        59  1025 EU-016 ON5AT         59  0035 ------ 0
QSO: 14258 PH 2026-07-25 1801 9A5D/P        59  1027 EU-016 OP5T          59  0115 ------ 0
QSO: 14258 PH 2026-07-25 1802 9A5D/P        59  1029 EU-016 PC5Z          59  0031 ------ 0
QSO: 21042 CW 2026-07-25 1802 9A5D/P        599 0340 EU-016 MU5E          599 0319 EU-114 1
QSO: 14258 PH 2026-07-25 1802 9A5D/P        59  1031 EU-016 GW0ARK        59  0019 EU-005 0
QSO: 14258 PH 2026-07-25 1802 9A5D/P        59  1033 EU-016 IW3HUD        59  0022 ------ 0
QSO: 21022 CW 2026-07-25 1803 9A5D/P        599 0342 EU-016 DF0TX/P       599 0259 EU-127 1
QSO: 14258 PH 2026-07-25 1803 9A5D/P        59  1035 EU-016 SV8IIR        59  0221 EU-067 0
QSO: 14258 PH 2026-07-25 1804 9A5D/P        59  1037 EU-016 UR2Y          59  0019 ------ 0
QSO: 14258 PH 2026-07-25 1804 9A5D/P        59  1039 EU-016 SM2S          59  0044 EU-139 0
QSO: 14258 PH 2026-07-25 1804 9A5D/P        59  1041 EU-016 HB9CYN        59  0036 ------ 0
QSO: 14258 PH 2026-07-25 1805 9A5D/P        59  1043 EU-016 F4JEJ         59  0069 ------ 0
QSO:  7027 CW 2026-07-25 1805 9A5D/P        599 0344 EU-016 OV7X          599 0281 EU-172 1
QSO: 14258 PH 2026-07-25 1805 9A5D/P        59  1045 EU-016 SP7RON        59  0047 ------ 0
QSO: 14258 PH 2026-07-25 1806 9A5D/P        59  1047 EU-016 IK8EQG        59  0072 ------ 0
QSO: 14258 PH 2026-07-25 1806 9A5D/P        59  1049 EU-016 PA3DVA        59  0024 ------ 0
QSO: 14258 PH 2026-07-25 1807 9A5D/P        59  1051 EU-016 OK2BZM        59  0041 ------ 0
QSO: 21014 CW 2026-07-25 1807 9A5D/P        599 0346 EU-016 II3Y          599 0741 EU-130 1
QSO: 14258 PH 2026-07-25 1807 9A5D/P        59  1053 EU-016 M6TKY         59  0007 EU-005 0
QSO: 14258 PH 2026-07-25 1808 9A5D/P        59  1055 EU-016 CT1FOQ        59  0050 ------ 0
QSO: 14258 PH 2026-07-25 1809 9A5D/P        59  1057 EU-016 F/OO4O        59  0077 EU-032 0
QSO: 14258 PH 2026-07-25 1810 9A5D/P        59  1059 EU-016 YO9ADN        59  0037 ------ 0
QSO: 14258 PH 2026-07-25 1810 9A5D/P        59  1061 EU-016 YB5NBY        59  0012 OC-143 0
QSO: 14258 PH 2026-07-25 1811 9A5D/P        59  1063 EU-016 OZ5FN         59  0049 ------ 0
QSO: 21006 CW 2026-07-25 1811 9A5D/P        599 0348 EU-016 K4T           599 0149 NA-083 1
QSO: 14258 PH 2026-07-25 1812 9A5D/P        59  1065 EU-016 OK1TA         59  0181 ------ 0
QSO: 14258 PH 2026-07-25 1812 9A5D/P        59  1067 EU-016 M8EVM         59  0125 EU-005 0
QSO: 14258 PH 2026-07-25 1812 9A5D/P        59  1069 EU-016 II2Q          59  0470 ------ 0
QSO: 14258 PH 2026-07-25 1812 9A5D/P        59  1071 EU-016 HG0R          59  0183 ------ 0
QSO: 21242 PH 2026-07-25 1813 9A5D/P        59  0350 EU-016 BP0P          59  0325 AS-020 1
QSO: 14258 PH 2026-07-25 1813 9A5D/P        59  1073 EU-016 PB0P          59  0012 ------ 0
QSO: 14258 PH 2026-07-25 1814 9A5D/P        59  1075 EU-016 DK5DS         59  0090 ------ 0
QSO: 21322 PH 2026-07-25 1814 9A5D/P        59  0352 EU-016 BA4OP         59  0486 AS-146 1
QSO: 14258 PH 2026-07-25 1814 9A5D/P        59  1077 EU-016 G0PBV         59  0037 EU-005 0
QSO: 21044 CW 2026-07-25 1814 9A5D/P        599 0354 EU-016 CR5IC         599 0318 EU-150 1
QSO: 14258 PH 2026-07-25 1814 9A5D/P        59  1079 EU-016 RV6ANI        59  0022 ------ 0
QSO: 14258 PH 2026-07-25 1815 9A5D/P        59  1081 EU-016 PE146U        59  0496 EU-146 0
QSO: 21260 PH 2026-07-25 1815 9A5D/P        59  0356 EU-016 BY1AA         59  0128 AS-158 1
QSO: 14258 PH 2026-07-25 1816 9A5D/P        59  1083 EU-016 IU1TKT        59  0057 ------ 0
QSO: 14258 PH 2026-07-25 1816 9A5D/P        59  1085 EU-016 UT2MZ         59  0017 ------ 0
QSO: 14258 PH 2026-07-25 1817 9A5D/P        59  1087 EU-016 EJ3Z          59  0447 EU-121 0
QSO: 14258 PH 2026-07-25 1817 9A5D/P        59  1089 EU-016 DM1PL         59  0012 ------ 0
QSO: 14258 PH 2026-07-25 1818 9A5D/P        59  1091 EU-016 SQ9DJQ        59  0074 ------ 0
QSO: 21340 PH 2026-07-25 1818 9A5D/P        59  0358 EU-016 BO0M          59  0200 AS-113 1
QSO: 14258 PH 2026-07-25 1818 9A5D/P        59  1093 EU-016 OZ1KKH        59  0038 ------ 0
QSO: 14258 PH 2026-07-25 1819 9A5D/P        59  1095 EU-016 G4XPD         59  0019 EU-005 0
QSO: 14258 PH 2026-07-25 1820 9A5D/P        59  1097 EU-016 9A8DX         59  0282 ------ 0
QSO: 14258 PH 2026-07-25 1821 9A5D/P        59  1099 EU-016 EA1FQT        59  0036 ------ 0
QSO: 14258 PH 2026-07-25 1821 9A5D/P        59  1101 EU-016 OM6JKT        59  0080 ------ 0
QSO: 14258 PH 2026-07-25 1822 9A5D/P        59  1103 EU-016 YO5QDI        59  0048 ------ 0
QSO: 21019 CW 2026-07-25 1822 9A5D/P        599 0360 EU-016 WH7T          599 0041 OC-019 1
QSO: 14258 PH 2026-07-25 1822 9A5D/P        59  1105 EU-016 9A6AZW        59  0019 ------ 0
QSO: 14258 PH 2026-07-25 1823 9A5D/P        59  1107 EU-016 DL4XT/T       59  0014 ------ 0
QSO: 14258 PH 2026-07-25 1823 9A5D/P        59  1109 EU-016 DK1VK         59  0056 ------ 0
QSO: 14258 PH 2026-07-25 1824 9A5D/P        59  1111 EU-016 DB1BAC/P      59  0046 EU-047 0
QSO: 14258 PH 2026-07-25 1825 9A5D/P        59  1113 EU-016 M7AEA         59  0057 EU-005 0
QSO: 21020 CW 2026-07-25 1825 9A5D/P        599 0362 EU-016 ZF2VE         599 0246 NA-016 1
QSO: 14258 PH 2026-07-25 1825 9A5D/P        59  1115 EU-016 IZ7ECL        59  0463 ------ 0
QSO: 14258 PH 2026-07-25 1826 9A5D/P        59  1117 EU-016 EA3AYK        59  0014 ------ 0
QSO: 14258 PH 2026-07-25 1826 9A5D/P        59  1119 EU-016 G6P           59  0374 EU-005 0
QSO: 14258 PH 2026-07-25 1826 9A5D/P        59  1121 EU-016 DK7TX         59  0176 ------ 0
QSO: 14258 PH 2026-07-25 1827 9A5D/P        59  1123 EU-016 I1IOG         59  0004 ------ 0
QSO: 14258 PH 2026-07-25 1827 9A5D/P        59  1125 EU-016 IK1BBC        59  0034 ------ 0
QSO: 14258 PH 2026-07-25 1828 9A5D/P        59  1127 EU-016 EA3OW         59  0025 ------ 0
QSO:  7014 CW 2026-07-25 1828 9A5D/P        599 0364 EU-016 IT9VDQ        599 0240 EU-025 1
QSO: 14258 PH 2026-07-25 1828 9A5D/P        59  1129 EU-016 DL7AOS        59  0075 ------ 0
QSO: 14258 PH 2026-07-25 1829 9A5D/P        59  1131 EU-016 UT7CR         59  0457 ------ 0
QSO:  7031 CW 2026-07-25 1829 9A5D/P        599 0366 EU-016 SD1A          599 0429 EU-020 1
QSO: 14258 PH 2026-07-25 1829 9A5D/P        59  1133 EU-016 LA3BO         59  0277 ------ 0
QSO: 14258 PH 2026-07-25 1830 9A5D/P        59  1135 EU-016 OL4U          59  0161 ------ 0
QSO: 14258 PH 2026-07-25 1830 9A5D/P        59  1137 EU-016 VY2OM         59  1001 NA-029 0
QSO:  7016 CW 2026-07-25 1830 9A5D/P        599 0368 EU-016 IT9BLB/IH9    599 0314 AF-018 1
QSO: 14258 PH 2026-07-25 1830 9A5D/P        59  1139 EU-016 CT7BOD        59  0118 ------ 0
QSO: 14258 PH 2026-07-25 1831 9A5D/P        59  1141 EU-016 9A3MRN        59  0008 ------ 0
QSO: 14258 PH 2026-07-25 1831 9A5D/P        59  1143 EU-016 PA2JJB        59  0012 EU-038 0
QSO: 14258 PH 2026-07-25 1832 9A5D/P        59  1145 EU-016 GW7YLS        59  0031 EU-005 0
QSO: 14258 PH 2026-07-25 1832 9A5D/P        59  1147 EU-016 RM3DA         59  0031 ------ 0
QSO:  7022 CW 2026-07-25 1832 9A5D/P        599 0370 EU-016 IS0ZOD        599 0835 EU-024 1
QSO: 14258 PH 2026-07-25 1832 9A5D/P        59  1149 EU-016 GM1KNP        59  0001 EU-005 0
QSO: 14258 PH 2026-07-25 1833 9A5D/P        59  1151 EU-016 IU4WNB        59  0001 ------ 0
QSO: 14258 PH 2026-07-25 1834 9A5D/P        59  1153 EU-016 OM2DDT        59  0030 ------ 0
QSO: 14258 PH 2026-07-25 1834 9A5D/P        59  1155 EU-016 SP9CLO        59  0007 ------ 0
QSO: 14258 PH 2026-07-25 1834 9A5D/P        59  1157 EU-016 PA3ATP        59  0018 ------ 0
QSO: 14258 PH 2026-07-25 1835 9A5D/P        59  1159 EU-016 IK4EQT        59  0036 ------ 0
QSO: 14258 PH 2026-07-25 1836 9A5D/P        59  1161 EU-016 ER3UA         59  0014 ------ 0
QSO:  7017 CW 2026-07-25 1836 9A5D/P        599 0372 EU-016 SN0RX         599 0321 EU-132 1
QSO: 14258 PH 2026-07-25 1836 9A5D/P        59  1163 EU-016 DL3FHB        59  0061 ------ 0
QSO: 21343 PH 2026-07-25 1836 9A5D/P        59  0372 EU-016 VP5G          59  0385 NA-002 1
QSO: 14258 PH 2026-07-25 1837 9A5D/P        59  1165 EU-016 LA9RY         59  0208 EU-055 0
QSO: 14258 PH 2026-07-25 1837 9A5D/P        59  1167 EU-016 DM5XX         59  0007 ------ 0
QSO: 14258 PH 2026-07-25 1838 9A5D/P        59  1169 EU-016 GM4AGG/P      59  0324 EU-123 0
QSO: 14258 PH 2026-07-25 1838 9A5D/P        59  1171 EU-016 M0VBG         59  0078 EU-005 0
QSO:  7017 CW 2026-07-25 1839 9A5D/P        599 0376 EU-016 SN0RX         599 0326 EU-132 1
QSO: 14258 PH 2026-07-25 1839 9A5D/P        59  1173 EU-016 G0RAH         59  0031 EU-005 0
QSO:  7037 CW 2026-07-25 1839 9A5D/P        599 0378 EU-016 P3X           599 0899 AS-004 1
QSO: 14258 PH 2026-07-25 1839 9A5D/P        59  1175 EU-016 PD9RW         59  0015 ------ 0
QSO: 14258 PH 2026-07-25 1840 9A5D/P        59  1177 EU-016 LB5SK         59  0016 ------ 0
QSO: 14258 PH 2026-07-25 1840 9A5D/P        59  1179 EU-016 GX3SBL        59  0024 EU-005 0
QSO: 14258 PH 2026-07-25 1841 9A5D/P        59  1181 EU-016 F4LJF         59  0318 ------ 0
QSO: 14258 PH 2026-07-25 1841 9A5D/P        59  1183 EU-016 IN3VVK        59  0400 ------ 0
QSO: 14258 PH 2026-07-25 1842 9A5D/P        59  1185 EU-016 OV9M          59  0094 EU-171 0
QSO:  7190 PH 2026-07-25 1842 9A5D/P        59  0380 EU-016 II1D/IS0      59  0223 EU-024 1
QSO: 14258 PH 2026-07-25 1843 9A5D/P        59  1187 EU-016 PA2G          59  0431 EU-146 0
QSO: 14258 PH 2026-07-25 1843 9A5D/P        59  1189 EU-016 DA1DX         59  0436 ------ 0
QSO: 14258 PH 2026-07-25 1843 9A5D/P        59  1191 EU-016 G1IBS         59  0009 EU-005 0
QSO: 14258 PH 2026-07-25 1843 9A5D/P        59  1193 EU-016 M0MCV         59  0058 EU-005 0
QSO: 21022 CW 2026-07-25 1844 9A5D/P        599 0382 EU-016 V4/AC6ZM      599 0119 NA-104 1
QSO: 14258 PH 2026-07-25 1844 9A5D/P        59  1195 EU-016 F/OE2WNL      59  0024 ------ 0
QSO: 14258 PH 2026-07-25 1845 9A5D/P        59  1197 EU-016 G6OTZ         59  0013 EU-005 0
QSO: 21004 CW 2026-07-25 1845 9A5D/P        599 0384 EU-016 I/DL3NC       599 0533 EU-017 1
QSO: 14258 PH 2026-07-25 1845 9A5D/P        59  1199 EU-016 OT8T          59  0012 ------ 0
QSO: 14258 PH 2026-07-25 1846 9A5D/P        59  1201 EU-016 DL8LSK        59  0049 ------ 0
QSO: 14258 PH 2026-07-25 1847 9A5D/P        59  1203 EU-016 YO2UKG        59  0019 ------ 0
QSO: 14258 PH 2026-07-25 1847 9A5D/P        59  1205 EU-016 M0URB         59  0005 EU-005 0
QSO:  7009 CW 2026-07-25 1847 9A5D/P        599 0386 EU-016 JA6GCE        599 0441 AS-077 1
QSO: 14258 PH 2026-07-25 1847 9A5D/P        59  1207 EU-016 OE5HDN        59  0029 ------ 0
QSO: 14258 PH 2026-07-25 1848 9A5D/P        59  1209 EU-016 EB1DJ         59  0139 ------ 0
QSO: 14258 PH 2026-07-25 1848 9A5D/P        59  1211 EU-016 IU2UDF        59  0027 ------ 0
QSO: 14258 PH 2026-07-25 1848 9A5D/P        59  1213 EU-016 DL2MOS        59  0022 ------ 0
QSO: 14258 PH 2026-07-25 1849 9A5D/P        59  1215 EU-016 EF5T          59  0072 ------ 0
QSO: 14258 PH 2026-07-25 1849 9A5D/P        59  1217 EU-016 F4LDJ         59  0017 ------ 0
QSO: 14258 PH 2026-07-25 1850 9A5D/P        59  1219 EU-016 M5M           59  0023 EU-005 0
QSO: 14258 PH 2026-07-25 1850 9A5D/P        59  1221 EU-016 IZ1MRO        59  0012 ------ 0
QSO: 14258 PH 2026-07-25 1850 9A5D/P        59  1223 EU-016 M0KCM         59  0032 EU-005 0
QSO: 14258 PH 2026-07-25 1851 9A5D/P        59  1225 EU-016 M9NLB         59  0038 EU-005 0
QSO: 14258 PH 2026-07-25 1851 9A5D/P        59  1227 EU-016 PE1EWR        59  0057 ------ 0
QSO: 14258 PH 2026-07-25 1852 9A5D/P        59  1229 EU-016 M0TAZ         59  0027 EU-005 0
QSO: 14258 PH 2026-07-25 1852 9A5D/P        59  1231 EU-016 DL4MFR        59  0035 ------ 0
QSO: 14258 PH 2026-07-25 1853 9A5D/P        59  1233 EU-016 F4MSZ         59  0005 ------ 0
QSO: 14258 PH 2026-07-25 1854 9A5D/P        59  1235 EU-016 F8GAF         59  0020 ------ 0
QSO: 14258 PH 2026-07-25 1854 9A5D/P        59  1237 EU-016 GI3VFW        59  0032 EU-115 0
QSO: 14258 PH 2026-07-25 1855 9A5D/P        59  1239 EU-016 EA4AOC        59  0223 ------ 0
QSO: 14258 PH 2026-07-25 1855 9A5D/P        59  1241 EU-016 G0OOF         59  0011 EU-005 0
QSO:  7026 CW 2026-07-25 1856 9A5D/P        599 0388 EU-016 LB5WB         599 0438 EU-055 1
QSO: 14258 PH 2026-07-25 1857 9A5D/P        59  1243 EU-016 G5DXR         59  0095 EU-005 0
QSO: 14258 PH 2026-07-25 1857 9A5D/P        59  1245 EU-016 DK8ZB         59  0048 ------ 0
QSO: 14258 PH 2026-07-25 1857 9A5D/P        59  1247 EU-016 ON7GY         59  0002 ------ 0
QSO: 14258 PH 2026-07-25 1858 9A5D/P        59  1249 EU-016 OM1BC         59  0060 ------ 0
QSO:  7012 CW 2026-07-25 1858 9A5D/P        599 0390 EU-016 MU5E          599 0356 EU-114 1
QSO: 14258 PH 2026-07-25 1858 9A5D/P        59  1251 EU-016 M7VTG         59  0051 EU-005 0
QSO: 14258 PH 2026-07-25 1859 9A5D/P        59  1253 EU-016 DK6TW         59  0075 ------ 0
QSO: 14258 PH 2026-07-25 1859 9A5D/P        59  1255 EU-016 F4FRG         59  0083 ------ 0
QSO: 14258 PH 2026-07-25 1900 9A5D/P        59  1257 EU-016 9A2BD         59  0303 ------ 0
QSO:  7002 CW 2026-07-25 1900 9A5D/P        599 0392 EU-016 G4IIY         599 0428 EU-005 1
QSO: 14258 PH 2026-07-25 1900 9A5D/P        59  1259 EU-016 ES1PAW        59  0005 ------ 0
QSO: 14258 PH 2026-07-25 1900 9A5D/P        59  1261 EU-016 PD4AN         59  0014 ------ 0
QSO: 14258 PH 2026-07-25 1901 9A5D/P        59  1263 EU-016 9A2CT         59  0307 ------ 0
QSO: 14258 PH 2026-07-25 1902 9A5D/P        59  1265 EU-016 DK5KMA        59  0025 ------ 0
QSO: 14258 PH 2026-07-25 1902 9A5D/P        59  1267 EU-016 F4JUP         59  0081 ------ 0
QSO: 14258 PH 2026-07-25 1903 9A5D/P        59  1269 EU-016 EJ3KYB        59  0214 EU-121 0
QSO: 14258 PH 2026-07-25 1903 9A5D/P        59  1271 EU-016 F4BHK         59  0037 ------ 0
QSO: 14258 PH 2026-07-25 1904 9A5D/P        59  1273 EU-016 DD8FP         59  0108 ------ 0
QSO: 14258 PH 2026-07-25 1904 9A5D/P        59  1275 EU-016 G3YRZ         59  0036 EU-005 0
QSO: 14258 PH 2026-07-25 1904 9A5D/P        59  1277 EU-016 G1F           59  0038 EU-005 0
QSO: 14258 PH 2026-07-25 1905 9A5D/P        59  1279 EU-016 G4UNB         59  0027 EU-005 0
QSO: 14258 PH 2026-07-25 1905 9A5D/P        59  1281 EU-016 W4RN          59  0111 ------ 0
QSO:  7021 CW 2026-07-25 1906 9A5D/P        599 0394 EU-016 E2X           599 0182 AS-125 1
QSO: 14258 PH 2026-07-25 1906 9A5D/P        59  1283 EU-016 RG5A          59  0108 ------ 0
QSO: 14258 PH 2026-07-25 1907 9A5D/P        59  1285 EU-016 F4JRR         59  0027 ------ 0
QSO:  7014 CW 2026-07-25 1908 9A5D/P        599 0396 EU-016 PE146U        599 0564 EU-146 1
QSO:  7029 CW 2026-07-25 1912 9A5D/P        599 0398 EU-016 MI5I          599 0565 EU-115 1
QSO: 14017 CW 2026-07-25 1914 9A5D/P        599 1287 EU-016 DL9MDW        599 0007 ------ 0
QSO: 14268 PH 2026-07-25 1914 9A5D/P        59  0400 EU-016 W4KJ          59  0085 NA-055 1
QSO: 14017 CW 2026-07-25 1915 9A5D/P        599 1289 EU-016 YL3FW         599 0019 ------ 0
QSO: 14017 CW 2026-07-25 1915 9A5D/P        599 1291 EU-016 WV4P          599 0099 ------ 0
QSO: 14017 CW 2026-07-25 1916 9A5D/P        599 1293 EU-016 SC6O          599 0214 ------ 0
QSO: 14017 CW 2026-07-25 1917 9A5D/P        599 1295 EU-016 HA7RY         599 0213 ------ 0
QSO: 14017 CW 2026-07-25 1917 9A5D/P        599 1297 EU-016 OM3BY         599 0063 ------ 0
QSO:  7032 CW 2026-07-25 1917 9A5D/P        599 0402 EU-016 SV8/DL1DAW    599 0235 EU-049 1
QSO: 14017 CW 2026-07-25 1917 9A5D/P        599 1299 EU-016 DL1ABR        599 0027 ------ 0
QSO: 14017 CW 2026-07-25 1918 9A5D/P        599 1301 EU-016 KQ4R          599 0011 ------ 0
QSO: 14017 CW 2026-07-25 1918 9A5D/P        599 1303 EU-016 UR3QNV        599 0060 ------ 0
QSO: 14017 CW 2026-07-25 1919 9A5D/P        599 1305 EU-016 DL6KVA        599 0377 ------ 0
QSO:  7137 PH 2026-07-25 1919 9A5D/P        59  0404 EU-016 IP1X          59  1036 EU-083 1
QSO: 14017 CW 2026-07-25 1919 9A5D/P        599 1307 EU-016 OM7M          599 0563 ------ 0
QSO: 14017 CW 2026-07-25 1919 9A5D/P        599 1309 EU-016 ON5JT         599 0087 ------ 0
QSO:  7013 CW 2026-07-25 1920 9A5D/P        599 0406 EU-016 ES/DL7AU      599 0224 EU-034 1
QSO: 14017 CW 2026-07-25 1920 9A5D/P        599 1311 EU-016 4Z4TA         599 0053 ------ 0
QSO: 14017 CW 2026-07-25 1921 9A5D/P        599 1313 EU-016 IV3EAD        599 0073 ------ 0
QSO: 14017 CW 2026-07-25 1922 9A5D/P        599 1315 EU-016 W9ILY         599 0090 ------ 0
QSO:  7058 PH 2026-07-25 1922 9A5D/P        59  0408 EU-016 IR5GO         59  0167 EU-028 1
QSO: 14017 CW 2026-07-25 1922 9A5D/P        599 1317 EU-016 9A3JH         599 0082 ------ 0
QSO: 14017 CW 2026-07-25 1923 9A5D/P        599 1319 EU-016 DK8NT         599 0219 ------ 0
QSO:  7035 CW 2026-07-25 1923 9A5D/P        599 0410 EU-016 CT3KN         599 0688 AF-014 1
QSO: 14017 CW 2026-07-25 1923 9A5D/P        599 1321 EU-016 IO3T          599 0008 ------ 0
QSO: 14017 CW 2026-07-25 1924 9A5D/P        599 1323 EU-016 AF2F          599 0028 ------ 0
QSO: 14017 CW 2026-07-25 1924 9A5D/P        599 1325 EU-016 DL2RTU        599 0037 ------ 0
QSO:  7112 PH 2026-07-25 1924 9A5D/P        59  0412 EU-016 G7RDX         59  0053 EU-005 1
QSO: 14017 CW 2026-07-25 1925 9A5D/P        599 1327 EU-016 SP4TKR        599 0217 ------ 0
QSO: 14017 CW 2026-07-25 1925 9A5D/P        599 1329 EU-016 LY2CX         599 0077 ------ 0
QSO: 14017 CW 2026-07-25 1925 9A5D/P        599 1331 EU-016 OL5W          599 0025 ------ 0
QSO: 14017 CW 2026-07-25 1926 9A5D/P        599 1333 EU-016 YO3XX         599 0289 ------ 0
QSO:  7001 CW 2026-07-25 1926 9A5D/P        599 0414 EU-016 9A4KJ         599 0065 EU-136 1
QSO: 14017 CW 2026-07-25 1926 9A5D/P        599 1335 EU-016 PG2V          599 0056 ------ 0
QSO: 14017 CW 2026-07-25 1927 9A5D/P        599 1337 EU-016 YO4AAC        599 0099 ------ 0
QSO: 14017 CW 2026-07-25 1927 9A5D/P        599 1339 EU-016 DL8UKW        599 0037 ------ 0
QSO: 14017 CW 2026-07-25 1928 9A5D/P        599 1341 EU-016 OZ7BQ/P       599 0094 EU-125 0
QSO: 21007 CW 2026-07-25 1929 9A5D/P        599 0416 EU-016 N1LI          599 0336 NA-137 1
QSO: 14017 CW 2026-07-25 1929 9A5D/P        599 1343 EU-016 9A3YT         599 0269 ------ 0
QSO: 14017 CW 2026-07-25 1929 9A5D/P        599 1345 EU-016 S53F          599 0065 ------ 0
QSO: 14017 CW 2026-07-25 1929 9A5D/P        599 1347 EU-016 S53M          599 0149 ------ 0
QSO: 14017 CW 2026-07-25 1930 9A5D/P        599 1349 EU-016 OK1FMJ        599 0039 ------ 0
QSO: 14017 CW 2026-07-25 1930 9A5D/P        599 1351 EU-016 VE2FXL        599 0188 ------ 0
QSO: 14017 CW 2026-07-25 1931 9A5D/P        599 1353 EU-016 G3RWF         599 0010 EU-005 0
QSO: 14017 CW 2026-07-25 1931 9A5D/P        599 1355 EU-016 PA3HHM        599 0043 ------ 0
QSO: 14017 CW 2026-07-25 1931 9A5D/P        599 1357 EU-016 OK5OK         599 0015 ------ 0
QSO: 14017 CW 2026-07-25 1932 9A5D/P        599 1359 EU-016 OH6UE         599 0009 ------ 0
QSO: 14017 CW 2026-07-25 1932 9A5D/P        599 1361 EU-016 YT4L          599 0273 ------ 0
QSO: 21050 CW 2026-07-25 1932 9A5D/P        599 0418 EU-016 IS0/HA2KID    599 0451 EU-024 1
QSO: 14017 CW 2026-07-25 1933 9A5D/P        599 1363 EU-016 IK2GAO        599 0008 ------ 0
QSO: 14017 CW 2026-07-25 1933 9A5D/P        599 1365 EU-016 C4E           599 0511 AS-004 0
QSO: 21029 CW 2026-07-25 1934 9A5D/P        599 0420 EU-016 IT9BLB/IH9    599 0352 AF-018 1
QSO: 14017 CW 2026-07-25 1934 9A5D/P        599 1367 EU-016 DM6WAN        599 0051 ------ 0
QSO: 14017 CW 2026-07-25 1935 9A5D/P        599 1369 EU-016 K9OM          599 0362 ------ 0
QSO: 14017 CW 2026-07-25 1935 9A5D/P        599 1371 EU-016 DL1NKS        599 0096 ------ 0
QSO: 14017 CW 2026-07-25 1935 9A5D/P        599 1373 EU-016 G4IIY         599 0486 EU-005 0
QSO: 14017 CW 2026-07-25 1936 9A5D/P        599 1375 EU-016 HA8FK         599 0064 ------ 0
QSO: 21360 PH 2026-07-25 1937 9A5D/P        59  0422 EU-016 IE9/OL5Y      59  0664 EU-051 1
QSO:  7027 CW 2026-07-25 1937 9A5D/P        599 0424 EU-016 DF1LON/P      599 0100 EU-047 1
QSO: 14017 CW 2026-07-25 1937 9A5D/P        599 1377 EU-016 K2ZR          599 0043 ------ 0
QSO: 14017 CW 2026-07-25 1937 9A5D/P        599 1379 EU-016 SP2MKI        599 0074 ------ 0
QSO: 14017 CW 2026-07-25 1938 9A5D/P        599 1381 EU-016 DL7LX         599 0041 ------ 0
QSO: 21012 CW 2026-07-25 1938 9A5D/P        599 0426 EU-016 EJ3Z          599 0474 EU-121 1
QSO: 14017 CW 2026-07-25 1938 9A5D/P        599 1383 EU-016 G3VGZ         599 0038 EU-005 0
QSO: 14017 CW 2026-07-25 1939 9A5D/P        599 1385 EU-016 EI7KD         599 0948 EU-115 0
QSO: 14017 CW 2026-07-25 1939 9A5D/P        599 1387 EU-016 K3JT          599 0052 ------ 0
QSO: 14017 CW 2026-07-25 1940 9A5D/P        599 1389 EU-016 G4DDL         599 0134 EU-005 0
QSO: 14017 CW 2026-07-25 1940 9A5D/P        599 1391 EU-016 W4RN          599 0123 ------ 0
QSO: 14017 CW 2026-07-25 1940 9A5D/P        599 1393 EU-016 VA2AM         599 0070 ------ 0
QSO: 14017 CW 2026-07-25 1941 9A5D/P        599 1395 EU-016 PY1AX         599 0008 ------ 0
QSO: 14017 CW 2026-07-25 1942 9A5D/P        599 1397 EU-016 UR7LK         599 0085 ------ 0
QSO:  7016 CW 2026-07-25 1944 9A5D/P        599 0428 EU-016 YU5T          599 0076 ------ 1
QSO:  7016 CW 2026-07-25 1944 9A5D/P        599 0430 EU-016 HA8JV         599 0311 ------ 1
QSO:  7016 CW 2026-07-25 1946 9A5D/P        599 1399 EU-016 HA6NL         599 0221 ------ 0
QSO:  7016 CW 2026-07-25 1946 9A5D/P        599 1401 EU-016 OH2KW         599 0357 ------ 0
QSO: 14001 CW 2026-07-25 1946 9A5D/P        599 0432 EU-016 BY1AA         599 0635 AS-158 1
QSO:  7016 CW 2026-07-25 1947 9A5D/P        599 1403 EU-016 II5T          599 0029 ------ 0
QSO: 14005 CW 2026-07-25 1947 9A5D/P        599 0434 EU-016 SV8/DH5FS     599 0646 EU-052 1
QSO:  7016 CW 2026-07-25 1948 9A5D/P        599 1405 EU-016 9A6M          599 0089 ------ 0
QSO:  7016 CW 2026-07-25 1948 9A5D/P        599 1407 EU-016 II2Q          599 0566 ------ 0
QSO: 14029 CW 2026-07-25 1949 9A5D/P        599 0436 EU-016 SV9DJO        599 0168 EU-015 1
QSO:  7016 CW 2026-07-25 1949 9A5D/P        599 1409 EU-016 EI7KD         599 0961 EU-115 0
QSO:  7016 CW 2026-07-25 1950 9A5D/P        599 1411 EU-016 UR2Y          599 0248 ------ 0
QSO:  7016 CW 2026-07-25 1950 9A5D/P        599 1413 EU-016 SM7T          599 0396 ------ 0
QSO:  7016 CW 2026-07-25 1950 9A5D/P        599 1415 EU-016 LZ1FY         599 0018 ------ 0
QSO:  7016 CW 2026-07-25 1951 9A5D/P        599 1417 EU-016 Z32U          599 0053 ------ 0
QSO:  7016 CW 2026-07-25 1951 9A5D/P        599 1419 EU-016 EA6EJ         599 0149 EU-004 0
QSO:  7016 CW 2026-07-25 1952 9A5D/P        599 1421 EU-016 DJ4WT         599 0122 ------ 0
QSO:  7016 CW 2026-07-25 1952 9A5D/P        599 1423 EU-016 IV3EAD        599 0083 ------ 0
QSO:  7016 CW 2026-07-25 1953 9A5D/P        599 1425 EU-016 DK8ZB         599 0072 ------ 0
QSO:  7016 CW 2026-07-25 1953 9A5D/P        599 1427 EU-016 LZ8E          599 0372 ------ 0
QSO:  7016 CW 2026-07-25 1954 9A5D/P        599 1429 EU-016 DA1DX         599 0504 ------ 0
QSO:  7016 CW 2026-07-25 1956 9A5D/P        599 1431 EU-016 OM3CDN        599 0041 ------ 0
QSO:  7016 CW 2026-07-25 1956 9A5D/P        599 1433 EU-016 SM2M          599 0234 ------ 0
QSO:  7016 CW 2026-07-25 1957 9A5D/P        599 1435 EU-016 IZ2WFL        599 0138 ------ 0
QSO:  7016 CW 2026-07-25 1957 9A5D/P        599 1437 EU-016 IO3T          599 0027 ------ 0
QSO:  7016 CW 2026-07-25 1958 9A5D/P        599 1439 EU-016 UT7CR         599 0564 ------ 0
QSO:  7016 CW 2026-07-25 1958 9A5D/P        599 1441 EU-016 OK1TN         599 0035 ------ 0
QSO:  7016 CW 2026-07-25 1959 9A5D/P        599 1443 EU-016 SV9DJO        599 0178 EU-015 0
QSO:  7016 CW 2026-07-25 1959 9A5D/P        599 1445 EU-016 SP2HHX        599 0093 ------ 0
QSO:  7016 CW 2026-07-25 1959 9A5D/P        599 1447 EU-016 SN5WD         599 0105 ------ 0
QSO: 14037 CW 2026-07-25 2000 9A5D/P        599 0438 EU-016 AG2J          599 0209 NA-111 1
QSO:  7016 CW 2026-07-25 2000 9A5D/P        599 1449 EU-016 HB9DRJ        599 0083 ------ 0
QSO:  7016 CW 2026-07-25 2000 9A5D/P        599 1451 EU-016 OM3CPF        599 0119 ------ 0
QSO:  7016 CW 2026-07-25 2001 9A5D/P        599 1453 EU-016 LB1UK         599 0198 ------ 0
QSO: 14160 PH 2026-07-25 2001 9A5D/P        59  0440 EU-016 MD7C          59  0970 EU-116 1
QSO:  7016 CW 2026-07-25 2001 9A5D/P        599 1455 EU-016 UT8AS         599 0124 ------ 0
QSO:  7016 CW 2026-07-25 2002 9A5D/P        599 1457 EU-016 IZ2ABZ        599 0119 ------ 0
QSO: 14026 CW 2026-07-25 2002 9A5D/P        599 0442 EU-016 BA4OP         599 0603 AS-146 1
QSO:  7016 CW 2026-07-25 2002 9A5D/P        599 1459 EU-016 GM7A          599 0579 EU-008 0
QSO:  7016 CW 2026-07-25 2003 9A5D/P        599 1461 EU-016 YO4AAC        599 0122 ------ 0
QSO:  7016 CW 2026-07-25 2004 9A5D/P        599 1463 EU-016 OK5ET         599 0006 ------ 0
QSO:  7016 CW 2026-07-25 2004 9A5D/P        599 1465 EU-016 DL6KWN        599 0126 ------ 0
QSO:  7016 CW 2026-07-25 2004 9A5D/P        599 1467 EU-016 DH3M          599 0181 ------ 0
QSO:  7016 CW 2026-07-25 2005 9A5D/P        599 1469 EU-016 SF6J          599 0245 ------ 0
QSO:  7016 CW 2026-07-25 2005 9A5D/P        599 1471 EU-016 LZ1VKD        599 0169 ------ 0
QSO: 14015 CW 2026-07-25 2005 9A5D/P        599 0444 EU-016 WP4TZ         599 0240 NA-099 1
QSO:  7016 CW 2026-07-25 2006 9A5D/P        599 1473 EU-016 OL7J          599 0495 ------ 0
QSO:  7016 CW 2026-07-25 2006 9A5D/P        599 1475 EU-016 OG3B          599 0570 ------ 0
QSO:  7016 CW 2026-07-25 2007 9A5D/P        599 1477 EU-016 HA6PJ         599 0098 ------ 0
QSO:  7016 CW 2026-07-25 2008 9A5D/P        599 1479 EU-016 IK6QRH        599 0066 ------ 0
QSO:  7016 CW 2026-07-25 2008 9A5D/P        599 1481 EU-016 DL2MDZ        599 0090 ------ 0
QSO:  7016 CW 2026-07-25 2009 9A5D/P        599 1483 EU-016 OK1AY         599 0108 ------ 0
QSO:  7016 CW 2026-07-25 2009 9A5D/P        599 1485 EU-016 YO4AR         599 0168 ------ 0
QSO:  7016 CW 2026-07-25 2009 9A5D/P        599 1487 EU-016 EA1X          599 0161 ------ 0
QSO:  7016 CW 2026-07-25 2010 9A5D/P        599 1489 EU-016 HA3FMR        599 0198 ------ 0
QSO:  7016 CW 2026-07-25 2010 9A5D/P        599 1491 EU-016 SP3VT         599 0004 ------ 0
QSO:  7016 CW 2026-07-25 2011 9A5D/P        599 1493 EU-016 SE4E          599 0297 ------ 0
QSO:  7016 CW 2026-07-25 2011 9A5D/P        599 1495 EU-016 YL7X          599 0399 ------ 0
QSO:  7016 CW 2026-07-25 2012 9A5D/P        599 1497 EU-016 SM6LJU        599 0004 EU-043 0
QSO:  7016 CW 2026-07-25 2012 9A5D/P        599 1499 EU-016 S53F          599 0103 ------ 0
QSO:  7016 CW 2026-07-25 2012 9A5D/P        599 1501 EU-016 HG8W          599 0200 ------ 0
QSO: 14023 CW 2026-07-25 2013 9A5D/P        599 0446 EU-016 PP5ARF        599 0086 SA-026 1
QSO:  7016 CW 2026-07-25 2013 9A5D/P        599 1503 EU-016 G5C           599 0027 EU-005 0
QSO:  7016 CW 2026-07-25 2013 9A5D/P        599 1505 EU-016 OE1BAA        599 0033 ------ 0
QSO:  7016 CW 2026-07-25 2014 9A5D/P        599 1507 EU-016 9A6A          599 0733 EU-016 0
QSO:  7016 CW 2026-07-25 2015 9A5D/P        599 1509 EU-016 OG5O          599 0121 ------ 0
QSO:  7016 CW 2026-07-25 2015 9A5D/P        599 1511 EU-016 YT1DB         599 0015 ------ 0
QSO:  7016 CW 2026-07-25 2016 9A5D/P        599 1513 EU-016 SN9R          599 0054 ------ 0
QSO:  7016 CW 2026-07-25 2016 9A5D/P        599 1515 EU-016 ON5JT         599 0116 ------ 0
QSO:  7016 CW 2026-07-25 2017 9A5D/P        599 1517 EU-016 S58MU         599 0115 ------ 0
QSO: 14027 CW 2026-07-25 2017 9A5D/P        599 0448 EU-016 DK1A          599 0849 EU-129 1
QSO:  7016 CW 2026-07-25 2017 9A5D/P        599 1519 EU-016 DK8NT         599 0257 ------ 0
QSO:  7016 CW 2026-07-25 2018 9A5D/P        599 1521 EU-016 OM7M          599 0606 ------ 0
QSO:  7016 CW 2026-07-25 2018 9A5D/P        599 1523 EU-016 HB9HGH        599 0007 ------ 0
QSO:  7016 CW 2026-07-25 2019 9A5D/P        599 1525 EU-016 OK4RQ         599 0280 ------ 0
QSO:  7016 CW 2026-07-25 2019 9A5D/P        599 1527 EU-016 DL7YS         599 0055 ------ 0
QSO:  7016 CW 2026-07-25 2020 9A5D/P        599 1529 EU-016 YO3XX         599 0321 ------ 0
QSO: 14016 CW 2026-07-25 2020 9A5D/P        599 0450 EU-016 AA1AC         599 0134 NA-031 1
QSO:  7016 CW 2026-07-25 2021 9A5D/P        599 1531 EU-016 PA3HHM        599 0051 ------ 0
QSO: 14043 CW 2026-07-25 2022 9A5D/P        599 0452 EU-016 IG9/IK8PGM    599 0422 AF-019 1
QSO:  7016 CW 2026-07-25 2023 9A5D/P        599 1533 EU-016 JS1NDM        599 0002 AS-007 0
QSO:  7016 CW 2026-07-25 2024 9A5D/P        599 1535 EU-016 G4PIQ         599 0008 EU-005 0
QSO:  7016 CW 2026-07-25 2024 9A5D/P        599 1537 EU-016 PA2W          599 0022 ------ 0
QSO:  7016 CW 2026-07-25 2025 9A5D/P        599 1539 EU-016 PA5WT         599 0116 ------ 0
QSO:  7016 CW 2026-07-25 2025 9A5D/P        599 1541 EU-016 F5VHY         599 0017 ------ 0
QSO:  7016 CW 2026-07-25 2026 9A5D/P        599 1543 EU-016 G4DRS         599 0587 EU-005 0
QSO:  7016 CW 2026-07-25 2027 9A5D/P        599 1545 EU-016 OK2MBP        599 0219 ------ 0
QSO:  7016 CW 2026-07-25 2027 9A5D/P        599 1547 EU-016 G3P           599 0296 EU-005 0
QSO:  7016 CW 2026-07-25 2027 9A5D/P        599 1549 EU-016 SC6O          599 0259 ------ 0
QSO:  7016 CW 2026-07-25 2028 9A5D/P        599 1551 EU-016 YT5RA         599 0140 ------ 0
QSO:  7016 CW 2026-07-25 2028 9A5D/P        599 1553 EU-016 OE8TIR        599 0104 ------ 0
QSO: 14027 CW 2026-07-25 2029 9A5D/P        599 0454 EU-016 DF0TX/P       599 0315 EU-127 1
QSO:  7016 CW 2026-07-25 2029 9A5D/P        599 1555 EU-016 LY3CY         599 0171 ------ 0
QSO:  7016 CW 2026-07-25 2030 9A5D/P        599 1557 EU-016 G4AFF         599 0355 EU-005 0
QSO:  7016 CW 2026-07-25 2030 9A5D/P        599 1559 EU-016 SO9I          599 0072 ------ 0
QSO:  7016 CW 2026-07-25 2031 9A5D/P        599 1561 EU-016 OH3GGQ        599 0186 ------ 0
QSO:  7016 CW 2026-07-25 2031 9A5D/P        599 1563 EU-016 DL1JDQ        599 0108 ------ 0
QSO:  3523 CW 2026-07-25 2032 9A5D/P        599 0456 EU-016 SN0RX         599 0428 EU-132 1
QSO:  7016 CW 2026-07-25 2032 9A5D/P        599 1565 EU-016 SE5E          599 0412 ------ 0
QSO:  7016 CW 2026-07-25 2032 9A5D/P        599 1567 EU-016 HG2DX         599 0206 ------ 0
QSO:  7016 CW 2026-07-25 2033 9A5D/P        599 1569 EU-016 DL4YR         599 0058 ------ 0
QSO:  7016 CW 2026-07-25 2034 9A5D/P        599 1571 EU-016 DL2LQC        599 0058 ------ 0
QSO:  7016 CW 2026-07-25 2035 9A5D/P        599 1573 EU-016 DL6NDW        599 0070 ------ 0
QSO:  7016 CW 2026-07-25 2035 9A5D/P        599 1575 EU-016 OH1NA         599 0321 ------ 0
QSO:  7016 CW 2026-07-25 2035 9A5D/P        599 1577 EU-016 OY/G3WVG      599 0710 EU-018 0
QSO:  7016 CW 2026-07-25 2036 9A5D/P        599 1579 EU-016 II3O          599 0010 ------ 0
QSO:  7016 CW 2026-07-25 2037 9A5D/P        599 1581 EU-016 DL8MBS        599 0088 ------ 0
QSO:  7016 CW 2026-07-25 2039 9A5D/P        599 1583 EU-016 YO4NF         599 0315 ------ 0
QSO:  7016 CW 2026-07-25 2039 9A5D/P        599 1585 EU-016 9A1DR         599 0140 ------ 0
QSO:  7016 CW 2026-07-25 2040 9A5D/P        599 1587 EU-016 RA1TU         599 0139 ------ 0
QSO:  7016 CW 2026-07-25 2040 9A5D/P        599 1589 EU-016 YT4L          599 0326 ------ 0
QSO:  7016 CW 2026-07-25 2041 9A5D/P        599 1591 EU-016 9A/DL1AXX     599 0013 EU-136 0
QSO:  7016 CW 2026-07-25 2041 9A5D/P        599 1593 EU-016 F6EZV         599 0132 ------ 0
QSO:  7016 CW 2026-07-25 2042 9A5D/P        599 1595 EU-016 G5O           599 0510 EU-005 0
QSO:  7016 CW 2026-07-25 2042 9A5D/P        599 1597 EU-016 G4ENZ         599 0176 EU-005 0
QSO:  7016 CW 2026-07-25 2043 9A5D/P        599 1599 EU-016 9A7Y          599 0015 ------ 0
QSO:  7016 CW 2026-07-25 2043 9A5D/P        599 1601 EU-016 LZ3TL         599 0003 ------ 0
QSO:  7016 CW 2026-07-25 2044 9A5D/P        599 1603 EU-016 F4KIY         599 0211 ------ 0
QSO:  7016 CW 2026-07-25 2044 9A5D/P        599 1605 EU-016 IZ3ZOO        599 0018 ------ 0
QSO:  7016 CW 2026-07-25 2045 9A5D/P        599 1607 EU-016 LA3BO         599 0342 ------ 0
QSO:  7016 CW 2026-07-25 2045 9A5D/P        599 1609 EU-016 OM2AAZ        599 0055 ------ 0
QSO:  7016 CW 2026-07-25 2046 9A5D/P        599 1611 EU-016 SN2S          599 0003 ------ 0
QSO:  7016 CW 2026-07-25 2046 9A5D/P        599 1613 EU-016 DK3GI         599 0032 ------ 0
QSO:  7016 CW 2026-07-25 2047 9A5D/P        599 1615 EU-016 ON7IO         599 0065 ------ 0
QSO:  7016 CW 2026-07-25 2047 9A5D/P        599 1617 EU-016 SF0A          599 0211 ------ 0
QSO:  7016 CW 2026-07-25 2047 9A5D/P        599 1619 EU-016 SF6W          599 0172 ------ 0
QSO:  7016 CW 2026-07-25 2048 9A5D/P        599 1621 EU-016 E72U          599 0057 ------ 0
QSO:  7016 CW 2026-07-25 2050 9A5D/P        599 1623 EU-016 DK8MM         599 0145 ------ 0
QSO:  7016 CW 2026-07-25 2051 9A5D/P        599 1625 EU-016 IU8RIA        599 0319 ------ 0
QSO:  7016 CW 2026-07-25 2052 9A5D/P        599 1627 EU-016 DF8AA         599 0040 ------ 0
QSO:  7016 CW 2026-07-25 2052 9A5D/P        599 1629 EU-016 YO3APJ        599 0137 ------ 0
QSO:  7016 CW 2026-07-25 2052 9A5D/P        599 1631 EU-016 DL9DAN        599 0040 ------ 0
QSO:  7016 CW 2026-07-25 2053 9A5D/P        599 1633 EU-016 G3BOY         599 0240 EU-005 0
QSO:  7016 CW 2026-07-25 2054 9A5D/P        599 1635 EU-016 HA5UX         599 0165 ------ 0
QSO:  7016 CW 2026-07-25 2054 9A5D/P        599 1637 EU-016 OL1X          599 0167 ------ 0
QSO:  7016 CW 2026-07-25 2055 9A5D/P        599 1639 EU-016 G3SWH         599 0219 EU-005 0
QSO:  7016 CW 2026-07-25 2056 9A5D/P        599 1641 EU-016 HA7RY         599 0274 ------ 0
QSO:  7016 CW 2026-07-25 2056 9A5D/P        599 1643 EU-016 HA7MF         599 0192 ------ 0
QSO:  7016 CW 2026-07-25 2058 9A5D/P        599 1645 EU-016 EA1PJ         599 0012 ------ 0
QSO:  7016 CW 2026-07-25 2058 9A5D/P        599 1647 EU-016 DL6KVA        599 0473 ------ 0
QSO:  7016 CW 2026-07-25 2059 9A5D/P        599 1649 EU-016 YO9HP         599 0154 ------ 0
QSO:  7016 CW 2026-07-25 2059 9A5D/P        599 1651 EU-016 PA3DTR        599 0074 ------ 0
QSO:  7016 CW 2026-07-25 2059 9A5D/P        599 1653 EU-016 9A2AA         599 0392 ------ 0
QSO:  3526 CW 2026-07-25 2059 9A5D/P        599 0458 EU-016 OV7X          599 0496 EU-172 1
QSO:  7016 CW 2026-07-25 2100 9A5D/P        599 1655 EU-016 PC4E          599 0118 ------ 0
QSO:  7016 CW 2026-07-25 2100 9A5D/P        599 1657 EU-016 IT9ORA        599 0117 EU-025 0
QSO:  7016 CW 2026-07-25 2101 9A5D/P        599 1659 EU-016 DK5RK         599 0082 ------ 0
QSO:  7016 CW 2026-07-25 2102 9A5D/P        599 1661 EU-016 EJ3Z          599 0562 EU-121 0
QSO:  7016 CW 2026-07-25 2102 9A5D/P        599 1663 EU-016 SM7PKK        599 0129 ------ 0
QSO:  7016 CW 2026-07-25 2104 9A5D/P        599 1665 EU-016 ON4ADL        599 0059 ------ 0
QSO:  7016 CW 2026-07-25 2104 9A5D/P        599 1667 EU-016 DL1PAN        599 0032 ------ 0
QSO:  7016 CW 2026-07-25 2104 9A5D/P        599 1669 EU-016 DR7I          599 0127 ------ 0
QSO:  7016 CW 2026-07-25 2105 9A5D/P        599 1671 EU-016 SN7F          599 0139 ------ 0
QSO:  7016 CW 2026-07-25 2107 9A5D/P        599 1673 EU-016 I2WIJ         599 0072 ------ 0
QSO:  7016 CW 2026-07-25 2107 9A5D/P        599 1675 EU-016 DL5DTG        599 0184 ------ 0
QSO:  7016 CW 2026-07-25 2108 9A5D/P        599 1677 EU-016 DL4PJ         599 0012 ------ 0
QSO:  7016 CW 2026-07-25 2108 9A5D/P        599 1679 EU-016 DL2OE         599 0130 ------ 0
QSO:  7016 CW 2026-07-25 2108 9A5D/P        599 1681 EU-016 G3TXF         599 0434 EU-005 0
QSO:  7016 CW 2026-07-25 2109 9A5D/P        599 1683 EU-016 DL3ANK        599 0095 ------ 0
QSO:  7016 CW 2026-07-25 2109 9A5D/P        599 1685 EU-016 GJ0KYZ        599 0008 EU-013 0
QSO:  7016 CW 2026-07-25 2110 9A5D/P        599 1687 EU-016 PE2K          599 0128 ------ 0
QSO:  7016 CW 2026-07-25 2110 9A5D/P        599 1689 EU-016 YL2TD         599 0118 ------ 0
QSO:  7016 CW 2026-07-25 2111 9A5D/P        599 1691 EU-016 F6GNP/M       599 0043 ------ 0
QSO:  7016 CW 2026-07-25 2112 9A5D/P        599 1693 EU-016 DL3YM         599 0085 ------ 0
QSO:  7016 CW 2026-07-25 2112 9A5D/P        599 1695 EU-016 DL2DRU        599 0018 ------ 0
QSO:  7016 CW 2026-07-25 2113 9A5D/P        599 1697 EU-016 UR5LRA        599 0055 ------ 0
QSO:  7016 CW 2026-07-25 2115 9A5D/P        599 1699 EU-016 G4ZFE         599 0156 EU-005 0
QSO:  7016 CW 2026-07-25 2115 9A5D/P        599 1701 EU-016 F8CRS         599 0190 ------ 0
QSO:  3524 CW 2026-07-25 2118 9A5D/P        599 0460 EU-016 ES0Q          599 0430 EU-034 1
QSO:  7116 PH 2026-07-25 2122 9A5D/P        59  1703 EU-016 F4KIY         59  0246 ------ 0
QSO:  7116 PH 2026-07-25 2122 9A5D/P        59  1705 EU-016 DA1DX         59  0602 ------ 0
QSO:  7116 PH 2026-07-25 2122 9A5D/P        59  1707 EU-016 DL3ANK        59  0105 ------ 0
QSO:  3520 CW 2026-07-25 2122 9A5D/P        599 0462 EU-016 M8M           599 0175 EU-005 1
QSO:  7116 PH 2026-07-25 2123 9A5D/P        59  1709 EU-016 F8CRS         59  0199 ------ 0
QSO:  7116 PH 2026-07-25 2124 9A5D/P        59  1711 EU-016 IZ8FCA        59  0107 ------ 0
QSO:  7116 PH 2026-07-25 2124 9A5D/P        59  1713 EU-016 2E0YEH        59  0358 EU-005 0
QSO:  7116 PH 2026-07-25 2124 9A5D/P        59  1715 EU-016 IN3VVK        59  0566 ------ 0
QSO:  7116 PH 2026-07-25 2125 9A5D/P        59  1717 EU-016 9A2MF         59  0013 ------ 0
QSO:  7116 PH 2026-07-25 2125 9A5D/P        59  1719 EU-016 LA3BO         59  0356 ------ 0
QSO:  7116 PH 2026-07-25 2126 9A5D/P        59  1721 EU-016 OE6MMD        59  0094 ------ 0
QSO:  3523 CW 2026-07-25 2126 9A5D/P        599 0464 EU-016 SK3T          599 1149 EU-176 1
QSO:  7116 PH 2026-07-25 2127 9A5D/P        59  1723 EU-016 OM2AAZ        59  0076 ------ 0
QSO:  7116 PH 2026-07-25 2128 9A5D/P        59  1725 EU-016 ON4LUC        59  0015 ------ 0
QSO:  7116 PH 2026-07-25 2128 9A5D/P        59  1727 EU-016 DD1SB         59  0097 ------ 0
QSO:  7116 PH 2026-07-25 2128 9A5D/P        59  1729 EU-016 IZ7ECL        59  0612 ------ 0
QSO:  7116 PH 2026-07-25 2129 9A5D/P        59  1731 EU-016 M1N           59  0271 EU-005 0
QSO:  7116 PH 2026-07-25 2129 9A5D/P        59  1733 EU-016 SV1EJU        59  0015 ------ 0
QSO:  7116 PH 2026-07-25 2129 9A5D/P        59  1735 EU-016 GM4B          59  0070 EU-005 0
QSO:  7116 PH 2026-07-25 2130 9A5D/P        59  1737 EU-016 UZ7C          59  0620 ------ 0
QSO:  7116 PH 2026-07-25 2130 9A5D/P        59  1739 EU-016 DL5NCN        59  0035 ------ 0
QSO: 14197 PH 2026-07-25 2130 9A5D/P        59  0466 EU-016 IQ8UC         59  0676 EU-031 1
QSO:  7116 PH 2026-07-25 2130 9A5D/P        59  1741 EU-016 MU5E          59  0510 EU-114 0
QSO:  7116 PH 2026-07-25 2131 9A5D/P        59  1743 EU-016 OE1BAA        59  0053 ------ 0
QSO:  3533 CW 2026-07-25 2131 9A5D/P        599 0468 EU-016 SV8/DL1DAW    599 0328 EU-050 1
QSO: 14200 PH 2026-07-25 2132 9A5D/P        59  0470 EU-016 TF3W          59  1065 EU-021 1
QSO:  7116 PH 2026-07-25 2132 9A5D/P        59  1745 EU-016 PE1EWR        59  0072 ------ 0
QSO:  7116 PH 2026-07-25 2132 9A5D/P        59  1747 EU-016 DM9EE         59  0011 ------ 0
QSO:  7116 PH 2026-07-25 2132 9A5D/P        59  1749 EU-016 DJ6RN         59  0057 ------ 0
QSO:  7116 PH 2026-07-25 2134 9A5D/P        59  1751 EU-016 II2Q          59  0656 ------ 0
QSO: 14267 PH 2026-07-25 2134 9A5D/P        59  0472 EU-016 VP5G          59  0589 NA-002 1
QSO:  7116 PH 2026-07-25 2134 9A5D/P        59  1753 EU-016 M2T           59  1365 EU-008 0
QSO:  7116 PH 2026-07-25 2135 9A5D/P        59  1755 EU-016 SV8IIR        59  0345 EU-067 0
QSO:  7116 PH 2026-07-25 2135 9A5D/P        59  1757 EU-016 PI4DX         59  0518 ------ 0
QSO:  7116 PH 2026-07-25 2135 9A5D/P        59  1759 EU-016 PA1H          59  0028 ------ 0
QSO:  7116 PH 2026-07-25 2136 9A5D/P        59  1761 EU-016 EI3ENB        59  0030 EU-115 0
QSO:  7116 PH 2026-07-25 2136 9A5D/P        59  1763 EU-016 DJ6HR         59  0081 ------ 0
QSO:  7116 PH 2026-07-25 2136 9A5D/P        59  1765 EU-016 DL4BG         59  0036 ------ 0
QSO:  7116 PH 2026-07-25 2137 9A5D/P        59  1767 EU-016 F5PAL         59  0285 ------ 0
QSO:  7116 PH 2026-07-25 2137 9A5D/P        59  1769 EU-016 G5TM          59  0228 EU-005 0
QSO: 14210 PH 2026-07-25 2137 9A5D/P        59  0474 EU-016 CQ7OTA        59  0594 EU-145 1
QSO:  7116 PH 2026-07-25 2138 9A5D/P        59  1771 EU-016 DG6KBG        59  0013 ------ 0
QSO:  7116 PH 2026-07-25 2138 9A5D/P        59  1773 EU-016 9A1AA         59  0411 ------ 0
QSO:  3549 CW 2026-07-25 2139 9A5D/P        599 0476 EU-016 9A6A          599 0841 EU-016 1
QSO:  7116 PH 2026-07-25 2139 9A5D/P        59  1775 EU-016 OG6B          59  0297 ------ 0
QSO:  3518 CW 2026-07-25 2140 9A5D/P        599 0478 EU-016 I/DL3NC       599 0888 EU-017 1
QSO:  7113 PH 2026-07-25 2140 9A5D/P        59  1777 EU-016 OY/G3WVG      59  0828 EU-018 0
QSO:  7118 PH 2026-07-25 2141 9A5D/P        59  1779 EU-016 9A2L          59  0521 EU-016 0
QSO:  7121 PH 2026-07-25 2141 9A5D/P        59  1781 EU-016 PE146U        59  0910 EU-146 0
QSO: 14313 PH 2026-07-25 2141 9A5D/P        59  0480 EU-016 K4QQG         59  0122 NA-110 1
QSO:  7182 PH 2026-07-25 2142 9A5D/P        59  1783 EU-016 II3Y          59  1172 EU-130 0
QSO:  7157 PH 2026-07-25 2143 9A5D/P        59  1785 EU-016 EI7M          59  0561 EU-115 0
QSO:  7116 PH 2026-07-25 2144 9A5D/P        59  1787 EU-016 9A9O          59  0161 ------ 0
QSO:  3517 CW 2026-07-25 2144 9A5D/P        599 0482 EU-016 IS0ZOD        599 0135 EU-024 1
QSO:  7116 PH 2026-07-25 2145 9A5D/P        59  1789 EU-016 SQ9DJQ        59  0126 ------ 0
QSO:  7116 PH 2026-07-25 2146 9A5D/P        59  1791 EU-016 EA8DOX        59  0010 AF-004 0
QSO: 14017 CW 2026-07-25 2146 9A5D/P        599 0484 EU-016 N1LI          599 0381 NA-137 1
QSO:  7116 PH 2026-07-25 2147 9A5D/P        59  1793 EU-016 F4JEJ         59  0117 ------ 0
QSO:  7116 PH 2026-07-25 2148 9A5D/P        59  1795 EU-016 IX1CKN        59  0010 ------ 0
QSO:  7115 PH 2026-07-25 2149 9A5D/P        59  1797 EU-016 S5/M0MPM      59  0065 ------ 0
QSO:  3520 CW 2026-07-25 2150 9A5D/P        599 0486 EU-016 DK3R          599 1481 EU-057 1
QSO: 14046 CW 2026-07-25 2151 9A5D/P        599 0488 EU-016 KU8E          599 0154 NA-058 1
QSO:  7015 CW 2026-07-25 2153 9A5D/P        599 1799 EU-016 OZ4O          599 0177 EU-029 0
QSO:  7015 CW 2026-07-25 2153 9A5D/P        599 1801 EU-016 DL5NO         599 0033 ------ 0
QSO:  7015 CW 2026-07-25 2153 9A5D/P        599 1803 EU-016 Z35M          599 0108 ------ 0
QSO:  7015 CW 2026-07-25 2154 9A5D/P        599 1805 EU-016 9A5CY         599 0002 ------ 0
QSO:  7015 CW 2026-07-25 2154 9A5D/P        599 1807 EU-016 UZ5ZV         599 0055 ------ 0
QSO:  7015 CW 2026-07-25 2155 9A5D/P        599 1809 EU-016 DM5DX         599 0218 ------ 0
QSO: 14014 CW 2026-07-25 2155 9A5D/P        599 0490 EU-016 PJ4WW         599 0150 SA-006 1
QSO:  3683 PH 2026-07-25 2156 9A5D/P        59  0492 EU-016 IQ3AZ         59  0854 EU-130 1
QSO:  7015 CW 2026-07-25 2156 9A5D/P        599 1811 EU-016 YU1LM/QRP     599 0030 ------ 0
QSO:  7015 CW 2026-07-25 2156 9A5D/P        599 1813 EU-016 UT5EL         599 0229 ------ 0
QSO:  7015 CW 2026-07-25 2157 9A5D/P        599 1815 EU-016 9A2EY         599 0067 ------ 0
QSO:  7015 CW 2026-07-25 2157 9A5D/P        599 1817 EU-016 OK1OA         599 0134 ------ 0
QSO:  7015 CW 2026-07-25 2158 9A5D/P        599 1819 EU-016 PA3DSB        599 0113 ------ 0
QSO:  7015 CW 2026-07-25 2158 9A5D/P        599 1821 EU-016 OH1SIC        599 0325 EU-096 0
QSO:  7015 CW 2026-07-25 2159 9A5D/P        599 1823 EU-016 OG6N          599 0309 ------ 0
QSO:  7015 CW 2026-07-25 2201 9A5D/P        599 1825 EU-016 DL4XU         599 0144 ------ 0
QSO:  3527 CW 2026-07-25 2201 9A5D/P        599 0494 EU-016 PE146U        599 0976 EU-146 1
QSO:  7015 CW 2026-07-25 2201 9A5D/P        599 1827 EU-016 IK5MEP        599 0207 ------ 0
QSO:  7015 CW 2026-07-25 2202 9A5D/P        599 1829 EU-016 EX8MJ         599 0114 ------ 0
QSO:  3521 CW 2026-07-25 2203 9A5D/P        599 0496 EU-016 P3X           599 1389 AS-004 1
QSO:  7153 PH 2026-07-25 2204 9A5D/P        59  1831 EU-016 IO3M          59  1441 EU-131 0
QSO:  3733 PH 2026-07-25 2205 9A5D/P        59  0498 EU-016 GM7V          59  1810 EU-010 1
QSO:  3517 CW 2026-07-25 2206 9A5D/P        599 0500 EU-016 LB5WB         599 0610 EU-055 1
QSO:  3525 CW 2026-07-25 2209 9A5D/P        599 0502 EU-016 G5XV          599 1230 EU-120 1
QSO:  3526 CW 2026-07-25 2211 9A5D/P        599 0504 EU-016 MI5I          599 0811 EU-115 1
QSO:  7008 CW 2026-07-25 2211 9A5D/P        599 1833 EU-016 TF3W          599 1126 EU-021 0
QSO:  7015 CW 2026-07-25 2213 9A5D/P        599 1835 EU-016 HA5JP         599 0076 ------ 0
QSO:  3727 PH 2026-07-25 2213 9A5D/P        59  0506 EU-016 IS0ZOD        59  1434 EU-024 1
QSO:  7015 CW 2026-07-25 2214 9A5D/P        599 1837 EU-016 G3WRJ         599 0004 EU-005 0
QSO:  3524 CW 2026-07-25 2214 9A5D/P        599 0508 EU-016 IO3M          599 1459 EU-131 1
QSO:  7015 CW 2026-07-25 2214 9A5D/P        599 1839 EU-016 9A3JH         599 0186 ------ 0
QSO:  7015 CW 2026-07-25 2215 9A5D/P        599 1841 EU-016 OK6OK         599 0109 ------ 0
QSO:  7015 CW 2026-07-25 2216 9A5D/P        599 1843 EU-016 OM2VL         599 1039 ------ 0
QSO:  7015 CW 2026-07-25 2216 9A5D/P        599 1845 EU-016 G4XEE         599 0024 EU-005 0
QSO:  7015 CW 2026-07-25 2216 9A5D/P        599 1847 EU-016 LZ6E          599 0349 ------ 0
QSO:  3519 CW 2026-07-25 2217 9A5D/P        599 0510 EU-016 SV8OVJ        599 0522 EU-067 1
QSO:  7015 CW 2026-07-25 2218 9A5D/P        599 1849 EU-016 SM5DXR        599 0063 ------ 0
QSO:  3520 CW 2026-07-25 2220 9A5D/P        599 0512 EU-016 IP9R          599 0534 EU-025 1
QSO:  7010 CW 2026-07-25 2220 9A5D/P        599 1851 EU-016 GM7V          599 2117 EU-010 0
QSO: 14007 CW 2026-07-25 2221 9A5D/P        599 0514 EU-016 TJ1GD/P       599 0399 AF-095 1
QSO:  7015 CW 2026-07-25 2221 9A5D/P        599 1853 EU-016 M4T           599 0571 EU-005 0
QSO:  7015 CW 2026-07-25 2222 9A5D/P        599 1855 EU-016 SV9/DH8BQA    599 0577 EU-015 0
QSO:  3530 CW 2026-07-25 2222 9A5D/P        599 0516 EU-016 IQ3AZ         599 0885 EU-130 1
QSO: 14007 CW 2026-07-25 2223 9A5D/P        599 0518 EU-016 N4YDU         599 0266 NA-067 1
QSO:  7016 CW 2026-07-25 2223 9A5D/P        599 1857 EU-016 IF9/IT9PPG    599 0405 EU-054 0
QSO:  7015 CW 2026-07-25 2224 9A5D/P        599 1859 EU-016 HA1AR         599 0126 ------ 0
QSO:  7015 CW 2026-07-25 2224 9A5D/P        599 1861 EU-016 HA5GF         599 0159 ------ 0
QSO:  7015 CW 2026-07-25 2225 9A5D/P        599 1863 EU-016 DJ5NE         599 0054 ------ 0
QSO: 14216 PH 2026-07-25 2225 9A5D/P        59  0520 EU-016 CG2C          59  0774 NA-038 1
QSO:  7015 CW 2026-07-25 2226 9A5D/P        599 1865 EU-016 Z31PM         599 0082 ------ 0
QSO:  7025 CW 2026-07-25 2227 9A5D/P        599 1867 EU-016 5Q5W          599 0278 EU-171 0
QSO:  7015 CW 2026-07-25 2228 9A5D/P        599 1869 EU-016 OL0A          599 0112 ------ 0
QSO:  7015 CW 2026-07-25 2228 9A5D/P        599 1871 EU-016 4U1A          599 0092 ------ 0
QSO:  7015 CW 2026-07-25 2229 9A5D/P        599 1873 EU-016 VE3CT         599 0158 ------ 0
QSO:  7015 CW 2026-07-25 2230 9A5D/P        599 1875 EU-016 DL1AH         599 0046 ------ 0
QSO:  7015 CW 2026-07-25 2231 9A5D/P        599 1877 EU-016 UR7LK         599 0122 ------ 0
QSO: 14272 PH 2026-07-25 2231 9A5D/P        59  0522 EU-016 KS2G          59  0084 NA-026 1
QSO:  7015 CW 2026-07-25 2231 9A5D/P        599 1879 EU-016 OK1TA         599 0282 ------ 0
QSO:  7015 CW 2026-07-25 2232 9A5D/P        599 1881 EU-016 G4IRN         599 0729 EU-005 0
QSO:  7015 CW 2026-07-25 2232 9A5D/P        599 1883 EU-016 9A8DV         599 1094 EU-016 0
QSO: 14200 PH 2026-07-25 2233 9A5D/P        59  0524 EU-016 CS4AR         59  0138 EU-175 1
QSO:  7015 CW 2026-07-25 2233 9A5D/P        599 1885 EU-016 DK3R          599 1576 EU-057 0
QSO:  3516 CW 2026-07-25 2234 9A5D/P        599 0526 EU-016 IP1X          599 1572 EU-083 1
QSO:  7015 CW 2026-07-25 2234 9A5D/P        599 1887 EU-016 IU7RBN        599 0009 ------ 0
QSO:  7015 CW 2026-07-25 2234 9A5D/P        599 1889 EU-016 OK2BFN        599 0144 ------ 0
QSO: 14277 PH 2026-07-25 2235 9A5D/P        59  0528 EU-016 ZF2VE         59  0581 NA-016 1
QSO:  7031 CW 2026-07-25 2236 9A5D/P        599 1891 EU-016 SV8/DH5FS     599 0871 EU-052 0
QSO:  3514 CW 2026-07-25 2238 9A5D/P        599 0530 EU-016 PC38EU        599 0867 EU-038 1
QSO:  7021 CW 2026-07-25 2238 9A5D/P        599 1893 EU-016 9H1PI         599 0260 EU-023 0
QSO:  7015 CW 2026-07-25 2239 9A5D/P        599 1895 EU-016 MM2T          599 0344 EU-005 0
QSO:  7015 CW 2026-07-25 2240 9A5D/P        599 1897 EU-016 HA8MN         599 0048 ------ 0
QSO:  7015 CW 2026-07-25 2240 9A5D/P        599 1899 EU-016 TM7A          599 0329 ------ 0
QSO:  7015 CW 2026-07-25 2241 9A5D/P        599 1901 EU-016 IN3MDR        599 0046 ------ 0
QSO:  7015 CW 2026-07-25 2241 9A5D/P        599 1903 EU-016 FM5KE         599 0450 NA-107 0
QSO:  7015 CW 2026-07-25 2242 9A5D/P        599 1905 EU-016 SM5/UY5OO     599 0125 ------ 0
QSO:  7015 CW 2026-07-25 2242 9A5D/P        599 1907 EU-016 7Z1SJ         599 0104 ------ 0
QSO:  7027 CW 2026-07-25 2243 9A5D/P        599 1909 EU-016 G6PZ          599 0009 EU-005 0
QSO:  7015 CW 2026-07-25 2245 9A5D/P        599 1911 EU-016 PA0JED        599 0072 ------ 0
QSO:  3540 CW 2026-07-25 2246 9A5D/P        599 0532 EU-016 GM7A          599 0713 EU-008 1
QSO:  7027 CW 2026-07-25 2246 9A5D/P        599 1913 EU-016 G6PZ          599 0013 EU-005 0
QSO:  7016 CW 2026-07-25 2247 9A5D/P        599 1915 EU-016 UA6AA         599 0118 ------ 0
QSO:  3550 CW 2026-07-25 2248 9A5D/P        599 0534 EU-016 CT3KN         599 0889 AF-014 1
QSO:  7016 CW 2026-07-25 2248 9A5D/P        599 1917 EU-016 VA1MM         599 0231 ------ 0
QSO:  7016 CW 2026-07-25 2249 9A5D/P        599 1919 EU-016 HA5AX         599 0178 ------ 0
QSO:  3528 CW 2026-07-25 2250 9A5D/P        599 0536 EU-016 OY1CT         599 0989 EU-018 1
QSO:  3688 PH 2026-07-25 2250 9A5D/P        59  0538 EU-016 9A8DV         59  1121 EU-016 1
QSO:  7018 CW 2026-07-25 2251 9A5D/P        599 1921 EU-016 AA1AC         599 0302 NA-031 0
QSO:  7016 CW 2026-07-25 2252 9A5D/P        599 1923 EU-016 G4DBW         599 0457 EU-005 0
QSO:  7005 CW 2026-07-25 2254 9A5D/P        599 1925 EU-016 TK5K          599 1013 EU-014 0
QSO:  7003 CW 2026-07-25 2257 9A5D/P        599 1927 EU-016 PJ4WW         599 0197 SA-006 0
QSO: 14029 CW 2026-07-25 2258 9A5D/P        599 0540 EU-016 KP2M          599 0657 NA-106 1
QSO:  7016 CW 2026-07-25 2259 9A5D/P        599 1929 EU-016 DM5DM         599 0025 ------ 0
QSO: 14180 PH 2026-07-25 2259 9A5D/P        59  0542 EU-016 VO1GO         59  0156 NA-027 1
QSO:  7016 CW 2026-07-25 2302 9A5D/P        599 1931 EU-016 MI4I          599 0265 EU-115 0
QSO:  7016 CW 2026-07-25 2302 9A5D/P        599 1933 EU-016 OR7K          599 0357 ------ 0
QSO:  7016 CW 2026-07-25 2303 9A5D/P        599 1935 EU-016 N3RJ          599 0142 ------ 0
QSO:  7016 CW 2026-07-25 2303 9A5D/P        599 1937 EU-016 EA5XA         599 0064 ------ 0
QSO:  3539 CW 2026-07-25 2305 9A5D/P        599 0544 EU-016 OH1SIC        599 0370 EU-096 1
QSO:  7016 CW 2026-07-25 2305 9A5D/P        599 1939 EU-016 IK1NNX        599 0155 ------ 0
QSO:  7016 CW 2026-07-25 2306 9A5D/P        599 1941 EU-016 G3VGZ         599 0081 EU-005 0
QSO:  7013 CW 2026-07-25 2307 9A5D/P        599 1943 EU-016 IE9/OL5Y      599 0974 EU-051 0
QSO:  3519 CW 2026-07-25 2308 9A5D/P        599 0546 EU-016 MU5E          599 0555 EU-114 1
QSO:  7006 CW 2026-07-25 2310 9A5D/P        599 1945 EU-016 K4RUM         599 0539 NA-026 0
QSO:  7014 CW 2026-07-25 2313 9A5D/P        599 1947 EU-016 N3AM          599 0057 ------ 0
QSO:  3765 PH 2026-07-25 2315 9A5D/P        59  0548 EU-016 PA/OQ4T       59  0327 EU-146 1
QSO:  7023 CW 2026-07-25 2317 9A5D/P        599 1949 EU-016 ZF2VE         599 0663 NA-016 0
QSO:  3790 PH 2026-07-25 2319 9A5D/P        59  0550 EU-016 GM4AGG/P      59  0557 EU-123 1
QSO:  3780 PH 2026-07-25 2319 9A5D/P        59  0552 EU-016 SX5P          59  0222 EU-001 1
QSO:  7143 PH 2026-07-25 2320 9A5D/P        59  1951 EU-016 M0XXT         59  0688 EU-005 0
QSO: 14293 PH 2026-07-25 2321 9A5D/P        59  0554 EU-016 K4TMC         59  0139 NA-112 1
QSO:  7143 PH 2026-07-25 2321 9A5D/P        59  1953 EU-016 F4ABI         59  0187 ------ 0
QSO:  3748 PH 2026-07-25 2322 9A5D/P        59  0556 EU-016 EJ9MV         59  1025 EU-121 1
QSO:  7143 PH 2026-07-25 2322 9A5D/P        59  1955 EU-016 F4LJF         59  0517 ------ 0
QSO:  7143 PH 2026-07-25 2322 9A5D/P        59  1957 EU-016 F4MAI         59  0378 ------ 0
QSO:  7143 PH 2026-07-25 2323 9A5D/P        59  1959 EU-016 EA3AAY        59  0042 ------ 0
QSO:  3683 PH 2026-07-25 2323 9A5D/P        59  0558 EU-016 GM2T          59  1860 EU-008 1
QSO:  3685 PH 2026-07-25 2324 9A5D/P        59  0560 EU-016 G5XV          59  1345 EU-120 1
QSO:  7143 PH 2026-07-25 2324 9A5D/P        59  1961 EU-016 OZ/K3ZJ       59  0347 EU-172 0
QSO:  7143 PH 2026-07-25 2324 9A5D/P        59  1963 EU-016 MW0D          59  0476 EU-005 0
QSO:  3776 PH 2026-07-25 2324 9A5D/P        59  0562 EU-016 G4AFF         59  3533 EU-005 1
QSO:  7143 PH 2026-07-25 2324 9A5D/P        59  1965 EU-016 PA6AA         59  0200 ------ 0
QSO:  7143 PH 2026-07-25 2325 9A5D/P        59  1967 EU-016 SM4VBO        59  0161 ------ 0
QSO:  7143 PH 2026-07-25 2325 9A5D/P        59  1969 EU-016 DL9DX         59  0101 ------ 0
QSO:  3523 CW 2026-07-25 2325 9A5D/P        599 0564 EU-016 GM7V          599 2020 EU-010 1
QSO:  7143 PH 2026-07-25 2326 9A5D/P        59  1971 EU-016 M8EVM         59  0149 EU-005 0
QSO:  7143 PH 2026-07-25 2327 9A5D/P        59  1973 EU-016 IW3SKX        59  0087 ------ 0
QSO: 14285 PH 2026-07-25 2327 9A5D/P        59  0566 EU-016 K4T           59  0424 NA-083 1
QSO:  7143 PH 2026-07-25 2327 9A5D/P        59  1975 EU-016 G4DRS         59  0735 EU-005 0
QSO:  7143 PH 2026-07-25 2328 9A5D/P        59  1977 EU-016 CR3W          59  1967 AF-014 0
QSO:  7143 PH 2026-07-25 2328 9A5D/P        59  1979 EU-016 YO3IPR        59  0042 ------ 0
QSO: 14026 CW 2026-07-25 2328 9A5D/P        599 0568 EU-016 V4/AC6ZM      599 0379 NA-104 1
QSO:  3513 CW 2026-07-25 2328 9A5D/P        599 0570 EU-016 9A/OM6NM      599 0954 EU-136 1
QSO:  7143 PH 2026-07-25 2328 9A5D/P        59  1981 EU-016 PD4AN         59  0025 ------ 0
QSO:  7143 PH 2026-07-25 2330 9A5D/P        59  1983 EU-016 ES2UN         59  0366 EU-149 0
QSO:  7143 PH 2026-07-25 2331 9A5D/P        59  1985 EU-016 9A2BD         59  0478 ------ 0
QSO:  7143 PH 2026-07-25 2331 9A5D/P        59  1987 EU-016 LC5C          59  0160 EU-046 0
QSO:  7143 PH 2026-07-25 2333 9A5D/P        59  1989 EU-016 LX2RC         59  0009 ------ 0
QSO:  3518 CW 2026-07-25 2334 9A5D/P        599 0572 EU-016 TF3W          599 1252 EU-021 1
QSO:  7143 PH 2026-07-25 2334 9A5D/P        59  1991 EU-016 OK4R          59  0229 ------ 0
QSO:  7143 PH 2026-07-25 2334 9A5D/P        59  1993 EU-016 OM3KUK        59  0040 ------ 0
QSO:  3730 PH 2026-07-25 2335 9A5D/P        59  0574 EU-016 SK3T          59  1426 EU-176 1
QSO:  3723 PH 2026-07-25 2336 9A5D/P        59  0576 EU-016 EI7M          59  3032 EU-115 1
QSO:  7143 PH 2026-07-25 2337 9A5D/P        59  1995 EU-016 M0URB         59  0027 EU-005 0
QSO:  7143 PH 2026-07-25 2337 9A5D/P        59  1997 EU-016 OM2DDT        59  0101 ------ 0
QSO:  3633 PH 2026-07-25 2339 9A5D/P        59  0578 EU-016 I/DL3NC       59  0932 EU-017 1
QSO:  7160 PH 2026-07-25 2340 9A5D/P        59  1999 EU-016 MM5DB/P       59  0633 EU-010 0
QSO:  3733 PH 2026-07-25 2341 9A5D/P        59  0580 EU-016 IP1X          59  1709 EU-083 1
QSO:  7143 PH 2026-07-25 2341 9A5D/P        59  2001 EU-016 M1Q           59  0010 EU-005 0
QSO:  7143 PH 2026-07-25 2342 9A5D/P        59  2003 EU-016 G3RXQ         59  0454 EU-005 0
QSO:  7143 PH 2026-07-25 2343 9A5D/P        59  2005 EU-016 PD4AN         59  0031 ------ 0
QSO:  3533 CW 2026-07-25 2347 9A5D/P        599 2007 EU-016 9A2L          599 0602 EU-016 0
QSO:  3533 CW 2026-07-25 2347 9A5D/P        599 2009 EU-016 OG3B          599 0786 ------ 0
QSO:  3533 CW 2026-07-25 2348 9A5D/P        599 2011 EU-016 DA1DX         599 0761 ------ 0
QSO:  3533 CW 2026-07-25 2348 9A5D/P        599 2013 EU-016 SP4Z          599 0100 ------ 0
QSO:  3533 CW 2026-07-25 2348 9A5D/P        599 2015 EU-016 DJ2YA         599 0144 ------ 0
QSO:  3533 CW 2026-07-25 2349 9A5D/P        599 2017 EU-016 G2NF          599 0445 EU-005 0
QSO:  7032 CW 2026-07-25 2349 9A5D/P        599 0582 EU-016 DK1A          599 1262 EU-129 1
QSO:  3533 CW 2026-07-25 2349 9A5D/P        599 2019 EU-016 OG6N          599 0370 ------ 0
QSO:  3533 CW 2026-07-25 2350 9A5D/P        599 2021 EU-016 HA7RY         599 0404 ------ 0
QSO:  3533 CW 2026-07-25 2350 9A5D/P        599 2023 EU-016 9A2EU         599 0239 ------ 0
QSO:  3533 CW 2026-07-25 2351 9A5D/P        599 2025 EU-016 EA5XA         599 0076 ------ 0
QSO:  7174 PH 2026-07-25 2351 9A5D/P        59  0584 EU-016 G5XV          59  1394 EU-120 1
QSO:  3533 CW 2026-07-25 2352 9A5D/P        599 2027 EU-016 IP9R          599 0613 EU-025 0
QSO:  3533 CW 2026-07-25 2352 9A5D/P        599 2029 EU-016 YU7BW         599 0369 ------ 0
QSO:  3533 CW 2026-07-25 2352 9A5D/P        599 2031 EU-016 9A8DV         599 1205 EU-016 0
QSO:  3523 CW 2026-07-25 2354 9A5D/P        599 2033 EU-016 5Q5W          599 0387 EU-171 0
QSO:  3720 PH 2026-07-25 2357 9A5D/P        59  2035 EU-016 9A/OM6NM      59  0999 EU-136 0
QSO:  3748 PH 2026-07-25 2359 9A5D/P        59  2037 EU-016 DK3R          59  1767 EU-057 0
QSO:  3707 PH 2026-07-26 0000 9A5D/P        59  2039 EU-016 9A2BD         59  0489 ------ 0
QSO:  3707 PH 2026-07-26 0000 9A5D/P        59  2041 EU-016 UZ7C          59  0789 ------ 0
QSO:  3707 PH 2026-07-26 0000 9A5D/P        59  2043 EU-016 OK4R          59  0243 ------ 0
QSO:  3707 PH 2026-07-26 0001 9A5D/P        59  2045 EU-016 DK1A          59  1483 EU-129 0
QSO:  3707 PH 2026-07-26 0002 9A5D/P        59  2047 EU-016 IZ1LEJ        59  0050 ------ 0
QSO:  3707 PH 2026-07-26 0002 9A5D/P        59  2049 EU-016 G2L           59  0477 EU-005 0
QSO:  3707 PH 2026-07-26 0003 9A5D/P        59  2051 EU-016 IN3VVK        59  0769 ------ 0
QSO:  3515 CW 2026-07-26 0005 9A5D/P        599 2053 EU-016 SV8/DH5FS     599 0955 EU-052 0
QSO:  3533 CW 2026-07-26 0006 9A5D/P        599 2055 EU-016 G4IRN         599 0843 EU-005 0
QSO:  3533 CW 2026-07-26 0007 9A5D/P        599 2057 EU-016 SF6J          599 0087 ------ 0
QSO:  3533 CW 2026-07-26 0008 9A5D/P        599 2059 EU-016 DL6KVA        599 0629 ------ 0
QSO:  3533 CW 2026-07-26 0008 9A5D/P        599 2061 EU-016 HA3OU         599 0596 ------ 0
QSO:  3533 CW 2026-07-26 0009 9A5D/P        599 2063 EU-016 HA4FB         599 0440 ------ 0
QSO:  3533 CW 2026-07-26 0009 9A5D/P        599 2065 EU-016 UT7CR         599 0730 ------ 0
QSO:  3533 CW 2026-07-26 0010 9A5D/P        599 2067 EU-016 LZ1VKD        599 0190 ------ 0
QSO:  3542 CW 2026-07-26 0012 9A5D/P        599 2069 EU-016 SV9/DH8BQA    599 0752 EU-015 0
QSO:  3533 CW 2026-07-26 0013 9A5D/P        599 2071 EU-016 HB9IIH        599 0072 ------ 0
QSO:  7036 CW 2026-07-26 0014 9A5D/P        599 0586 EU-016 VP2MAA        599 0465 NA-103 1
QSO:  3760 PH 2026-07-26 0016 9A5D/P        59  0588 EU-016 TK5K          59  1436 EU-014 1
QSO:  3717 PH 2026-07-26 0016 9A5D/P        59  0590 EU-016 MD7C          59  1434 EU-116 1
QSO:  7030 CW 2026-07-26 0017 9A5D/P        599 2073 EU-016 RG5A          599 0199 ------ 0
QSO:  7030 CW 2026-07-26 0017 9A5D/P        599 2075 EU-016 ON4FF         599 0162 ------ 0
QSO:  7030 CW 2026-07-26 0018 9A5D/P        599 2077 EU-016 W3RJ          599 0231 ------ 0
QSO:  7030 CW 2026-07-26 0018 9A5D/P        599 2079 EU-016 N6AR          599 0292 ------ 0
QSO:  7030 CW 2026-07-26 0019 9A5D/P        599 2081 EU-016 YO3LW         599 0058 ------ 0
QSO: 14011 CW 2026-07-26 0019 9A5D/P        599 0592 EU-016 ZM4T          599 0037 OC-036 1
QSO:  7030 CW 2026-07-26 0019 9A5D/P        599 2083 EU-016 K1ZZ          599 0462 ------ 0
QSO:  7030 CW 2026-07-26 0021 9A5D/P        599 2085 EU-016 5Q5M          599 0189 EU-029 0
QSO:  7030 CW 2026-07-26 0022 9A5D/P        599 2087 EU-016 UA1OMS        599 0006 ------ 0
QSO:  7030 CW 2026-07-26 0022 9A5D/P        599 2089 EU-016 C4E           599 0840 AS-004 0
QSO:  7030 CW 2026-07-26 0023 9A5D/P        599 2091 EU-016 IT9RZU        599 0362 EU-025 0
QSO:  7030 CW 2026-07-26 0023 9A5D/P        599 2093 EU-016 AB2E          599 0005 ------ 0
QSO:  3514 CW 2026-07-26 0024 9A5D/P        599 0594 EU-016 IT9BLB/IH9    599 0556 AF-018 1
QSO:  7030 CW 2026-07-26 0024 9A5D/P        599 2095 EU-016 M8JLZ         599 0075 EU-005 0
QSO:  7030 CW 2026-07-26 0024 9A5D/P        599 2097 EU-016 M6N           599 1253 EU-005 0
QSO: 14028 CW 2026-07-26 0025 9A5D/P        599 0596 EU-016 ZL4TT         599 0028 OC-134 1
QSO:  7007 CW 2026-07-26 0026 9A5D/P        599 2099 EU-016 I/DL3NC       599 0978 EU-017 0
QSO:  7010 CW 2026-07-26 0027 9A5D/P        599 2101 EU-016 IQ3AZ         599 1019 EU-130 0
QSO: 14302 PH 2026-07-26 0028 9A5D/P        59  0598 EU-016 CR5IC         59  0650 EU-150 1
QSO:  7012 CW 2026-07-26 0029 9A5D/P        599 2103 EU-016 IO3M          599 1726 EU-131 0
QSO:  7030 CW 2026-07-26 0030 9A5D/P        599 2105 EU-016 K0ZR          599 0188 ------ 0
QSO:  7001 CW 2026-07-26 0034 9A5D/P        599 2107 EU-016 KP2M          599 0848 NA-106 0
QSO:  7030 CW 2026-07-26 0035 9A5D/P        599 2109 EU-016 KS1J          599 0102 ------ 0
QSO:  7030 CW 2026-07-26 0035 9A5D/P        599 2111 EU-016 LZ5R          599 1020 ------ 0
QSO:  7030 CW 2026-07-26 0036 9A5D/P        599 2113 EU-016 HA2OLM        599 0211 ------ 0
QSO:  7030 CW 2026-07-26 0037 9A5D/P        599 2115 EU-016 N4RV          599 0094 ------ 0
QSO:  7030 CW 2026-07-26 0037 9A5D/P        599 2117 EU-016 UT1QR         599 0108 ------ 0
QSO:  7030 CW 2026-07-26 0038 9A5D/P        599 2119 EU-016 PC5D          599 0099 ------ 0
QSO:  7030 CW 2026-07-26 0040 9A5D/P        599 2121 EU-016 DK5ZX         599 0064 ------ 0
QSO:  7030 CW 2026-07-26 0040 9A5D/P        599 2123 EU-016 SP6MLX        599 0087 ------ 0
QSO:  7030 CW 2026-07-26 0041 9A5D/P        599 2125 EU-016 VE2FXL        599 0367 ------ 0
QSO:  7030 CW 2026-07-26 0042 9A5D/P        599 2127 EU-016 UR7EC         599 0050 ------ 0
QSO:  3518 CW 2026-07-26 0043 9A5D/P        599 0600 EU-016 GM4AGG/P      599 0596 EU-123 1
QSO:  3507 CW 2026-07-26 0045 9A5D/P        599 0602 EU-016 IE9/OL5Y      599 1093 EU-051 1
QSO:  7030 CW 2026-07-26 0045 9A5D/P        599 2129 EU-016 IU0JGW/IT9    599 0044 EU-025 0
QSO:  7030 CW 2026-07-26 0046 9A5D/P        599 2131 EU-016 N2ZN          599 0126 ------ 0
QSO:  7030 CW 2026-07-26 0047 9A5D/P        599 2133 EU-016 YO4FHU        599 0198 ------ 0
QSO:  7030 CW 2026-07-26 0048 9A5D/P        599 2135 EU-016 OK1FCA        599 0109 ------ 0
QSO:  3721 PH 2026-07-26 0049 9A5D/P        59  0604 EU-016 OY/G3WVG      59  1033 EU-018 1
QSO:  7030 CW 2026-07-26 0051 9A5D/P        599 2137 EU-016 K9ZM          599 0557 ------ 0
QSO:  7030 CW 2026-07-26 0051 9A5D/P        599 2139 EU-016 G3RWF         599 0038 EU-005 0
QSO: 14020 CW 2026-07-26 0053 9A5D/P        599 0606 EU-016 VE7ZO         599 0083 NA-036 1
QSO:  7030 CW 2026-07-26 0053 9A5D/P        599 2141 EU-016 K1WAT         599 0027 ------ 0
QSO:  7030 CW 2026-07-26 0056 9A5D/P        599 2143 EU-016 LA3BPA        599 0103 ------ 0
QSO:  7030 CW 2026-07-26 0057 9A5D/P        599 2145 EU-016 OK1GK         599 0064 ------ 0
QSO:  7030 CW 2026-07-26 0057 9A5D/P        599 2147 EU-016 DC6K          599 0141 ------ 0
QSO:  7030 CW 2026-07-26 0058 9A5D/P        599 2149 EU-016 WA8LRW        599 0029 ------ 0
QSO:  3513 CW 2026-07-26 0059 9A5D/P        599 2151 EU-016 OV3W          599 1389 EU-172 0
QSO:  3518 CW 2026-07-26 0100 9A5D/P        599 2153 EU-016 GM4X          599 0058 EU-005 0
QSO:  3533 CW 2026-07-26 0102 9A5D/P        599 2155 EU-016 LZ5R          599 1051 ------ 0
QSO:  3533 CW 2026-07-26 0102 9A5D/P        599 2157 EU-016 LZ8E          599 0450 ------ 0
QSO:  3533 CW 2026-07-26 0103 9A5D/P        599 2159 EU-016 SA2OLM        599 0220 ------ 0
QSO:  3533 CW 2026-07-26 0103 9A5D/P        599 2161 EU-016 EI7KD         599 1207 EU-115 0
QSO:  3533 CW 2026-07-26 0104 9A5D/P        599 2163 EU-016 YO4FHU        599 0203 ------ 0
QSO:  3533 CW 2026-07-26 0105 9A5D/P        599 2165 EU-016 F5NKX         599 0043 ------ 0
QSO:  3502 CW 2026-07-26 0105 9A5D/P        599 2167 EU-016 CQ7OTA        599 0776 EU-145 0
QSO:  3533 CW 2026-07-26 0107 9A5D/P        599 2169 EU-016 OM1HG         599 0046 ------ 0
QSO:  3522 CW 2026-07-26 0109 9A5D/P        599 2171 EU-016 G4IIY         599 0820 EU-005 0
QSO:  7023 CW 2026-07-26 0111 9A5D/P        599 2173 EU-016 LY7T          599 0141 ------ 0
QSO:  7023 CW 2026-07-26 0112 9A5D/P        599 2175 EU-016 PA3EWG        599 0089 ------ 0
QSO:  7023 CW 2026-07-26 0113 9A5D/P        599 2177 EU-016 OK2BYW        599 0045 ------ 0
QSO:  7023 CW 2026-07-26 0114 9A5D/P        599 2179 EU-016 LB5WB         599 0733 EU-055 0
QSO:  3526 CW 2026-07-26 0115 9A5D/P        599 0608 EU-016 DF0TX/P       599 0558 EU-127 1
QSO:  3525 CW 2026-07-26 0116 9A5D/P        599 0610 EU-016 DK1A          599 1377 EU-129 1
QSO:  7023 CW 2026-07-26 0117 9A5D/P        599 2181 EU-016 MM1E          599 0648 EU-005 0
QSO:  7013 CW 2026-07-26 0118 9A5D/P        599 2183 EU-016 G5XV          599 1570 EU-120 0
QSO:  7011 CW 2026-07-26 0119 9A5D/P        599 2185 EU-016 SP4Z          599 0142 ------ 0
QSO: 14207 PH 2026-07-26 0119 9A5D/P        59  0612 EU-016 S77HQ         59  0512 AF-024 1
QSO:  7022 CW 2026-07-26 0120 9A5D/P        599 2187 EU-016 CR3W          599 2182 AF-014 0
QSO:  7027 CW 2026-07-26 0121 9A5D/P        599 2189 EU-016 EI2KA         599 0427 EU-115 0
QSO:  7027 CW 2026-07-26 0122 9A5D/P        599 2191 EU-016 WP4TZ         599 0643 NA-099 0
QSO:  7028 CW 2026-07-26 0124 9A5D/P        599 2193 EU-016 N4BP          599 0317 ------ 0
QSO:  7190 PH 2026-07-26 0128 9A5D/P        59  2195 EU-016 TK5K          59  1522 EU-014 0
QSO:  7023 CW 2026-07-26 0129 9A5D/P        599 2197 EU-016 OM2RA         599 0008 ------ 0
QSO:  7023 CW 2026-07-26 0130 9A5D/P        599 2199 EU-016 GM4X          599 0088 EU-005 0
QSO:  7023 CW 2026-07-26 0131 9A5D/P        599 2201 EU-016 KB4CG         599 0099 ------ 0
QSO:  7182 PH 2026-07-26 0132 9A5D/P        59  2203 EU-016 N1LI          59  0723 NA-137 0
QSO:  7123 PH 2026-07-26 0132 9A5D/P        59  2205 EU-016 EJ9MV         59  1122 EU-121 0
QSO:  7171 PH 2026-07-26 0134 9A5D/P        59  2207 EU-016 VO1GO         59  0306 NA-027 0
QSO:  7036 CW 2026-07-26 0136 9A5D/P        599 2209 EU-016 HA3OU         599 0653 ------ 0
QSO:  7006 CW 2026-07-26 0137 9A5D/P        599 2211 EU-016 OE1CIW        599 0121 ------ 0
QSO:  3720 PH 2026-07-26 0138 9A5D/P        59  0614 EU-016 CR5IC         59  0707 EU-150 1
QSO:  7023 CW 2026-07-26 0140 9A5D/P        599 2213 EU-016 K1TTT         599 0056 ------ 0
QSO:  7023 CW 2026-07-26 0141 9A5D/P        599 2215 EU-016 N6ZFO         599 0103 ------ 0
QSO:  7023 CW 2026-07-26 0142 9A5D/P        599 2217 EU-016 NW3Y          599 0004 ------ 0
QSO:  3511 CW 2026-07-26 0143 9A5D/P        599 0616 EU-016 5Q5M          599 0214 EU-029 1
QSO:  7016 CW 2026-07-26 0147 9A5D/P        599 2219 EU-016 VO1AW         599 0451 NA-027 0
QSO:  7176 PH 2026-07-26 0150 9A5D/P        59  2221 EU-016 DK1A          59  1424 EU-129 0
QSO:  7176 PH 2026-07-26 0150 9A5D/P        59  2223 EU-016 OV3W          59  1440 EU-172 0
QSO:  7176 PH 2026-07-26 0151 9A5D/P        59  2225 EU-016 UT7CR         59  0758 ------ 0
QSO:  7176 PH 2026-07-26 0151 9A5D/P        59  2227 EU-016 OK2BRX        59  0117 ------ 0
QSO:  7176 PH 2026-07-26 0152 9A5D/P        59  2229 EU-016 DL2EMU        59  0178 ------ 0
QSO:  7176 PH 2026-07-26 0153 9A5D/P        59  2231 EU-016 HG0R          59  0343 ------ 0
QSO:  7176 PH 2026-07-26 0154 9A5D/P        59  2233 EU-016 LA9RY         59  0387 EU-055 0
QSO:  7176 PH 2026-07-26 0155 9A5D/P        59  2235 EU-016 MW0KBN        59  0342 EU-124 0
QSO:  7176 PH 2026-07-26 0156 9A5D/P        59  2237 EU-016 OK7BB         59  0003 ------ 0
QSO:  7176 PH 2026-07-26 0156 9A5D/P        59  2239 EU-016 M0MCV         59  0372 EU-005 0
QSO:  7176 PH 2026-07-26 0157 9A5D/P        59  2241 EU-016 MW0USK        59  0126 EU-005 0
QSO:  7176 PH 2026-07-26 0157 9A5D/P        59  2243 EU-016 G5XW          59  0050 EU-120 0
QSO:  7176 PH 2026-07-26 0158 9A5D/P        59  2245 EU-016 DK9KE         59  0051 ------ 0
QSO:  7176 PH 2026-07-26 0200 9A5D/P        59  2247 EU-016 GI3VFW        59  0096 EU-115 0
QSO:  7176 PH 2026-07-26 0201 9A5D/P        59  2249 EU-016 EJ3Z          59  0742 EU-121 0
QSO:  7176 PH 2026-07-26 0201 9A5D/P        59  2251 EU-016 N6AR          59  0345 ------ 0
QSO:  7176 PH 2026-07-26 0203 9A5D/P        59  2253 EU-016 K4T           59  0532 NA-083 0
QSO:  7176 PH 2026-07-26 0204 9A5D/P        59  2255 EU-016 PA/OQ4T       59  0420 EU-146 0
QSO:  7176 PH 2026-07-26 0204 9A5D/P        59  2257 EU-016 OH8DIT        59  0122 ------ 0
QSO:  7026 CW 2026-07-26 0212 9A5D/P        599 2259 EU-016 UA6LCF        599 0029 ------ 0
QSO:  7026 CW 2026-07-26 0213 9A5D/P        599 2261 EU-016 OK1MDK        599 0165 ------ 0
QSO:  7028 CW 2026-07-26 0216 9A5D/P        599 2263 EU-016 V4/AC6ZM      599 0427 NA-104 0
QSO:  7030 CW 2026-07-26 0217 9A5D/P        599 2265 EU-016 VE2ACP        599 0152 ------ 0
QSO:  7029 CW 2026-07-26 0219 9A5D/P        599 2267 EU-016 DF0TX/P       599 0615 EU-127 0
QSO:  7030 CW 2026-07-26 0221 9A5D/P        599 2269 EU-016 HA5GY         599 0104 ------ 0
QSO:  7030 CW 2026-07-26 0222 9A5D/P        599 2271 EU-016 SP7LIE        599 0109 ------ 0
QSO:  7030 CW 2026-07-26 0222 9A5D/P        599 2273 EU-016 OK1DXX        599 0013 ------ 0
QSO:  3712 PH 2026-07-26 0224 9A5D/P        59  0618 EU-016 IO3M          59  1915 EU-131 1
QSO:  7031 CW 2026-07-26 0224 9A5D/P        599 2275 EU-016 IP9R          599 0711 EU-025 0
QSO:  7024 CW 2026-07-26 0226 9A5D/P        599 2277 EU-016 SP3CW         599 0076 ------ 0
QSO:  7037 CW 2026-07-26 0227 9A5D/P        599 2279 EU-016 KP4JRS        599 0179 NA-099 0
QSO:  7179 PH 2026-07-26 0229 9A5D/P        59  2281 EU-016 SK3T          59  1588 EU-176 0
QSO:  3708 PH 2026-07-26 0230 9A5D/P        59  0620 EU-016 IQ8UC         59  0932 EU-031 1
QSO:  7019 CW 2026-07-26 0234 9A5D/P        599 2283 EU-016 CG2C          599 1041 NA-038 0
QSO:  7019 CW 2026-07-26 0239 9A5D/P        599 2285 EU-016 GM4AGG/P      599 0653 EU-123 0
QSO:  7030 CW 2026-07-26 0240 9A5D/P        599 2287 EU-016 DJ2IA         599 0120 ------ 0
QSO:  7039 CW 2026-07-26 0241 9A5D/P        599 2289 EU-016 CQ7OTA        599 0857 EU-145 0
QSO:  3522 CW 2026-07-26 0248 9A5D/P        599 2291 EU-016 9A2NB         599 0041 ------ 0
QSO:  3522 CW 2026-07-26 0248 9A5D/P        599 2293 EU-016 S58MU         599 0151 ------ 0
QSO:  3520 CW 2026-07-26 0249 9A5D/P        599 2295 EU-016 CR3W          599 2387 AF-014 0
QSO:  3523 CW 2026-07-26 0250 9A5D/P        599 2297 EU-016 II3Y          599 1681 EU-130 0
QSO:  3524 CW 2026-07-26 0251 9A5D/P        599 2299 EU-016 M6N           599 1486 EU-005 0
QSO:  3521 CW 2026-07-26 0252 9A5D/P        599 2301 EU-016 PA2G          599 0893 EU-146 0
QSO:  3522 CW 2026-07-26 0253 9A5D/P        599 2303 EU-016 9A1V          599 0781 EU-016 0
QSO:  3522 CW 2026-07-26 0254 9A5D/P        599 2305 EU-016 YO6BLU        599 0035 ------ 0
QSO:  3522 CW 2026-07-26 0255 9A5D/P        599 2307 EU-016 DJ2IA         599 0131 ------ 0
QSO:  3522 CW 2026-07-26 0256 9A5D/P        599 2309 EU-016 9A3JH         599 0220 ------ 0
QSO:  3522 CW 2026-07-26 0256 9A5D/P        599 2311 EU-016 OK2PF         599 0217 ------ 0
QSO:  3526 CW 2026-07-26 0301 9A5D/P        599 2313 EU-016 OL7J          599 0865 ------ 0
QSO: 14018 CW 2026-07-26 0304 9A5D/P        599 2315 EU-016 N6CW          599 0092 ------ 0
QSO: 14018 CW 2026-07-26 0304 9A5D/P        599 2317 EU-016 K4FN          599 0048 ------ 0
QSO:  3515 CW 2026-07-26 0304 9A5D/P        599 0622 EU-016 IQ8UC         599 0960 EU-031 1
QSO: 14018 CW 2026-07-26 0306 9A5D/P        599 2319 EU-016 K8MV          599 0059 ------ 0
QSO: 14018 CW 2026-07-26 0306 9A5D/P        599 2321 EU-016 TM7A          599 0363 ------ 0
QSO: 14018 CW 2026-07-26 0307 9A5D/P        599 2323 EU-016 DA1DX         599 0958 ------ 0
QSO: 14018 CW 2026-07-26 0307 9A5D/P        599 2325 EU-016 W6KH          599 0035 ------ 0
QSO: 14018 CW 2026-07-26 0308 9A5D/P        599 2327 EU-016 K9OM          599 0628 ------ 0
QSO: 14018 CW 2026-07-26 0308 9A5D/P        599 2329 EU-016 KE2D          599 0033 ------ 0
QSO: 14018 CW 2026-07-26 0309 9A5D/P        599 2331 EU-016 VE7JH         599 0650 NA-036 0
QSO: 14018 CW 2026-07-26 0309 9A5D/P        599 2333 EU-016 W4NZ          599 0101 ------ 0
QSO:  7024 CW 2026-07-26 0309 9A5D/P        599 0624 EU-016 EF8BBM        599 0364 AF-004 1
QSO: 14018 CW 2026-07-26 0310 9A5D/P        599 2335 EU-016 K0ZR          599 0248 ------ 0
QSO: 14018 CW 2026-07-26 0310 9A5D/P        599 2337 EU-016 VE7CV         599 0015 ------ 0
QSO: 14018 CW 2026-07-26 0311 9A5D/P        599 2339 EU-016 K6AR          599 0037 ------ 0
QSO: 14018 CW 2026-07-26 0311 9A5D/P        599 2341 EU-016 K6YK          599 0060 ------ 0
QSO: 14018 CW 2026-07-26 0312 9A5D/P        599 2343 EU-016 K6NR          599 0031 ------ 0
QSO: 14018 CW 2026-07-26 0312 9A5D/P        599 2345 EU-016 N6AR          599 0403 ------ 0
QSO: 14018 CW 2026-07-26 0313 9A5D/P        599 2347 EU-016 N6PF          599 0261 ------ 0
QSO: 14018 CW 2026-07-26 0314 9A5D/P        599 2349 EU-016 W6YA          599 0138 ------ 0
QSO: 14018 CW 2026-07-26 0314 9A5D/P        599 2351 EU-016 WA5SOG        599 0097 ------ 0
QSO: 14018 CW 2026-07-26 0315 9A5D/P        599 2353 EU-016 VE3KOT        599 0135 ------ 0
QSO: 14018 CW 2026-07-26 0315 9A5D/P        599 2355 EU-016 K7JPF         599 0012 ------ 0
QSO: 14018 CW 2026-07-26 0316 9A5D/P        599 2357 EU-016 N5RZ          599 0142 ------ 0
QSO: 14018 CW 2026-07-26 0316 9A5D/P        599 2359 EU-016 N6NO          599 0016 ------ 0
QSO: 14018 CW 2026-07-26 0317 9A5D/P        599 2361 EU-016 NO5W          599 0111 ------ 0
QSO: 14018 CW 2026-07-26 0317 9A5D/P        599 2363 EU-016 UT7CR         599 0847 ------ 0
QSO: 14018 CW 2026-07-26 0318 9A5D/P        599 2365 EU-016 N7EPD         599 0014 ------ 0
QSO: 14232 PH 2026-07-26 0322 9A5D/P        59  2367 EU-016 K6VXI         59  0012 ------ 0
QSO: 14232 PH 2026-07-26 0323 9A5D/P        59  2369 EU-016 K8UA          59  0011 ------ 0
QSO: 14232 PH 2026-07-26 0324 9A5D/P        59  2371 EU-016 AA2CQ         59  0009 ------ 0
QSO: 14232 PH 2026-07-26 0325 9A5D/P        59  2373 EU-016 KL1OQ         59  0010 ------ 0
QSO: 14232 PH 2026-07-26 0326 9A5D/P        59  2375 EU-016 WP4AKF        59  0002 NA-099 0
QSO: 14232 PH 2026-07-26 0327 9A5D/P        59  2377 EU-016 AC5O          59  0001 ------ 0
QSO: 14232 PH 2026-07-26 0328 9A5D/P        59  2379 EU-016 HI3SD         59  0153 NA-096 0
QSO: 14232 PH 2026-07-26 0328 9A5D/P        59  2381 EU-016 W9JXN         59  0015 ------ 0
QSO: 14232 PH 2026-07-26 0329 9A5D/P        59  2383 EU-016 VE3KOT        59  0144 ------ 0
QSO: 14232 PH 2026-07-26 0330 9A5D/P        59  2385 EU-016 AC5O          59  0023 ------ 0
QSO: 14232 PH 2026-07-26 0331 9A5D/P        59  2387 EU-016 N2BTD         59  0002 ------ 0
QSO: 14232 PH 2026-07-26 0332 9A5D/P        59  2389 EU-016 N6OKU         59  0023 ------ 0
QSO:  7011 CW 2026-07-26 0332 9A5D/P        599 0626 EU-016 IQ8UC         599 0988 EU-031 1
QSO: 14232 PH 2026-07-26 0332 9A5D/P        59  2391 EU-016 KD9KEQ        59  0011 ------ 0
QSO: 14232 PH 2026-07-26 0333 9A5D/P        59  2393 EU-016 W3SKG         59  0001 ------ 0
QSO: 14232 PH 2026-07-26 0334 9A5D/P        59  2395 EU-016 AJ0L          59  0007 ------ 0
QSO: 14232 PH 2026-07-26 0335 9A5D/P        59  2397 EU-016 KK7GXS        59  0003 ------ 0
QSO: 14232 PH 2026-07-26 0335 9A5D/P        59  2399 EU-016 N6AWD         59  0033 ------ 0
QSO: 14232 PH 2026-07-26 0336 9A5D/P        59  2401 EU-016 K3CAR         59  0024 ------ 0
QSO: 14232 PH 2026-07-26 0336 9A5D/P        59  2403 EU-016 KB1DK         59  0026 ------ 0
QSO: 14232 PH 2026-07-26 0337 9A5D/P        59  2405 EU-016 XE2MCC        59  0005 ------ 0
QSO: 14232 PH 2026-07-26 0338 9A5D/P        59  2407 EU-016 WA9YI         59  0022 ------ 0
QSO: 14232 PH 2026-07-26 0338 9A5D/P        59  2409 EU-016 V4/AC6ZM      59  0494 NA-104 0
QSO: 14232 PH 2026-07-26 0339 9A5D/P        59  2411 EU-016 AD8QV         59  0060 ------ 0
QSO: 14232 PH 2026-07-26 0340 9A5D/P        59  2413 EU-016 IB9Z          59  0256 EU-025 0
QSO: 14232 PH 2026-07-26 0341 9A5D/P        59  2415 EU-016 S51CK         59  0919 ------ 0
QSO: 14232 PH 2026-07-26 0342 9A5D/P        59  2417 EU-016 K6DXN         59  0010 ------ 0
QSO: 14232 PH 2026-07-26 0343 9A5D/P        59  2419 EU-016 N8ADX         59  0002 ------ 0
QSO:  7148 PH 2026-07-26 0343 9A5D/P        59  0628 EU-016 MD7C          59  1673 EU-116 1
QSO: 14232 PH 2026-07-26 0344 9A5D/P        59  2421 EU-016 KC9GNK        59  0012 ------ 0
QSO: 14232 PH 2026-07-26 0344 9A5D/P        59  2423 EU-016 KB6QPI        59  0026 ------ 0
QSO: 14232 PH 2026-07-26 0346 9A5D/P        59  2425 EU-016 VE2ACP        59  0185 ------ 0
QSO: 14232 PH 2026-07-26 0348 9A5D/P        59  2427 EU-016 W7VJ          59  0026 ------ 0
QSO: 14232 PH 2026-07-26 0349 9A5D/P        59  2429 EU-016 OZ/DG2ZJ      59  0045 ------ 0
QSO: 14232 PH 2026-07-26 0351 9A5D/P        59  2431 EU-016 KC8ZQT        59  0012 ------ 0
QSO: 14232 PH 2026-07-26 0352 9A5D/P        59  2433 EU-016 WA2JQK        59  0129 ------ 0
QSO: 14232 PH 2026-07-26 0352 9A5D/P        59  2435 EU-016 KD0UN         59  0008 ------ 0
QSO: 14232 PH 2026-07-26 0353 9A5D/P        59  2437 EU-016 LZ5R          59  1279 ------ 0
QSO: 14232 PH 2026-07-26 0353 9A5D/P        59  2439 EU-016 WA7AA         59  0364 ------ 0
QSO: 14232 PH 2026-07-26 0353 9A5D/P        59  2441 EU-016 NY3B          59  0037 ------ 0
QSO:  7030 CW 2026-07-26 0356 9A5D/P        599 2443 EU-016 DL5YL         599 0228 ------ 0
QSO:  7030 CW 2026-07-26 0357 9A5D/P        599 2445 EU-016 DL4FDM        599 0018 ------ 0
QSO:  7030 CW 2026-07-26 0357 9A5D/P        599 2447 EU-016 G3ZGC         599 0084 EU-005 0
QSO:  7030 CW 2026-07-26 0358 9A5D/P        599 2449 EU-016 ER3UA         599 0071 ------ 0
QSO:  7030 CW 2026-07-26 0358 9A5D/P        599 2451 EU-016 SP7JLH        599 0100 ------ 0
QSO: 14022 CW 2026-07-26 0359 9A5D/P        599 0630 EU-016 CR5IC         599 0808 EU-150 1
QSO:  7030 CW 2026-07-26 0359 9A5D/P        599 2453 EU-016 DL8WEM        599 0121 ------ 0
QSO:  7030 CW 2026-07-26 0359 9A5D/P        599 2455 EU-016 UR5TFT        599 0168 ------ 0
QSO:  7030 CW 2026-07-26 0401 9A5D/P        599 2457 EU-016 UR5WAQ        599 0003 ------ 0
QSO:  7030 CW 2026-07-26 0402 9A5D/P        599 2459 EU-016 SN5J          599 0074 ------ 0
QSO:  7030 CW 2026-07-26 0402 9A5D/P        599 2461 EU-016 UT7ZM         599 0054 ------ 0
QSO:  7030 CW 2026-07-26 0403 9A5D/P        599 2463 EU-016 N4YDU         599 0494 NA-067 0
QSO:  7030 CW 2026-07-26 0404 9A5D/P        599 2465 EU-016 US3EW         599 0092 ------ 0
QSO:  7030 CW 2026-07-26 0405 9A5D/P        599 2467 EU-016 EA4AOC        599 0344 ------ 0
QSO:  7030 CW 2026-07-26 0406 9A5D/P        599 2469 EU-016 HA4FB         599 0471 ------ 0
QSO:  7030 CW 2026-07-26 0407 9A5D/P        599 2471 EU-016 DL6KWN        599 0249 ------ 0
QSO:  7030 CW 2026-07-26 0408 9A5D/P        599 2473 EU-016 YO4NT         599 0181 ------ 0
QSO:  7030 CW 2026-07-26 0408 9A5D/P        599 2475 EU-016 HB9ALO        599 0020 ------ 0
QSO:  7030 CW 2026-07-26 0409 9A5D/P        599 2477 EU-016 YQ9Y          599 0087 ------ 0
QSO: 14019 CW 2026-07-26 0411 9A5D/P        599 0632 EU-016 G5XV          599 1839 EU-120 1
QSO:  7011 CW 2026-07-26 0411 9A5D/P        599 2479 EU-016 K4T           599 0556 NA-083 0
QSO: 14025 CW 2026-07-26 0414 9A5D/P        599 0634 EU-016 VJ3A          599 0018 OC-001 1
QSO:  7018 CW 2026-07-26 0415 9A5D/P        599 2481 EU-016 KU8E          599 0305 NA-058 0
QSO:  7006 CW 2026-07-26 0419 9A5D/P        599 2483 EU-016 PA3AAV        599 0226 ------ 0
QSO:  7015 CW 2026-07-26 0420 9A5D/P        599 2485 EU-016 K9OM          599 0676 ------ 0
QSO:  7022 CW 2026-07-26 0424 9A5D/P        599 2487 EU-016 EA6NB         599 0155 EU-004 0
QSO:  7033 CW 2026-07-26 0425 9A5D/P        599 2489 EU-016 SM/OV2E       599 0313 EU-138 0
QSO:  7036 CW 2026-07-26 0426 9A5D/P        599 2491 EU-016 SV8OVJ        599 0544 EU-067 0
QSO:  7134 PH 2026-07-26 0429 9A5D/P        59  2493 EU-016 F5IDJ         59  0061 ------ 0
QSO:  7134 PH 2026-07-26 0430 9A5D/P        59  2495 EU-016 YO9CSM        59  0042 ------ 0
QSO: 21010 CW 2026-07-26 0431 9A5D/P        599 0636 EU-016 BY1AA         599 1063 AS-158 1
QSO:  7134 PH 2026-07-26 0431 9A5D/P        59  2497 EU-016 M0TPC         59  0024 EU-005 0
QSO:  7134 PH 2026-07-26 0432 9A5D/P        59  2499 EU-016 DK7TX         59  0314 ------ 0
QSO:  7134 PH 2026-07-26 0432 9A5D/P        59  2501 EU-016 N4YDU         59  0522 ------ 0
QSO:  7134 PH 2026-07-26 0433 9A5D/P        59  2503 EU-016 UT5WA         59  0073 ------ 0
QSO:  7134 PH 2026-07-26 0433 9A5D/P        59  2505 EU-016 IB9Z          59  0315 EU-025 0
QSO:  7134 PH 2026-07-26 0435 9A5D/P        59  2507 EU-016 DL6KWN        59  0256 ------ 0
QSO:  7134 PH 2026-07-26 0441 9A5D/P        59  2509 EU-016 DB5ZF         59  0058 ------ 0
QSO:  7134 PH 2026-07-26 0442 9A5D/P        59  2511 EU-016 YO3RU         59  0138 ------ 0
QSO: 14032 CW 2026-07-26 0445 9A5D/P        599 0638 EU-016 MU5E          599 0714 EU-114 1
QSO:  7134 PH 2026-07-26 0446 9A5D/P        59  2513 EU-016 SP9IZV        59  0102 ------ 0
QSO:  7134 PH 2026-07-26 0447 9A5D/P        59  2515 EU-016 F8GAF         59  0025 ------ 0
QSO:  7134 PH 2026-07-26 0448 9A5D/P        59  2517 EU-016 G4AAV         59  0202 EU-005 0
QSO:  7134 PH 2026-07-26 0449 9A5D/P        59  2519 EU-016 SQ5EXY        59  0023 ------ 0
QSO:  7134 PH 2026-07-26 0449 9A5D/P        59  2521 EU-016 S51CK         59  0974 ------ 0
QSO:  7134 PH 2026-07-26 0451 9A5D/P        59  2523 EU-016 9A2EU         59  0280 ------ 0
QSO: 14254 PH 2026-07-26 0453 9A5D/P        59  0640 EU-016 SK3T          59  1753 EU-176 1
QSO: 21060 CW 2026-07-26 0457 9A5D/P        599 0642 EU-016 BA4OP         599 0925 AS-146 1
QSO: 14207 PH 2026-07-26 0458 9A5D/P        59  2525 EU-016 OK2BRX        59  0147 ------ 0
QSO: 14207 PH 2026-07-26 0458 9A5D/P        59  2527 EU-016 VE6TL         59  0031 ------ 0
QSO:  7120 PH 2026-07-26 0459 9A5D/P        59  0644 EU-016 OZ4GM         59  0135 EU-030 1
QSO: 14207 PH 2026-07-26 0502 9A5D/P        59  2529 EU-016 VL3K          59  0016 OC-001 0
QSO: 14207 PH 2026-07-26 0502 9A5D/P        59  2531 EU-016 PJ4DX         59  0107 SA-006 0
QSO: 14207 PH 2026-07-26 0503 9A5D/P        59  2533 EU-016 W7DOG         59  0005 ------ 0
QSO:  7172 PH 2026-07-26 0504 9A5D/P        59  0646 EU-016 DK3R          59  2155 EU-057 1
QSO: 14207 PH 2026-07-26 0504 9A5D/P        59  2535 EU-016 KQ4JFQ        59  0015 ------ 0
QSO: 14207 PH 2026-07-26 0505 9A5D/P        59  2537 EU-016 VK3AUX        59  0024 OC-001 0
QSO: 14207 PH 2026-07-26 0506 9A5D/P        59  2539 EU-016 GM7A          59  1084 EU-008 0
QSO: 14207 PH 2026-07-26 0506 9A5D/P        59  2541 EU-016 N5HDX         59  0001 ------ 0
QSO:  7144 PH 2026-07-26 0506 9A5D/P        59  0648 EU-016 CR5IC         59  0858 EU-150 1
QSO: 14207 PH 2026-07-26 0507 9A5D/P        59  2543 EU-016 K7GK          59  0047 ------ 0
QSO: 14025 CW 2026-07-26 0510 9A5D/P        599 2545 EU-016 VE3NE         599 0023 ------ 0
QSO: 21015 CW 2026-07-26 0511 9A5D/P        599 0650 EU-016 E2X           599 0413 AS-125 1
QSO: 14024 CW 2026-07-26 0516 9A5D/P        599 2547 EU-016 OH1NA         599 0364 ------ 0
QSO: 14024 CW 2026-07-26 0520 9A5D/P        599 2549 EU-016 N4GO          599 0146 ------ 0
QSO: 14024 CW 2026-07-26 0520 9A5D/P        599 2551 EU-016 RV6ANI        599 0034 ------ 0
QSO:  7161 PH 2026-07-26 0521 9A5D/P        59  0652 EU-016 IE9/OL5Y      59  1354 EU-051 1
QSO:  7190 PH 2026-07-26 0524 9A5D/P        59  0654 EU-016 IQ8UC         59  1085 EU-031 1
QSO: 14014 CW 2026-07-26 0524 9A5D/P        599 2553 EU-016 KR2Q          599 0448 ------ 0
QSO:  7026 CW 2026-07-26 0529 9A5D/P        599 2555 EU-016 S52AW         599 0297 ------ 0
QSO:  7026 CW 2026-07-26 0530 9A5D/P        599 2557 EU-016 IZ4JMA        599 0289 ------ 0
QSO:  7026 CW 2026-07-26 0531 9A5D/P        599 2559 EU-016 I0WBX         599 0048 ------ 0
QSO:  7026 CW 2026-07-26 0532 9A5D/P        599 2561 EU-016 SP4TKR        599 0227 ------ 0
QSO:  7026 CW 2026-07-26 0533 9A5D/P        599 2563 EU-016 IT9EJW        599 0180 EU-025 0
QSO:  7026 CW 2026-07-26 0533 9A5D/P        599 2565 EU-016 HA5UA         599 0135 ------ 0
QSO:  7026 CW 2026-07-26 0534 9A5D/P        599 2567 EU-016 SE6K          599 0050 ------ 0
QSO:  7026 CW 2026-07-26 0534 9A5D/P        599 2569 EU-016 DD5M          599 0038 ------ 0
QSO: 14233 PH 2026-07-26 0534 9A5D/P        59  0656 EU-016 FK4QX         59  0036 OC-032 1
QSO:  7026 CW 2026-07-26 0534 9A5D/P        599 2571 EU-016 HA3GC         599 0133 ------ 0
QSO:  7026 CW 2026-07-26 0535 9A5D/P        599 2573 EU-016 F5PBM         599 0043 ------ 0
QSO:  7026 CW 2026-07-26 0536 9A5D/P        599 2575 EU-016 DJ9MH         599 0038 ------ 0
QSO:  7026 CW 2026-07-26 0536 9A5D/P        599 2577 EU-016 OK7U          599 0092 ------ 0
QSO:  7012 CW 2026-07-26 0537 9A5D/P        599 2579 EU-016 DL5YM         599 0210 ------ 0
QSO:  7013 CW 2026-07-26 0538 9A5D/P        599 2581 EU-016 EA2ESK        599 0116 ------ 0
QSO:  7015 CW 2026-07-26 0539 9A5D/P        599 2583 EU-016 OV3W          599 1786 EU-172 0
QSO:  7017 CW 2026-07-26 0540 9A5D/P        599 2585 EU-016 SF1Z          599 0451 EU-020 0
QSO: 14253 PH 2026-07-26 0540 9A5D/P        59  0658 EU-016 TK5K          59  1842 EU-014 1
QSO:  7022 CW 2026-07-26 0541 9A5D/P        599 2587 EU-016 IK2SND        599 0139 ------ 0
QSO:  7031 CW 2026-07-26 0543 9A5D/P        599 2589 EU-016 G2NF          599 0559 EU-005 0
QSO:  7031 CW 2026-07-26 0543 9A5D/P        599 2591 EU-016 OL0W          599 0441 ------ 0
QSO:  7031 CW 2026-07-26 0544 9A5D/P        599 2593 EU-016 OK1LV         599 0192 ------ 0
QSO:  7031 CW 2026-07-26 0544 9A5D/P        599 2595 EU-016 SM5CIL        599 0184 ------ 0
QSO:  7031 CW 2026-07-26 0545 9A5D/P        599 2597 EU-016 OH2KW         599 0435 ------ 0
QSO:  7031 CW 2026-07-26 0546 9A5D/P        599 2599 EU-016 EA4BAS        599 0150 ------ 0
QSO:  7031 CW 2026-07-26 0546 9A5D/P        599 2601 EU-016 PA3ARM        599 0042 ------ 0
QSO:  7031 CW 2026-07-26 0548 9A5D/P        599 2603 EU-016 IS0/I4YSS     599 0012 EU-024 0
QSO:  7031 CW 2026-07-26 0549 9A5D/P        599 2605 EU-016 S52AU         599 0068 ------ 0
QSO:  7031 CW 2026-07-26 0549 9A5D/P        599 2607 EU-016 SN5F          599 0053 ------ 0
QSO:  7031 CW 2026-07-26 0550 9A5D/P        599 2609 EU-016 DJ6OI         599 0007 ------ 0
QSO:  7031 CW 2026-07-26 0550 9A5D/P        599 2611 EU-016 DL8UKW        599 0076 ------ 0
QSO:  7031 CW 2026-07-26 0551 9A5D/P        599 2613 EU-016 I4IKW         599 0406 ------ 0
QSO:  7031 CW 2026-07-26 0552 9A5D/P        599 2615 EU-016 DL9NDM        599 0012 ------ 0
QSO:  7031 CW 2026-07-26 0552 9A5D/P        599 2617 EU-016 ES0Q          599 0598 EU-034 0
QSO:  7031 CW 2026-07-26 0553 9A5D/P        599 2619 EU-016 DL8WN         599 0181 ------ 0
QSO:  7031 CW 2026-07-26 0553 9A5D/P        599 2621 EU-016 UW3WU         599 0011 ------ 0
QSO:  7031 CW 2026-07-26 0554 9A5D/P        599 2623 EU-016 DL1NA         599 0004 ------ 0
QSO:  7031 CW 2026-07-26 0555 9A5D/P        599 2625 EU-016 HB9AMO        599 0181 ------ 0
QSO:  7031 CW 2026-07-26 0555 9A5D/P        599 2627 EU-016 YR8R          599 0339 ------ 0
QSO:  7031 CW 2026-07-26 0556 9A5D/P        599 2629 EU-016 OL3M          599 0119 ------ 0
QSO:  7021 CW 2026-07-26 0557 9A5D/P        599 2631 EU-016 9A1AA         599 0593 ------ 0
QSO:  7031 CW 2026-07-26 0559 9A5D/P        599 2633 EU-016 ON4DN         599 0124 ------ 0
QSO:  7137 PH 2026-07-26 0604 9A5D/P        59  2635 EU-016 9A2GA/P       59  0040 EU-136 0
QSO:  7157 PH 2026-07-26 0607 9A5D/P        59  2637 EU-016 OM1BAT        59  0246 ------ 0
QSO:  7016 CW 2026-07-26 0609 9A5D/P        599 2639 EU-016 SX8N          599 0519 EU-075 0
QSO: 21026 CW 2026-07-26 0616 9A5D/P        599 2641 EU-016 OH5Z          599 0318 ------ 0
QSO: 21026 CW 2026-07-26 0618 9A5D/P        599 2643 EU-016 BA3RG         599 0065 ------ 0
QSO: 21026 CW 2026-07-26 0619 9A5D/P        599 2645 EU-016 S53F          599 0302 ------ 0
QSO: 14014 CW 2026-07-26 0623 9A5D/P        599 2647 EU-016 YR8R          599 0371 ------ 0
QSO: 14015 CW 2026-07-26 0625 9A5D/P        599 2649 EU-016 UV1IX         599 0032 ------ 0
QSO: 14021 CW 2026-07-26 0625 9A5D/P        599 2651 EU-016 OT4A          599 0075 ------ 0
QSO: 21009 CW 2026-07-26 0626 9A5D/P        599 0660 EU-016 TJ1GD/P       599 0509 AF-095 1
QSO: 14031 CW 2026-07-26 0629 9A5D/P        599 2653 EU-016 G4DRS         599 0972 EU-005 0
QSO: 14032 CW 2026-07-26 0630 9A5D/P        599 2655 EU-016 ES0Q          599 0639 EU-034 0
QSO: 14039 CW 2026-07-26 0632 9A5D/P        599 2657 EU-016 VK2GR         599 0325 OC-001 0
QSO: 21018 CW 2026-07-26 0634 9A5D/P        599 0662 EU-016 HS0ZNV        599 0145 AS-053 1
QSO: 14041 CW 2026-07-26 0635 9A5D/P        599 2659 EU-016 TK5K          599 1595 EU-014 0
QSO: 14040 CW 2026-07-26 0637 9A5D/P        599 2661 EU-016 SX8N          599 0535 EU-075 0
QSO: 14013 CW 2026-07-26 0638 9A5D/P        599 2663 EU-016 EA4AOC        599 0474 ------ 0
QSO: 14018 CW 2026-07-26 0640 9A5D/P        599 2665 EU-016 EA5GX         599 0164 ------ 0
QSO: 14022 CW 2026-07-26 0641 9A5D/P        599 2667 EU-016 PE146U        599 1645 EU-146 0
QSO: 21023 CW 2026-07-26 0641 9A5D/P        599 0664 EU-016 IT9WDC        599 0344 EU-025 1
QSO: 14027 CW 2026-07-26 0641 9A5D/P        599 2669 EU-016 SM6TOL        599 0264 ------ 0
QSO: 14032 CW 2026-07-26 0642 9A5D/P        599 2671 EU-016 DL5YM         599 0282 ------ 0
QSO: 14034 CW 2026-07-26 0643 9A5D/P        599 2673 EU-016 4O/AK1MD      599 0467 ------ 0
QSO: 21011 CW 2026-07-26 0646 9A5D/P        599 0666 EU-016 BH4BFS        599 0128 AS-136 1
QSO: 21042 CW 2026-07-26 0646 9A5D/P        599 0668 EU-016 SM/OV2E       599 0396 EU-137 1
QSO: 14024 CW 2026-07-26 0647 9A5D/P        599 2675 EU-016 DL7YS         599 0071 ------ 0
QSO: 14024 CW 2026-07-26 0648 9A5D/P        599 2677 EU-016 PD8MD         599 0053 ------ 0
QSO: 14024 CW 2026-07-26 0649 9A5D/P        599 2679 EU-016 F6GNP/M       599 0061 ------ 0
QSO: 14024 CW 2026-07-26 0649 9A5D/P        599 2681 EU-016 G4IRN         599 1081 EU-005 0
QSO: 14024 CW 2026-07-26 0650 9A5D/P        599 2683 EU-016 PC2F          599 0118 ------ 0
QSO: 14024 CW 2026-07-26 0650 9A5D/P        599 2685 EU-016 SV1AJO        599 0188 ------ 0
QSO: 14024 CW 2026-07-26 0651 9A5D/P        599 2687 EU-016 F6GCI         599 0203 ------ 0
QSO: 14024 CW 2026-07-26 0652 9A5D/P        599 2689 EU-016 PC5D          599 0118 ------ 0
QSO: 14024 CW 2026-07-26 0653 9A5D/P        599 2691 EU-016 9H1PI         599 0300 EU-023 0
QSO: 14024 CW 2026-07-26 0654 9A5D/P        599 2693 EU-016 UT8AS         599 0185 ------ 0
QSO: 14024 CW 2026-07-26 0655 9A5D/P        599 2695 EU-016 SM5/UY5OO     599 0161 ------ 0
QSO: 14024 CW 2026-07-26 0655 9A5D/P        599 2697 EU-016 OH3GGQ        599 0287 ------ 0
QSO: 14024 CW 2026-07-26 0656 9A5D/P        599 2699 EU-016 OK4RQ         599 0510 ------ 0
QSO: 14024 CW 2026-07-26 0656 9A5D/P        599 2701 EU-016 DL2PR         599 0030 ------ 0
QSO: 14024 CW 2026-07-26 0657 9A5D/P        599 2703 EU-016 2E0CVN        599 0237 EU-005 0
QSO: 14024 CW 2026-07-26 0658 9A5D/P        599 2705 EU-016 CT7BMY        599 0041 ------ 0
QSO: 14024 CW 2026-07-26 0658 9A5D/P        599 2707 EU-016 HB9AMO        599 0215 ------ 0
QSO: 14024 CW 2026-07-26 0658 9A5D/P        599 2709 EU-016 DK8ZB         599 0107 ------ 0
QSO: 14024 CW 2026-07-26 0700 9A5D/P        599 2711 EU-016 ON4DN         599 0153 ------ 0
QSO: 14024 CW 2026-07-26 0701 9A5D/P        599 2713 EU-016 DL8WN         599 0191 ------ 0
QSO: 14024 CW 2026-07-26 0701 9A5D/P        599 2715 EU-016 DK5DS         599 0119 ------ 0
QSO: 14024 CW 2026-07-26 0701 9A5D/P        599 2717 EU-016 F5NBX         599 0020 ------ 0
QSO: 14024 CW 2026-07-26 0702 9A5D/P        599 2719 EU-016 SE5E          599 0491 ------ 0
QSO: 14024 CW 2026-07-26 0702 9A5D/P        599 2721 EU-016 DK3GI         599 0047 ------ 0
QSO: 14024 CW 2026-07-26 0703 9A5D/P        599 2723 EU-016 HA5AX         599 0252 ------ 0
QSO: 14024 CW 2026-07-26 0704 9A5D/P        599 2725 EU-016 OL0W          599 0533 ------ 0
QSO: 14024 CW 2026-07-26 0705 9A5D/P        599 2727 EU-016 G8FCQ         599 0025 EU-005 0
QSO: 14024 CW 2026-07-26 0706 9A5D/P        599 2729 EU-016 DL1MDV        599 0001 ------ 0
QSO: 14024 CW 2026-07-26 0706 9A5D/P        599 2731 EU-016 PA0JED        599 0089 ------ 0
QSO: 14024 CW 2026-07-26 0707 9A5D/P        599 2733 EU-016 DL2DXA        599 0058 ------ 0
QSO: 14024 CW 2026-07-26 0707 9A5D/P        599 2735 EU-016 G2NF          599 0604 EU-005 0
QSO: 14018 CW 2026-07-26 0708 9A5D/P        599 2737 EU-016 LA5LJA        599 0051 ------ 0
QSO: 14018 CW 2026-07-26 0709 9A5D/P        599 2739 EU-016 SC7DX         599 0415 ------ 0
QSO: 14018 CW 2026-07-26 0709 9A5D/P        599 2741 EU-016 DK2FG         599 0104 ------ 0
QSO: 14018 CW 2026-07-26 0710 9A5D/P        599 2743 EU-016 G4RWD         599 0074 EU-005 0
QSO: 14018 CW 2026-07-26 0711 9A5D/P        599 2745 EU-016 YL7X          599 0592 ------ 0
QSO: 14018 CW 2026-07-26 0711 9A5D/P        599 2747 EU-016 NK4O          599 0017 ------ 0
QSO: 14043 CW 2026-07-26 0715 9A5D/P        599 2749 EU-016 SM0D          599 0189 EU-084 0
QSO: 14018 CW 2026-07-26 0716 9A5D/P        599 2751 EU-016 DL8WEM        599 0223 ------ 0
QSO: 14018 CW 2026-07-26 0717 9A5D/P        599 2753 EU-016 R1LN          599 0004 ------ 0
QSO: 14009 CW 2026-07-26 0718 9A5D/P        599 2755 EU-016 DK8ZZ         599 0292 ------ 0
QSO: 14009 CW 2026-07-26 0719 9A5D/P        599 2757 EU-016 PA3AAV        599 0294 ------ 0
QSO: 14012 CW 2026-07-26 0720 9A5D/P        599 2759 EU-016 M4T           599 0812 EU-005 0
QSO: 14015 CW 2026-07-26 0721 9A5D/P        599 2761 EU-016 HA7TM         599 0526 ------ 0
QSO: 14016 CW 2026-07-26 0722 9A5D/P        599 2763 EU-016 DL3KWF        599 0175 ------ 0
QSO: 14024 CW 2026-07-26 0723 9A5D/P        599 2765 EU-016 9A2L          599 0863 EU-016 0
QSO: 14026 CW 2026-07-26 0724 9A5D/P        599 2767 EU-016 GM3GAV        599 0124 EU-005 0
QSO: 14035 CW 2026-07-26 0725 9A5D/P        599 2769 EU-016 I2GPT         599 0063 ------ 0
QSO: 14045 CW 2026-07-26 0727 9A5D/P        599 2771 EU-016 G6M           599 0338 EU-005 0
QSO: 14038 CW 2026-07-26 0729 9A5D/P        599 2773 EU-016 EJ3Z          599 0886 EU-121 0
QSO: 14036 CW 2026-07-26 0730 9A5D/P        599 2775 EU-016 OV7X          599 0665 EU-172 0
QSO: 14031 CW 2026-07-26 0731 9A5D/P        599 2777 EU-016 F5IN          599 0139 ------ 0
QSO: 14029 CW 2026-07-26 0732 9A5D/P        599 2779 EU-016 MD0CCE        599 0334 EU-116 0
QSO: 28031 CW 2026-07-26 0733 9A5D/P        599 0670 EU-016 CR3W          599 3005 AF-014 1
QSO: 21005 CW 2026-07-26 0736 9A5D/P        599 2781 EU-016 BG3ILY        599 0191 ------ 0
QSO: 14247 PH 2026-07-26 0738 9A5D/P        59  0672 EU-016 SM/OV2E       59  0461 EU-137 1
QSO: 21008 CW 2026-07-26 0738 9A5D/P        599 2783 EU-016 EI7M          599 4324 EU-115 0
QSO: 14027 CW 2026-07-26 0739 9A5D/P        599 0674 EU-016 5Q5W          599 0705 EU-171 1
QSO: 21015 CW 2026-07-26 0743 9A5D/P        599 2785 EU-016 DL1ASP        599 0064 ------ 0
QSO: 21015 CW 2026-07-26 0744 9A5D/P        599 2787 EU-016 JA0BJY        599 0060 AS-007 0
QSO: 21015 CW 2026-07-26 0744 9A5D/P        599 2789 EU-016 SP3FSM        599 0028 ------ 0
QSO: 21015 CW 2026-07-26 0745 9A5D/P        599 2791 EU-016 DF3SM         599 0009 ------ 0
QSO: 21015 CW 2026-07-26 0746 9A5D/P        599 2793 EU-016 IO3T          599 0294 ------ 0
QSO: 21015 CW 2026-07-26 0746 9A5D/P        599 2795 EU-016 DC6K          599 0251 ------ 0
QSO: 21015 CW 2026-07-26 0748 9A5D/P        599 2797 EU-016 UW5ZM         599 0109 ------ 0
QSO: 21015 CW 2026-07-26 0749 9A5D/P        599 2799 EU-016 DK8ZB         599 0121 ------ 0
QSO: 21015 CW 2026-07-26 0749 9A5D/P        599 2801 EU-016 G5O           599 0884 EU-005 0
QSO: 21015 CW 2026-07-26 0749 9A5D/P        599 2803 EU-016 G4ENZ         599 0305 EU-005 0
QSO: 21015 CW 2026-07-26 0750 9A5D/P        599 2805 EU-016 5Q5M          599 0264 EU-029 0
QSO: 21015 CW 2026-07-26 0750 9A5D/P        599 2807 EU-016 DF7XR         599 0061 ------ 0
QSO: 21015 CW 2026-07-26 0751 9A5D/P        599 2809 EU-016 OK2PVF        599 0281 ------ 0
QSO: 21015 CW 2026-07-26 0752 9A5D/P        599 2811 EU-016 DL3MDJ        599 0038 ------ 0
QSO: 21015 CW 2026-07-26 0753 9A5D/P        599 2813 EU-016 PG2V          599 0215 ------ 0
QSO: 21015 CW 2026-07-26 0753 9A5D/P        599 2815 EU-016 DB0DH         599 0109 ------ 0
QSO: 21015 CW 2026-07-26 0754 9A5D/P        599 2817 EU-016 SP5TZC        599 0001 ------ 0
QSO: 21015 CW 2026-07-26 0754 9A5D/P        599 2819 EU-016 DL9MWG        599 0064 ------ 0
QSO: 21015 CW 2026-07-26 0755 9A5D/P        599 2821 EU-016 DL6NBS        599 0053 ------ 0
QSO: 21015 CW 2026-07-26 0755 9A5D/P        599 2823 EU-016 UX2HB         599 0054 ------ 0
QSO: 21207 PH 2026-07-26 0757 9A5D/P        59  2825 EU-016 OL7J          59  1153 ------ 0
QSO: 21207 PH 2026-07-26 0757 9A5D/P        59  2827 EU-016 9A8DX         59  0646 ------ 0
QSO: 21207 PH 2026-07-26 0758 9A5D/P        59  2829 EU-016 DM6EM         59  0013 ------ 0
QSO: 21207 PH 2026-07-26 0758 9A5D/P        59  2831 EU-016 GX5BAY        59  0504 EU-005 0
QSO: 21207 PH 2026-07-26 0758 9A5D/P        59  2833 EU-016 DD2IA         59  0113 ------ 0
QSO: 21207 PH 2026-07-26 0759 9A5D/P        59  2835 EU-016 DJ7YP         59  0089 ------ 0
QSO: 21207 PH 2026-07-26 0759 9A5D/P        59  2837 EU-016 MM1E          59  0755 EU-005 0
QSO: 21207 PH 2026-07-26 0759 9A5D/P        59  2839 EU-016 F4MAG         59  0077 ------ 0
QSO: 21207 PH 2026-07-26 0800 9A5D/P        59  2841 EU-016 OE6MMD        59  0135 ------ 0
QSO: 21207 PH 2026-07-26 0800 9A5D/P        59  2843 EU-016 DA6AX         59  0017 ------ 0
QSO: 21207 PH 2026-07-26 0800 9A5D/P        59  2845 EU-016 PC2T          59  0121 ------ 0
QSO: 21207 PH 2026-07-26 0800 9A5D/P        59  2847 EU-016 DL1TC         59  0038 ------ 0
QSO: 21207 PH 2026-07-26 0801 9A5D/P        59  2849 EU-016 G3ASB         59  0028 EU-005 0
QSO: 21207 PH 2026-07-26 0801 9A5D/P        59  2851 EU-016 UR1CDL/P      59  0009 ------ 0
QSO: 21207 PH 2026-07-26 0801 9A5D/P        59  2853 EU-016 DB7BN         59  0178 ------ 0
QSO: 21207 PH 2026-07-26 0801 9A5D/P        59  2855 EU-016 OZ5FN         59  0091 ------ 0
QSO: 21207 PH 2026-07-26 0802 9A5D/P        59  2857 EU-016 DO3HCS        59  0020 ------ 0
QSO: 21207 PH 2026-07-26 0802 9A5D/P        59  2859 EU-016 DO6SC         59  0032 ------ 0
QSO: 21207 PH 2026-07-26 0802 9A5D/P        59  2861 EU-016 OZ4NA         59  0073 ------ 0
QSO: 28016 CW 2026-07-26 0802 9A5D/P        599 0676 EU-016 DK3R          599 2360 EU-057 1
QSO: 21207 PH 2026-07-26 0803 9A5D/P        59  2863 EU-016 SM4VBO        59  0188 ------ 0
QSO: 21207 PH 2026-07-26 0803 9A5D/P        59  2865 EU-016 UT7CR         59  1047 ------ 0
QSO: 21207 PH 2026-07-26 0803 9A5D/P        59  2867 EU-016 HG0R          59  0617 ------ 0
QSO: 21207 PH 2026-07-26 0804 9A5D/P        59  2869 EU-016 PA0GSP        59  0064 ------ 0
QSO: 21207 PH 2026-07-26 0804 9A5D/P        59  2871 EU-016 OP5T          59  0192 ------ 0
QSO: 21207 PH 2026-07-26 0804 9A5D/P        59  2873 EU-016 DL8KX         59  0034 ------ 0
QSO: 21207 PH 2026-07-26 0804 9A5D/P        59  2875 EU-016 G0LPI         59  0057 EU-005 0
QSO: 21207 PH 2026-07-26 0805 9A5D/P        59  2877 EU-016 DD0VE         59  0108 ------ 0
QSO: 28030 CW 2026-07-26 0805 9A5D/P        599 0678 EU-016 SN0RX         599 0796 EU-132 1
QSO: 21207 PH 2026-07-26 0805 9A5D/P        59  2879 EU-016 M7ONO         59  0036 EU-005 0
QSO: 21207 PH 2026-07-26 0806 9A5D/P        59  2881 EU-016 DO1NM         59  0044 ------ 0
QSO: 28415 PH 2026-07-26 0806 9A5D/P        59  0680 EU-016 DK1A          59  2003 EU-129 1
QSO: 21207 PH 2026-07-26 0806 9A5D/P        59  2883 EU-016 F4MOI         59  0020 ------ 0
QSO: 28436 PH 2026-07-26 0806 9A5D/P        59  0682 EU-016 PC38EU        59  1229 EU-038 1
QSO: 21207 PH 2026-07-26 0808 9A5D/P        59  2885 EU-016 M8GCK         59  0058 EU-005 0
QSO: 21207 PH 2026-07-26 0809 9A5D/P        59  2887 EU-016 DL3FAV        59  0004 ------ 0
QSO: 21207 PH 2026-07-26 0810 9A5D/P        59  2889 EU-016 DO1HKL        59  0005 ------ 0
QSO: 28013 CW 2026-07-26 0811 9A5D/P        599 2891 EU-016 DL5DTG        599 0274 ------ 0
QSO: 28013 CW 2026-07-26 0812 9A5D/P        599 2893 EU-016 UR4QFP        599 0115 ------ 0
QSO: 28013 CW 2026-07-26 0813 9A5D/P        599 2895 EU-016 LB5WB         599 0952 EU-055 0
QSO: 28013 CW 2026-07-26 0814 9A5D/P        599 2897 EU-016 OZ1UKU        599 0003 ------ 0
QSO: 28013 CW 2026-07-26 0814 9A5D/P        599 2899 EU-016 G4ENZ         599 0326 EU-005 0
QSO: 28013 CW 2026-07-26 0815 9A5D/P        599 2901 EU-016 II2Q          599 1223 ------ 0
QSO: 28013 CW 2026-07-26 0815 9A5D/P        599 2903 EU-016 M0RYB         599 0379 EU-005 0
QSO: 21302 PH 2026-07-26 0816 9A5D/P        59  0684 EU-016 BY5HB         59  0586 AS-137 1
QSO: 28013 CW 2026-07-26 0816 9A5D/P        599 2905 EU-016 P3X           599 2043 AS-004 0
QSO: 28013 CW 2026-07-26 0816 9A5D/P        599 2907 EU-016 SP2MHS        599 0006 ------ 0
QSO: 21265 PH 2026-07-26 0817 9A5D/P        59  0686 EU-016 SM/OV2E       59  0475 EU-137 1
QSO: 28013 CW 2026-07-26 0817 9A5D/P        599 2909 EU-016 YL3SA         599 0041 ------ 0
QSO: 28013 CW 2026-07-26 0817 9A5D/P        599 2911 EU-016 PA3ARM        599 0089 ------ 0
QSO: 21024 CW 2026-07-26 0818 9A5D/P        599 0688 EU-016 ES/DL7AU      599 0390 EU-034 1
QSO: 28013 CW 2026-07-26 0818 9A5D/P        599 2913 EU-016 DA1DX         599 1290 ------ 0
QSO: 28013 CW 2026-07-26 0818 9A5D/P        599 2915 EU-016 DL7ALM        599 0049 ------ 0
QSO: 28013 CW 2026-07-26 0819 9A5D/P        599 2917 EU-016 SD6W          599 0091 ------ 0
QSO: 28013 CW 2026-07-26 0819 9A5D/P        599 2919 EU-016 LB2WD         599 0017 ------ 0
QSO: 28013 CW 2026-07-26 0819 9A5D/P        599 2921 EU-016 DJ3DQ         599 0095 ------ 0
QSO: 21195 PH 2026-07-26 0820 9A5D/P        59  0690 EU-016 GM2T          59  2624 EU-008 1
QSO: 28013 CW 2026-07-26 0820 9A5D/P        599 2923 EU-016 PA3DZM        599 0051 ------ 0
QSO: 28013 CW 2026-07-26 0820 9A5D/P        599 2925 EU-016 DL9MWG        599 0073 ------ 0
QSO: 28412 PH 2026-07-26 0823 9A5D/P        59  2927 EU-016 PA3HHM        59  0059 ------ 0
QSO: 28412 PH 2026-07-26 0824 9A5D/P        59  2929 EU-016 M7DPA         59  0165 EU-005 0
QSO: 28412 PH 2026-07-26 0824 9A5D/P        59  2931 EU-016 DF3SP         59  0001 ------ 0
QSO: 28412 PH 2026-07-26 0825 9A5D/P        59  2933 EU-016 DO1OM         59  0042 ------ 0
QSO: 28412 PH 2026-07-26 0826 9A5D/P        59  2935 EU-016 IZ7ECL        59  0902 ------ 0
QSO: 28412 PH 2026-07-26 0827 9A5D/P        59  2937 EU-016 DN9KN         59  0020 ------ 0
QSO: 28412 PH 2026-07-26 0827 9A5D/P        59  2939 EU-016 PA/OQ4T       59  0493 EU-146 0
QSO: 28412 PH 2026-07-26 0827 9A5D/P        59  2941 EU-016 DG6OAG        59  0093 ------ 0
QSO: 28412 PH 2026-07-26 0828 9A5D/P        59  2943 EU-016 M0XXT         59  0930 EU-005 0
QSO: 21012 CW 2026-07-26 0828 9A5D/P        599 0692 EU-016 4S7AB         599 0076 AS-003 1
QSO: 28412 PH 2026-07-26 0828 9A5D/P        59  2945 EU-016 G0WCW         59  0046 EU-005 0
QSO: 28412 PH 2026-07-26 0829 9A5D/P        59  2947 EU-016 DF6QN         59  0127 ------ 0
QSO: 28412 PH 2026-07-26 0829 9A5D/P        59  2949 EU-016 ON6EC         59  0042 ------ 0
QSO: 21261 PH 2026-07-26 0829 9A5D/P        59  0694 EU-016 DK3R          59  2391 EU-057 1
QSO: 28412 PH 2026-07-26 0829 9A5D/P        59  2951 EU-016 MM1DJJ        59  0132 EU-005 0
QSO: 28412 PH 2026-07-26 0830 9A5D/P        59  2953 EU-016 DA1DX         59  1305 ------ 0
QSO: 28412 PH 2026-07-26 0830 9A5D/P        59  2955 EU-016 G5XV          59  2229 EU-120 0
QSO: 28412 PH 2026-07-26 0830 9A5D/P        59  2957 EU-016 SP6BTD        59  0059 ------ 0
QSO: 28412 PH 2026-07-26 0831 9A5D/P        59  2959 EU-016 G3ASB         59  0039 EU-005 0
QSO: 28412 PH 2026-07-26 0832 9A5D/P        59  2961 EU-016 DO8SAM        59  0028 ------ 0
QSO: 28412 PH 2026-07-26 0832 9A5D/P        59  2963 EU-016 G3UML         59  0007 EU-005 0
QSO: 28412 PH 2026-07-26 0833 9A5D/P        59  2965 EU-016 SQ2TOM        59  0077 ------ 0
QSO: 28412 PH 2026-07-26 0834 9A5D/P        59  2967 EU-016 F4KIY         59  0262 ------ 0
QSO: 28412 PH 2026-07-26 0834 9A5D/P        59  2969 EU-016 PD3H          59  0070 ------ 0
QSO: 28412 PH 2026-07-26 0835 9A5D/P        59  2971 EU-016 DO5FM         59  0041 ------ 0
QSO: 28412 PH 2026-07-26 0835 9A5D/P        59  2973 EU-016 GM2T          59  2652 EU-008 0
QSO: 28412 PH 2026-07-26 0836 9A5D/P        59  2975 EU-016 DD2IA         59  0119 ------ 0
QSO: 28412 PH 2026-07-26 0836 9A5D/P        59  2977 EU-016 DL8LSK        59  0115 ------ 0
QSO: 28412 PH 2026-07-26 0837 9A5D/P        59  2979 EU-016 G0WRS         59  0815 EU-005 0
QSO: 28412 PH 2026-07-26 0837 9A5D/P        59  2981 EU-016 DL1HSR        59  0009 ------ 0
QSO: 28412 PH 2026-07-26 0837 9A5D/P        59  2983 EU-016 M9KBU         59  0141 EU-005 0
QSO: 28412 PH 2026-07-26 0837 9A5D/P        59  2985 EU-016 DH1PAL        59  0125 ------ 0
QSO: 28412 PH 2026-07-26 0838 9A5D/P        59  2987 EU-016 DK5KMA        59  0125 ------ 0
QSO: 28412 PH 2026-07-26 0839 9A5D/P        59  2989 EU-016 DN9WBG        59  0036 ------ 0
QSO: 28412 PH 2026-07-26 0839 9A5D/P        59  2991 EU-016 DL8UV         59  0029 ------ 0
QSO: 28412 PH 2026-07-26 0839 9A5D/P        59  2993 EU-016 UZ7C          59  1202 ------ 0
QSO: 28412 PH 2026-07-26 0840 9A5D/P        59  2995 EU-016 ON4LAN        59  0015 ------ 0
QSO: 28412 PH 2026-07-26 0840 9A5D/P        59  2997 EU-016 SE9DXM        59  0071 EU-037 0
QSO: 28412 PH 2026-07-26 0840 9A5D/P        59  2999 EU-016 DK4JJ         59  0225 ------ 0
QSO: 28412 PH 2026-07-26 0841 9A5D/P        59  3001 EU-016 YL3SA         59  0049 ------ 0
QSO: 28412 PH 2026-07-26 0842 9A5D/P        59  3003 EU-016 PI4DX         59  0633 ------ 0
QSO: 28412 PH 2026-07-26 0843 9A5D/P        59  3005 EU-016 PA3GVQ        59  0086 ------ 0
QSO: 28412 PH 2026-07-26 0844 9A5D/P        59  3007 EU-016 OK4HM         59  0004 ------ 0
QSO: 28412 PH 2026-07-26 0844 9A5D/P        59  3009 EU-016 G4AFF         59  0631 EU-005 0
QSO: 21014 CW 2026-07-26 0846 9A5D/P        599 0696 EU-016 IE9/OL5Y      599 1498 EU-051 1
QSO: 28412 PH 2026-07-26 0846 9A5D/P        59  3011 EU-016 G3RXQ         59  0518 EU-005 0
QSO: 28412 PH 2026-07-26 0846 9A5D/P        59  3013 EU-016 SM4VBO        59  0197 ------ 0
QSO: 28412 PH 2026-07-26 0846 9A5D/P        59  3015 EU-016 M0KCM         59  0072 EU-005 0
QSO: 28412 PH 2026-07-26 0848 9A5D/P        59  3017 EU-016 PD0TH         59  0058 ------ 0
QSO: 28412 PH 2026-07-26 0848 9A5D/P        59  3019 EU-016 M1T           59  0475 EU-005 0
QSO: 28412 PH 2026-07-26 0848 9A5D/P        59  3021 EU-016 PA3EVY        59  0126 ------ 0
QSO: 28412 PH 2026-07-26 0849 9A5D/P        59  3023 EU-016 ON7KC         59  0008 ------ 0
QSO: 28412 PH 2026-07-26 0851 9A5D/P        59  3025 EU-016 G6FXF         59  0113 EU-005 0
QSO: 28412 PH 2026-07-26 0852 9A5D/P        59  3027 EU-016 DK7TX         59  0390 ------ 0
QSO: 28412 PH 2026-07-26 0852 9A5D/P        59  3029 EU-016 DB5ZF         59  0095 ------ 0
QSO: 28412 PH 2026-07-26 0853 9A5D/P        59  3031 EU-016 EA8DMS        59  0025 AF-004 0
QSO: 28412 PH 2026-07-26 0854 9A5D/P        59  3033 EU-016 DF6FRA        59  0001 ------ 0
QSO: 28412 PH 2026-07-26 0854 9A5D/P        59  3035 EU-016 M0UHF         59  0086 EU-005 0
QSO: 28412 PH 2026-07-26 0855 9A5D/P        59  3037 EU-016 ES3M          59  0104 ------ 0
QSO: 28412 PH 2026-07-26 0855 9A5D/P        59  3039 EU-016 PC5Z          59  0078 ------ 0
QSO: 21254 PH 2026-07-26 0855 9A5D/P        59  0698 EU-016 LB5GI         59  0123 EU-079 1
QSO: 28412 PH 2026-07-26 0856 9A5D/P        59  3041 EU-016 DJ5JE         59  0040 ------ 0
QSO: 28412 PH 2026-07-26 0856 9A5D/P        59  3043 EU-016 PD0HRY        59  0033 ------ 0
QSO: 28412 PH 2026-07-26 0857 9A5D/P        59  3045 EU-016 DL6UAA        59  0132 ------ 0
QSO: 21243 PH 2026-07-26 0857 9A5D/P        59  0700 EU-016 LA9RY         59  0565 EU-055 1
QSO: 28412 PH 2026-07-26 0858 9A5D/P        59  3047 EU-016 PD1SCO        59  0006 ------ 0
QSO: 28412 PH 2026-07-26 0858 9A5D/P        59  3049 EU-016 G4CUS         59  0036 EU-005 0
QSO: 28412 PH 2026-07-26 0858 9A5D/P        59  3051 EU-016 M0MCV         59  0404 EU-005 0
QSO: 28412 PH 2026-07-26 0859 9A5D/P        59  3053 EU-016 DO3TX         59  0149 ------ 0
QSO: 28412 PH 2026-07-26 0859 9A5D/P        59  3055 EU-016 F4MAI         59  0411 ------ 0
QSO: 28412 PH 2026-07-26 0859 9A5D/P        59  3057 EU-016 DK7RD         59  0090 ------ 0
QSO: 28412 PH 2026-07-26 0900 9A5D/P        59  3059 EU-016 DN9IL         59  0003 ------ 0
QSO: 28412 PH 2026-07-26 0900 9A5D/P        59  3061 EU-016 M1N           59  0366 EU-005 0
QSO: 21201 PH 2026-07-26 0901 9A5D/P        59  0702 EU-016 GM7V          59  3595 EU-010 1
QSO: 28412 PH 2026-07-26 0901 9A5D/P        59  3063 EU-016 F4JTM         59  0306 ------ 0
QSO: 28412 PH 2026-07-26 0901 9A5D/P        59  3065 EU-016 DL7CHR        59  0066 ------ 0
QSO: 28412 PH 2026-07-26 0902 9A5D/P        59  3067 EU-016 ON4NYO        59  0051 ------ 0
QSO: 28412 PH 2026-07-26 0902 9A5D/P        59  3069 EU-016 OT9T          59  0113 ------ 0
QSO: 28412 PH 2026-07-26 0902 9A5D/P        59  3071 EU-016 DO9CZ         59  0039 ------ 0
QSO: 28412 PH 2026-07-26 0903 9A5D/P        59  3073 EU-016 F1MLN         59  0045 ------ 0
QSO: 28412 PH 2026-07-26 0903 9A5D/P        59  3075 EU-016 G6AD          59  0817 EU-005 0
QSO: 28412 PH 2026-07-26 0903 9A5D/P        59  3077 EU-016 LC6C          59  0081 EU-055 0
QSO: 28412 PH 2026-07-26 0904 9A5D/P        59  3079 EU-016 M7MUY         59  0063 EU-005 0
QSO: 28412 PH 2026-07-26 0906 9A5D/P        59  3081 EU-016 F4HGV         59  0032 ------ 0
QSO: 28412 PH 2026-07-26 0907 9A5D/P        59  3083 EU-016 DD0VE         59  0123 ------ 0
QSO: 21016 CW 2026-07-26 0907 9A5D/P        599 0704 EU-016 IO3M          599 2555 EU-131 1
QSO: 28412 PH 2026-07-26 0907 9A5D/P        59  3085 EU-016 M1Q           59  0043 EU-005 0
QSO: 28412 PH 2026-07-26 0908 9A5D/P        59  3087 EU-016 M0TBS         59  0066 EU-005 0
QSO: 28412 PH 2026-07-26 0908 9A5D/P        59  3089 EU-016 G4AAV         59  0297 EU-005 0
QSO: 21237 PH 2026-07-26 0908 9A5D/P        59  0706 EU-016 OV9M          59  0167 EU-171 1
QSO: 28412 PH 2026-07-26 0908 9A5D/P        59  3091 EU-016 OZ4NA         59  0082 ------ 0
QSO: 28412 PH 2026-07-26 0908 9A5D/P        59  3093 EU-016 DL4NAK        59  0003 ------ 0
QSO: 28412 PH 2026-07-26 0909 9A5D/P        59  3095 EU-016 G8ZRE         59  0097 EU-005 0
QSO: 28412 PH 2026-07-26 0910 9A5D/P        59  3097 EU-016 M0ZVB         59  0007 EU-005 0
QSO: 28412 PH 2026-07-26 0910 9A5D/P        59  3099 EU-016 F4MOI         59  0021 ------ 0
QSO: 21039 CW 2026-07-26 0910 9A5D/P        599 0708 EU-016 7C8C          599 0140 OC-236 1
QSO: 28412 PH 2026-07-26 0911 9A5D/P        59  3101 EU-016 MM5DB/P       59  0868 EU-010 0
QSO: 28412 PH 2026-07-26 0911 9A5D/P        59  3103 EU-016 DJ7YP         59  0106 ------ 0
QSO: 28412 PH 2026-07-26 0912 9A5D/P        59  3105 EU-016 PD1HV         59  0002 ------ 0
QSO: 28016 CW 2026-07-26 0914 9A5D/P        599 3107 EU-016 OY1CT         599 1424 EU-018 0
QSO: 28018 CW 2026-07-26 0916 9A5D/P        599 3109 EU-016 G4AFF         599 0625 EU-005 0
QSO: 28018 CW 2026-07-26 0917 9A5D/P        599 3111 EU-016 DK8NT         599 0510 ------ 0
QSO: 28018 CW 2026-07-26 0917 9A5D/P        599 3113 EU-016 SN40KZE       599 0227 ------ 0
QSO: 28018 CW 2026-07-26 0918 9A5D/P        599 3115 EU-016 DL7DZ         599 0110 ------ 0
QSO: 28018 CW 2026-07-26 0918 9A5D/P        599 3117 EU-016 PE2K          599 0180 ------ 0
QSO: 28018 CW 2026-07-26 0919 9A5D/P        599 3119 EU-016 DK8ZB         599 0145 ------ 0
QSO: 28018 CW 2026-07-26 0919 9A5D/P        599 3121 EU-016 M5X           599 0201 EU-005 0
QSO: 28018 CW 2026-07-26 0920 9A5D/P        599 3123 EU-016 UR4LIN        599 0034 ------ 0
QSO: 28018 CW 2026-07-26 0920 9A5D/P        599 3125 EU-016 DL2RTU        599 0066 ------ 0
QSO: 28018 CW 2026-07-26 0920 9A5D/P        599 3127 EU-016 SC6O          599 0406 ------ 0
QSO: 28018 CW 2026-07-26 0921 9A5D/P        599 3129 EU-016 PA0VLY        599 0030 ------ 0
QSO: 28018 CW 2026-07-26 0921 9A5D/P        599 3131 EU-016 PA2KW         599 0059 ------ 0
QSO: 28018 CW 2026-07-26 0922 9A5D/P        599 3133 EU-016 OK1OA         599 0253 ------ 0
QSO: 28018 CW 2026-07-26 0922 9A5D/P        599 3135 EU-016 UR5TGK        599 0084 ------ 0
QSO: 28018 CW 2026-07-26 0923 9A5D/P        599 3137 EU-016 DL6UAA        599 0143 ------ 0
QSO: 28018 CW 2026-07-26 0923 9A5D/P        599 3139 EU-016 ON5JT         599 0239 ------ 0
QSO: 28018 CW 2026-07-26 0923 9A5D/P        599 3141 EU-016 UT7CR         599 1137 ------ 0
QSO: 28018 CW 2026-07-26 0924 9A5D/P        599 3143 EU-016 DL7LX         599 0052 ------ 0
QSO: 28018 CW 2026-07-26 0924 9A5D/P        599 3145 EU-016 PC6R          599 0100 ------ 0
QSO: 28018 CW 2026-07-26 0924 9A5D/P        599 3147 EU-016 G3ZGC         599 0113 EU-005 0
QSO: 21251 PH 2026-07-26 0925 9A5D/P        59  0710 EU-016 CQ7OTA        59  1110 EU-145 1
QSO: 28018 CW 2026-07-26 0925 9A5D/P        599 3149 EU-016 DF1LON/P      599 0226 EU-047 0
QSO: 28018 CW 2026-07-26 0926 9A5D/P        599 3151 EU-016 ON9PA         599 0106 ------ 0
QSO: 28018 CW 2026-07-26 0927 9A5D/P        599 3153 EU-016 PC1PM         599 0039 ------ 0
QSO: 28018 CW 2026-07-26 0927 9A5D/P        599 3155 EU-016 SP4TKR        599 0405 ------ 0
QSO: 28018 CW 2026-07-26 0927 9A5D/P        599 3157 EU-016 DJ9RR         599 0080 ------ 0
QSO: 28018 CW 2026-07-26 0928 9A5D/P        599 3159 EU-016 SM5DXR        599 0086 ------ 0
QSO: 28018 CW 2026-07-26 0928 9A5D/P        599 3161 EU-016 SN4K          599 0146 ------ 0
QSO: 28018 CW 2026-07-26 0929 9A5D/P        599 3163 EU-016 PA0RDT        599 0205 ------ 0
QSO: 28018 CW 2026-07-26 0929 9A5D/P        599 3165 EU-016 DG0KS         599 0066 ------ 0
QSO: 28018 CW 2026-07-26 0930 9A5D/P        599 3167 EU-016 F5UTN         599 0046 ------ 0
QSO: 28018 CW 2026-07-26 0930 9A5D/P        599 3169 EU-016 DL4BBJ        599 0279 ------ 0
QSO: 28018 CW 2026-07-26 0931 9A5D/P        599 3171 EU-016 UZ7E          599 0610 ------ 0
QSO: 28018 CW 2026-07-26 0932 9A5D/P        599 3173 EU-016 DL1ZAL        599 0003 ------ 0
QSO: 28018 CW 2026-07-26 0932 9A5D/P        599 3175 EU-016 DJ4WT         599 0168 ------ 0
QSO: 28018 CW 2026-07-26 0932 9A5D/P        599 3177 EU-016 DK5DQ         599 0114 ------ 0
QSO: 28018 CW 2026-07-26 0933 9A5D/P        599 3179 EU-016 ON4LDP        599 0026 ------ 0
QSO: 21036 CW 2026-07-26 0933 9A5D/P        599 0712 EU-016 DU2W          595 0044 OC-042 1
QSO: 28018 CW 2026-07-26 0933 9A5D/P        599 3181 EU-016 ON3ONX        599 0126 ------ 0
QSO: 28018 CW 2026-07-26 0934 9A5D/P        599 3183 EU-016 GM1J          599 0581 EU-092 0
QSO: 28018 CW 2026-07-26 0934 9A5D/P        599 3185 EU-016 G3ESE         599 0096 EU-005 0
QSO: 28018 CW 2026-07-26 0935 9A5D/P        599 3187 EU-016 G3P           599 0453 EU-005 0
QSO: 28018 CW 2026-07-26 0936 9A5D/P        599 3189 EU-016 PC6R          599 0105 ------ 0
QSO: 14033 CW 2026-07-26 0936 9A5D/P        599 0714 EU-016 SV5/OH2FUW    599 0113 EU-001 1
QSO: 28018 CW 2026-07-26 0937 9A5D/P        599 3191 EU-016 5Q5M          599 0299 EU-029 0
QSO: 28018 CW 2026-07-26 0937 9A5D/P        599 3193 EU-016 DF5EN         599 0111 ------ 0
QSO: 28018 CW 2026-07-26 0938 9A5D/P        599 3195 EU-016 F5PCV         599 0031 ------ 0
QSO: 28018 CW 2026-07-26 0938 9A5D/P        599 3197 EU-016 2E0CVN        599 0305 EU-005 0
QSO: 28018 CW 2026-07-26 0939 9A5D/P        599 3199 EU-016 OZ4GM         599 0028 EU-030 0
QSO: 28018 CW 2026-07-26 0940 9A5D/P        599 3201 EU-016 G3VGZ         599 0138 EU-005 0
QSO: 21024 CW 2026-07-26 0940 9A5D/P        599 0716 EU-016 GJ2A          599 0438 EU-013 1
QSO: 28018 CW 2026-07-26 0941 9A5D/P        599 3203 EU-016 LA3BO         599 0655 ------ 0
QSO: 28018 CW 2026-07-26 0942 9A5D/P        599 3205 EU-016 LY4BF         599 0144 ------ 0
QSO: 28018 CW 2026-07-26 0942 9A5D/P        599 3207 EU-016 PA3AAV        599 0414 ------ 0
QSO: 28018 CW 2026-07-26 0943 9A5D/P        599 3209 EU-016 G3VYI         599 0129 EU-005 0
QSO: 28018 CW 2026-07-26 0945 9A5D/P        599 3211 EU-016 OM2VL         599 1885 ------ 0
QSO: 28018 CW 2026-07-26 0946 9A5D/P        599 3213 EU-016 PD8MD         599 0078 ------ 0
QSO: 28018 CW 2026-07-26 0947 9A5D/P        599 3215 EU-016 G2L           599 0590 EU-005 0
QSO: 28018 CW 2026-07-26 0947 9A5D/P        599 3217 EU-016 US3LX         599 0012 ------ 0
QSO: 28018 CW 2026-07-26 0948 9A5D/P        599 3219 EU-016 DL4YR         599 0245 ------ 0
QSO: 28018 CW 2026-07-26 0949 9A5D/P        599 3221 EU-016 SM7T          599 0485 ------ 0
QSO: 28018 CW 2026-07-26 0949 9A5D/P        599 3223 EU-016 G2DD          599 0019 EU-005 0
QSO: 28018 CW 2026-07-26 0951 9A5D/P        599 3225 EU-016 EA5BH         599 0077 ------ 0
QSO: 28018 CW 2026-07-26 0951 9A5D/P        599 3227 EU-016 UR5ECW        599 0060 ------ 0
QSO: 28018 CW 2026-07-26 0951 9A5D/P        599 3229 EU-016 SM6TOL        599 0377 ------ 0
QSO: 28018 CW 2026-07-26 0952 9A5D/P        599 3231 EU-016 PA1JEP        599 0192 EU-014 0
QSO: 28007 CW 2026-07-26 0953 9A5D/P        599 3233 EU-016 MD0CCE        599 0447 EU-116 0
QSO: 28018 CW 2026-07-26 0954 9A5D/P        599 3235 EU-016 UR4LTX        599 0056 ------ 0
QSO: 28018 CW 2026-07-26 0956 9A5D/P        599 3237 EU-016 OL7J          599 1276 ------ 0
QSO: 28018 CW 2026-07-26 0956 9A5D/P        599 3239 EU-016 F6GCP         599 0060 ------ 0
QSO: 28018 CW 2026-07-26 0957 9A5D/P        599 3241 EU-016 SM6LJU        599 0052 EU-043 0
QSO: 21047 CW 2026-07-26 0957 9A5D/P        599 0718 EU-016 BY5HB         599 0643 AS-137 1
QSO: 28018 CW 2026-07-26 0959 9A5D/P        599 3243 EU-016 MM9ODX        599 0145 EU-005 0
QSO: 28018 CW 2026-07-26 0959 9A5D/P        599 3245 EU-016 PA4O          599 0452 ------ 0
QSO: 28018 CW 2026-07-26 0959 9A5D/P        599 3247 EU-016 OZ4O          599 0343 EU-029 0
QSO: 28016 CW 2026-07-26 1000 9A5D/P        599 0720 EU-016 5Q5W          599 0755 EU-171 1
QSO: 21022 CW 2026-07-26 1001 9A5D/P        599 3249 EU-016 DJ7UC         599 0118 ------ 0
QSO: 28013 CW 2026-07-26 1001 9A5D/P        599 0722 EU-016 DF0TX/P       599 0980 EU-127 1
QSO: 21022 CW 2026-07-26 1002 9A5D/P        599 3251 EU-016 F6GCP         599 0064 ------ 0
QSO: 21022 CW 2026-07-26 1002 9A5D/P        599 3253 EU-016 LY2BNL        599 0008 ------ 0
QSO: 21018 CW 2026-07-26 1004 9A5D/P        599 3255 EU-016 PA0M          599 0103 ------ 0
QSO: 21018 CW 2026-07-26 1005 9A5D/P        599 3257 EU-016 M5X           599 0224 EU-005 0
QSO: 21018 CW 2026-07-26 1005 9A5D/P        599 3259 EU-016 G3VIP         599 0046 EU-005 0
QSO: 21018 CW 2026-07-26 1006 9A5D/P        599 3261 EU-016 F6EZV         599 0185 ------ 0
QSO: 28011 CW 2026-07-26 1007 9A5D/P        599 0724 EU-016 G5XV          599 2428 EU-120 1
QSO: 21018 CW 2026-07-26 1008 9A5D/P        599 3263 EU-016 SV8/SV1CEI    599 0045 EU-067 0
QSO: 21018 CW 2026-07-26 1008 9A5D/P        599 3265 EU-016 OH6NIO        599 0028 ------ 0
QSO: 21018 CW 2026-07-26 1008 9A5D/P        599 3267 EU-016 DJ2CW         599 0023 ------ 0
QSO: 21018 CW 2026-07-26 1009 9A5D/P        599 3269 EU-016 CT1EHK        599 0056 ------ 0
QSO: 28029 CW 2026-07-26 1009 9A5D/P        599 0726 EU-016 SK3T          599 2231 EU-176 1
QSO: 21018 CW 2026-07-26 1009 9A5D/P        599 3271 EU-016 R3OM          599 0143 ------ 0
QSO: 21018 CW 2026-07-26 1010 9A5D/P        599 3273 EU-016 MM9ODX        599 0150 EU-005 0
QSO: 21018 CW 2026-07-26 1011 9A5D/P        599 3275 EU-016 UX2HB         599 0100 ------ 0
QSO: 21018 CW 2026-07-26 1011 9A5D/P        599 3277 EU-016 HA4FB         599 0710 ------ 0
QSO: 21018 CW 2026-07-26 1012 9A5D/P        599 3279 EU-016 CQ7OTA        599 1152 EU-145 0
QSO: 21018 CW 2026-07-26 1012 9A5D/P        599 3281 EU-016 DM6M          599 0123 ------ 0
QSO: 21018 CW 2026-07-26 1013 9A5D/P        599 3283 EU-016 G0VCW         599 0005 EU-005 0
QSO: 28495 PH 2026-07-26 1013 9A5D/P        59  0728 EU-016 CR5IC         59  1180 EU-150 1
QSO: 21018 CW 2026-07-26 1013 9A5D/P        599 3285 EU-016 OZ4GM         599 0174 EU-030 0
QSO: 21018 CW 2026-07-26 1014 9A5D/P        599 3287 EU-016 UW3WU         599 0091 ------ 0
QSO: 21018 CW 2026-07-26 1014 9A5D/P        599 3289 EU-016 F5VKF         599 0089 ------ 0
QSO: 21018 CW 2026-07-26 1017 9A5D/P        599 3291 EU-016 R2KMO         599 0005 ------ 0
QSO: 21018 CW 2026-07-26 1017 9A5D/P        599 3293 EU-016 F5PBM         599 0093 ------ 0
QSO: 14047 CW 2026-07-26 1018 9A5D/P        599 0730 EU-016 VP2MAA        599 0613 NA-103 1
QSO: 21018 CW 2026-07-26 1018 9A5D/P        599 3295 EU-016 LY2MK         599 0043 ------ 0
QSO: 21018 CW 2026-07-26 1019 9A5D/P        599 3297 EU-016 DO2XU         599 0087 ------ 0
QSO: 21018 CW 2026-07-26 1019 9A5D/P        599 3299 EU-016 PC1PM         599 0072 ------ 0
QSO: 21018 CW 2026-07-26 1020 9A5D/P        599 3301 EU-016 PA0ZAV        599 0141 ------ 0
QSO: 21018 CW 2026-07-26 1021 9A5D/P        599 3303 EU-016 G1SCT         599 0051 EU-005 0
QSO: 21018 CW 2026-07-26 1021 9A5D/P        599 3305 EU-016 ON5ZZ         599 0012 ------ 0
QSO: 21018 CW 2026-07-26 1022 9A5D/P        599 3307 EU-016 C4E           599 1078 AS-004 0
QSO: 21018 CW 2026-07-26 1023 9A5D/P        599 3309 EU-016 SE5E          599 0508 ------ 0
QSO: 21018 CW 2026-07-26 1023 9A5D/P        599 3311 EU-016 OH5MQ         599 0057 ------ 0
QSO: 21018 CW 2026-07-26 1023 9A5D/P        599 3313 EU-016 G7M           599 0421 EU-005 0
QSO: 21018 CW 2026-07-26 1024 9A5D/P        599 3315 EU-016 SM5CSS        599 0263 ------ 0
QSO: 21018 CW 2026-07-26 1024 9A5D/P        599 3317 EU-016 G4RWD         599 0129 EU-005 0
QSO: 21018 CW 2026-07-26 1025 9A5D/P        599 3319 EU-016 DL6KWN        599 0326 ------ 0
QSO: 21276 PH 2026-07-26 1027 9A5D/P        59  3321 EU-016 G5XV          59  2480 EU-120 0
QSO: 21018 CW 2026-07-26 1028 9A5D/P        599 3323 EU-016 LY7T          599 0290 ------ 0
QSO: 21018 CW 2026-07-26 1028 9A5D/P        599 3325 EU-016 DR0R          599 0020 ------ 0
QSO: 21018 CW 2026-07-26 1029 9A5D/P        599 3327 EU-016 OK2MBP        599 0557 ------ 0
QSO: 21018 CW 2026-07-26 1030 9A5D/P        599 3329 EU-016 SP5LGT        599 0127 ------ 0
QSO: 21018 CW 2026-07-26 1031 9A5D/P        599 3331 EU-016 DL1STG        599 0012 ------ 0
QSO: 21018 CW 2026-07-26 1032 9A5D/P        599 3333 EU-016 OH2KW         599 0655 ------ 0
QSO: 21018 CW 2026-07-26 1033 9A5D/P        599 3335 EU-016 G2NF          599 0676 EU-005 0
QSO: 21018 CW 2026-07-26 1034 9A5D/P        599 3337 EU-016 G2L           599 0611 EU-005 0
QSO: 21304 PH 2026-07-26 1035 9A5D/P        59  3339 EU-016 MU5E          59  0966 EU-114 0
QSO: 21294 PH 2026-07-26 1037 9A5D/P        59  3341 EU-016 EA8DMS        59  0051 AF-004 0
QSO: 21294 PH 2026-07-26 1038 9A5D/P        59  3343 EU-016 SP4TB         59  0124 ------ 0
QSO: 21294 PH 2026-07-26 1038 9A5D/P        59  3345 EU-016 G6AD          59  0911 EU-005 0
QSO: 21294 PH 2026-07-26 1039 9A5D/P        59  3347 EU-016 R3OM          59  0156 ------ 0
QSO: 21294 PH 2026-07-26 1040 9A5D/P        59  3349 EU-016 SP4Z          59  0353 ------ 0
QSO: 21244 PH 2026-07-26 1041 9A5D/P        59  3351 EU-016 SK3T          59  2266 EU-176 0
QSO: 21294 PH 2026-07-26 1042 9A5D/P        59  3353 EU-016 M0KCM         59  0085 EU-005 0
QSO: 21294 PH 2026-07-26 1043 9A5D/P        59  3355 EU-016 G0ORH         59  0116 EU-005 0
QSO: 21240 PH 2026-07-26 1044 9A5D/P        59  3357 EU-016 G5TV          59  0672 EU-005 0
QSO: 21294 PH 2026-07-26 1046 9A5D/P        59  3359 EU-016 F6BFH         59  0057 EU-032 0
QSO: 21004 CW 2026-07-26 1048 9A5D/P        599 3361 EU-016 GM4AGG/P      599 0901 EU-123 0
QSO: 14252 PH 2026-07-26 1051 9A5D/P        59  3363 EU-016 DF6QN         59  0178 ------ 0
QSO: 14252 PH 2026-07-26 1051 9A5D/P        59  3365 EU-016 DA1KL         59  0099 ------ 0
QSO: 14252 PH 2026-07-26 1052 9A5D/P        59  3367 EU-016 DG6OAG        59  0146 ------ 0
QSO: 14252 PH 2026-07-26 1052 9A5D/P        59  3369 EU-016 DK6OC         59  0039 ------ 0
QSO: 14252 PH 2026-07-26 1053 9A5D/P        59  3371 EU-016 G4CUS         59  0068 EU-005 0
QSO: 14252 PH 2026-07-26 1053 9A5D/P        59  3373 EU-016 HB9CYT        59  0005 ------ 0
QSO: 14252 PH 2026-07-26 1053 9A5D/P        59  3375 EU-016 DL8JDX        59  0055 ------ 0
QSO: 14252 PH 2026-07-26 1053 9A5D/P        59  3377 EU-016 OK1DVN        59  0023 ------ 0
QSO: 14252 PH 2026-07-26 1054 9A5D/P        59  3379 EU-016 DC7SEP        59  0004 ------ 0
QSO: 14252 PH 2026-07-26 1054 9A5D/P        59  3381 EU-016 MM7JNT        59  0589 EU-005 0
QSO: 14240 PH 2026-07-26 1055 9A5D/P        59  3383 EU-016 MW0KBN        59  0483 EU-124 0
QSO: 14252 PH 2026-07-26 1056 9A5D/P        59  3385 EU-016 DG2MJ/P       59  0013 EU-025 0
QSO: 14252 PH 2026-07-26 1056 9A5D/P        59  3387 EU-016 DG2MW         59  0008 ------ 0
QSO: 14252 PH 2026-07-26 1056 9A5D/P        59  3389 EU-016 SP4TB         59  0132 ------ 0
QSO: 14252 PH 2026-07-26 1057 9A5D/P        59  3391 EU-016 LB5HG         59  0019 EU-061 0
QSO: 14252 PH 2026-07-26 1057 9A5D/P        59  3393 EU-016 DF5LR         59  0073 ------ 0
QSO: 14252 PH 2026-07-26 1058 9A5D/P        59  3395 EU-016 GM4B          59  0176 EU-005 0
QSO: 14252 PH 2026-07-26 1059 9A5D/P        59  3397 EU-016 DL/G4XFD/P    59  0002 ------ 0
QSO: 14252 PH 2026-07-26 1059 9A5D/P        59  3399 EU-016 F1JIV         59  0020 ------ 0
QSO: 14252 PH 2026-07-26 1100 9A5D/P        59  3401 EU-016 VE3XN         59  0045 ------ 0
QSO: 14252 PH 2026-07-26 1101 9A5D/P        59  3403 EU-016 OM6AL         59  0194 ------ 0
QSO: 14252 PH 2026-07-26 1101 9A5D/P        59  3405 EU-016 DG1LJP        59  0124 ------ 0
QSO: 14252 PH 2026-07-26 1101 9A5D/P        59  3407 EU-016 LY7OK         59  0003 ------ 0
QSO: 14252 PH 2026-07-26 1102 9A5D/P        59  3409 EU-016 DJ6RN         59  0118 ------ 0
QSO: 14252 PH 2026-07-26 1102 9A5D/P        59  3411 EU-016 ES2UN         59  0509 EU-149 0
QSO: 14252 PH 2026-07-26 1103 9A5D/P        59  3413 EU-016 OM3KUK        59  0148 ------ 0
QSO: 14252 PH 2026-07-26 1103 9A5D/P        59  3415 EU-016 DL9DX         59  0143 ------ 0
QSO: 14252 PH 2026-07-26 1103 9A5D/P        59  3417 EU-016 M0BJL         59  0236 EU-005 0
QSO: 14261 PH 2026-07-26 1104 9A5D/P        59  3419 EU-016 M0XXT         59  1054 EU-005 0
QSO: 14252 PH 2026-07-26 1104 9A5D/P        59  3421 EU-016 DG5NBS/P      59  0004 ------ 0
QSO: 14252 PH 2026-07-26 1105 9A5D/P        59  3423 EU-016 SP9IZV        59  0156 ------ 0
QSO: 14252 PH 2026-07-26 1105 9A5D/P        59  3425 EU-016 PA1EJO        59  0062 ------ 0
QSO: 14252 PH 2026-07-26 1105 9A5D/P        59  3427 EU-016 F5AAR         59  0129 ------ 0
QSO: 14252 PH 2026-07-26 1106 9A5D/P        59  3429 EU-016 LA6AFA        59  0048 ------ 0
QSO: 14252 PH 2026-07-26 1106 9A5D/P        59  3431 EU-016 OZ4GM         59  0241 EU-030 0
QSO: 14252 PH 2026-07-26 1106 9A5D/P        59  3433 EU-016 DD0VE         59  0159 ------ 0
QSO: 14252 PH 2026-07-26 1107 9A5D/P        59  3435 EU-016 DD1VK         59  0014 ------ 0
QSO: 14250 PH 2026-07-26 1108 9A5D/P        59  3437 EU-016 MM/LY3X/P     59  0262 EU-008 0
QSO: 14335 PH 2026-07-26 1109 9A5D/P        59  3439 EU-016 G3SAD         59  0101 EU-005 0
QSO: 28016 CW 2026-07-26 1109 9A5D/P        599 0732 EU-016 TF3W          599 1856 EU-021 1
QSO: 14267 PH 2026-07-26 1109 9A5D/P        59  3441 EU-016 GM4EMX        59  0196 EU-005 0
QSO: 21011 CW 2026-07-26 1110 9A5D/P        599 0734 EU-016 GD4EIP        599 0065 EU-116 1
QSO: 14023 CW 2026-07-26 1112 9A5D/P        599 3443 EU-016 4U1A          599 0172 ------ 0
QSO: 14022 CW 2026-07-26 1114 9A5D/P        599 3445 EU-016 OL0A          599 0322 ------ 0
QSO: 14022 CW 2026-07-26 1114 9A5D/P        599 3447 EU-016 M2I           599 0023 EU-005 0
QSO: 14022 CW 2026-07-26 1114 9A5D/P        599 3449 EU-016 DL4YR         599 0284 ------ 0
QSO: 28425 PH 2026-07-26 1115 9A5D/P        59  0736 EU-016 CR3W          59  3704 AF-014 1
QSO: 14022 CW 2026-07-26 1115 9A5D/P        599 3451 EU-016 EI7GY         599 0115 EU-115 0
QSO: 14022 CW 2026-07-26 1116 9A5D/P        599 3453 EU-016 RE1A          599 0002 ------ 0
QSO: 14022 CW 2026-07-26 1116 9A5D/P        599 3455 EU-016 DJ0MEK        599 0016 ------ 0
QSO: 14022 CW 2026-07-26 1116 9A5D/P        599 3457 EU-016 DF8DU         599 0049 ------ 0
QSO: 14022 CW 2026-07-26 1117 9A5D/P        599 3459 EU-016 OK2MBP        599 0576 ------ 0
QSO: 14022 CW 2026-07-26 1117 9A5D/P        599 3461 EU-016 N3AM          599 0131 ------ 0
QSO: 14022 CW 2026-07-26 1118 9A5D/P        599 3463 EU-016 DL2LFH        599 0054 ------ 0
QSO: 14022 CW 2026-07-26 1119 9A5D/P        599 3465 EU-016 SA2OLM        599 0333 ------ 0
QSO: 14022 CW 2026-07-26 1120 9A5D/P        599 3467 EU-016 DL7AOS        599 0138 ------ 0
QSO: 21038 CW 2026-07-26 1120 9A5D/P        599 0738 EU-016 PJ4WW         599 0228 SA-006 1
QSO: 14022 CW 2026-07-26 1120 9A5D/P        599 3469 EU-016 IQ8UC         599 1330 EU-031 0
QSO: 14022 CW 2026-07-26 1121 9A5D/P        599 3471 EU-016 F5VKF         599 0107 ------ 0
QSO: 14022 CW 2026-07-26 1122 9A5D/P        599 3473 EU-016 OM6AL         599 0201 ------ 0
QSO: 14022 CW 2026-07-26 1122 9A5D/P        599 3475 EU-016 DF5EN         599 0159 ------ 0
QSO: 14022 CW 2026-07-26 1123 9A5D/P        599 3477 EU-016 OM8ATS        599 0267 ------ 0
QSO: 14022 CW 2026-07-26 1123 9A5D/P        599 3479 EU-016 PG2AA         599 0071 ------ 0
QSO: 14022 CW 2026-07-26 1124 9A5D/P        599 3481 EU-016 HB9CMW        599 0080 ------ 0
QSO: 14022 CW 2026-07-26 1124 9A5D/P        599 3483 EU-016 SO9I          599 0172 ------ 0
QSO: 14022 CW 2026-07-26 1125 9A5D/P        599 3485 EU-016 G3RTU         599 0030 EU-005 0
QSO: 14022 CW 2026-07-26 1126 9A5D/P        599 3487 EU-016 DJ5KW         599 0121 ------ 0
QSO: 14022 CW 2026-07-26 1126 9A5D/P        599 3489 EU-016 DL2SFO        599 0009 ------ 0
QSO: 14022 CW 2026-07-26 1127 9A5D/P        599 3491 EU-016 OK6OK         599 0262 ------ 0
QSO: 14022 CW 2026-07-26 1128 9A5D/P        599 3493 EU-016 SP9JZT        599 0164 ------ 0
QSO: 14022 CW 2026-07-26 1129 9A5D/P        599 3495 EU-016 CT7AIX        599 0182 ------ 0
QSO: 14022 CW 2026-07-26 1130 9A5D/P        599 3497 EU-016 ON4FF         599 0217 ------ 0
QSO: 14022 CW 2026-07-26 1130 9A5D/P        599 3499 EU-016 DL5BAW        599 0032 ------ 0
QSO: 14022 CW 2026-07-26 1131 9A5D/P        599 3501 EU-016 LZ1AQ         599 0015 ------ 0
QSO: 14022 CW 2026-07-26 1131 9A5D/P        599 3503 EU-016 HB9BAS        599 0086 ------ 0
QSO: 14022 CW 2026-07-26 1132 9A5D/P        599 3505 EU-016 SP4Z          599 0388 ------ 0
QSO: 14022 CW 2026-07-26 1132 9A5D/P        599 3507 EU-016 OK1MDK        599 0309 ------ 0
QSO: 14022 CW 2026-07-26 1133 9A5D/P        599 3509 EU-016 DL3DRN        599 0140 ------ 0
QSO: 14022 CW 2026-07-26 1133 9A5D/P        599 3511 EU-016 EI9KO         599 0056 EU-115 0
QSO: 14022 CW 2026-07-26 1133 9A5D/P        599 3513 EU-016 SN2S          599 0021 ------ 0
QSO: 14022 CW 2026-07-26 1134 9A5D/P        599 3515 EU-016 DL3ANK        599 0143 ------ 0
QSO: 14022 CW 2026-07-26 1135 9A5D/P        599 3517 EU-016 OK2BFN        599 0273 ------ 0
QSO: 14022 CW 2026-07-26 1135 9A5D/P        599 3519 EU-016 LY2NZ         599 0253 ------ 0
QSO: 14022 CW 2026-07-26 1136 9A5D/P        599 3521 EU-016 DK5OPA        599 0168 ------ 0
QSO: 14022 CW 2026-07-26 1136 9A5D/P        599 3523 EU-016 DK3R          599 2741 EU-057 0
QSO: 14022 CW 2026-07-26 1137 9A5D/P        599 3525 EU-016 UW3WF         599 0199 ------ 0
QSO: 14022 CW 2026-07-26 1137 9A5D/P        599 3527 EU-016 LA3BPA        599 0174 ------ 0
QSO: 14022 CW 2026-07-26 1138 9A5D/P        599 3529 EU-016 DK5XG         599 0213 ------ 0
QSO: 14022 CW 2026-07-26 1138 9A5D/P        599 3531 EU-016 DM6M          599 0145 ------ 0
QSO: 14022 CW 2026-07-26 1139 9A5D/P        599 3533 EU-016 LB5WB         599 1100 EU-055 0
QSO: 14022 CW 2026-07-26 1139 9A5D/P        599 3535 EU-016 DJ6RN         599 0130 ------ 0
QSO: 14022 CW 2026-07-26 1140 9A5D/P        599 3537 EU-016 SP7M          599 0156 ------ 0
QSO: 14022 CW 2026-07-26 1140 9A5D/P        599 3539 EU-016 ON9EEE        599 0038 ------ 0
QSO: 14022 CW 2026-07-26 1141 9A5D/P        599 3541 EU-016 DB0DH         599 0183 ------ 0
QSO: 14022 CW 2026-07-26 1141 9A5D/P        599 3543 EU-016 M5X           599 0276 EU-005 0
QSO: 14022 CW 2026-07-26 1142 9A5D/P        599 3545 EU-016 R3OM          599 0161 ------ 0
QSO: 14022 CW 2026-07-26 1143 9A5D/P        599 3547 EU-016 SP4AWE        599 0155 ------ 0
QSO: 14022 CW 2026-07-26 1143 9A5D/P        599 3549 EU-016 SP3CW         599 0228 ------ 0
QSO: 14022 CW 2026-07-26 1144 9A5D/P        599 3551 EU-016 2E0YEM        599 0386 EU-005 0
QSO: 21018 CW 2026-07-26 1144 9A5D/P        599 0740 EU-016 PY2UDB        599 0073 SA-024 1
QSO: 14022 CW 2026-07-26 1146 9A5D/P        599 3553 EU-016 F5VBU         599 0031 ------ 0
QSO: 14022 CW 2026-07-26 1147 9A5D/P        599 3555 EU-016 UX1VX         599 0279 ------ 0
QSO: 14022 CW 2026-07-26 1147 9A5D/P        599 3557 EU-016 G4CUS         599 0087 EU-005 0
QSO: 14022 CW 2026-07-26 1148 9A5D/P        599 3559 EU-016 SP7LIE        599 0160 ------ 0
QSO: 14022 CW 2026-07-26 1149 9A5D/P        599 3561 EU-016 HA1WD         599 0055 ------ 0
QSO: 14022 CW 2026-07-26 1150 9A5D/P        599 3563 EU-016 MW7PAJ        599 0033 EU-005 0
QSO: 14022 CW 2026-07-26 1151 9A5D/P        599 3565 EU-016 IK3OYU        599 0046 ------ 0
QSO: 14022 CW 2026-07-26 1151 9A5D/P        599 3567 EU-016 PA4O          599 0525 ------ 0
QSO: 14022 CW 2026-07-26 1153 9A5D/P        599 3569 EU-016 LY3CY         599 0336 ------ 0
QSO: 14022 CW 2026-07-26 1154 9A5D/P        599 3571 EU-016 M0XLZ         599 0037 EU-005 0
QSO: 14022 CW 2026-07-26 1154 9A5D/P        599 3573 EU-016 IN3FHE        599 0118 ------ 0
QSO: 14022 CW 2026-07-26 1155 9A5D/P        599 3575 EU-016 UW3WU         599 0123 ------ 0
QSO: 14329 PH 2026-07-26 1156 9A5D/P        59  3577 EU-016 3V8LL         59  0386 AF-083 0
QSO: 14022 CW 2026-07-26 1156 9A5D/P        599 3579 EU-016 YQ6A          599 0207 ------ 0
QSO: 14022 CW 2026-07-26 1157 9A5D/P        599 3581 EU-016 ON6FC         599 0217 ------ 0
QSO: 14022 CW 2026-07-26 1157 9A5D/P        599 3583 EU-016 OM6MW         599 0121 ------ 0
QSO: 14022 CW 2026-07-26 1158 9A5D/P        599 3585 EU-016 OK2KG         599 0071 ------ 0
QSO: 14022 CW 2026-07-26 1159 9A5D/P        599 3587 EU-016 IZ2ABZ        599 0278 ------ 0
QSO: 14022 CW 2026-07-26 1159 9A5D/P        599 3589 EU-016 OH3GZ         599 0102 ------ 0
END-OF-LOG:
