START-OF-LOG: 3.0
CREATED-BY: Win-Test 4.42.0
CONTEST: IARU-HF
ARRL-SECTION: DX
GRID-LOCATOR: JN92BP
CALLSIGN: 9A0HQ
CATEGORY-OPERATOR: MULTI-OP
CATEGORY-TRANSMITTER: UNLIMITED
CATEGORY-ASSISTED: ASSISTED
CATEGORY-BAND: 15M
CATEGORY-POWER: HIGH
CATEGORY-MODE: CW
CATEGORY-STATION: FIXED
CLAIMED-SCORE: 718797
OPERATORS: 
NAME: Radioklub Dubrovnik
ADDRESS: B. Bogisica 14
ADDRESS: HR-20000 Dubrovnik
ADDRESS: CROAIA
EMAIL: radioclub.9a5d@gmail.com
CERTIFICATE: NO
SOAPBOX: 
QSO: 21031 CW 2026-07-11 1200 9A0HQ         599 HRS    AB3CX         599 08    
QSO: 21031 CW 2026-07-11 1200 9A0HQ         599 HRS    DL9NO         599 28    
QSO: 21031 CW 2026-07-11 1200 9A0HQ         599 HRS    DJ9MH         599 28    
QSO: 21001 CW 2026-07-11 1200 9A0HQ         599 HRS    K1LZ          599 08    
QSO: 21031 CW 2026-07-11 1200 9A0HQ         599 HRS    JS1KKY        599 45    
QSO: 21031 CW 2026-07-11 1201 9A0HQ         599 HRS    SP5ICS        599 28    
QSO: 21003 CW 2026-07-11 1201 9A0HQ         599 HRS    MB2A          599 27    
QSO: 21031 CW 2026-07-11 1201 9A0HQ         599 HRS    UI8C          599 30    
QSO: 21004 CW 2026-07-11 1201 9A0HQ         599 HRS    OP0HQ         599 UBA   
QSO: 21031 CW 2026-07-11 1202 9A0HQ         599 HRS    DL1YBI        599 28    
QSO: 21031 CW 2026-07-11 1202 9A0HQ         599 HRS    R9AE          599 30    
QSO: 21005 CW 2026-07-11 1202 9A0HQ         599 HRS    MB2S          599 27    
QSO: 21031 CW 2026-07-11 1202 9A0HQ         599 HRS    HA1WD         599 28    
QSO: 21006 CW 2026-07-11 1202 9A0HQ         599 HRS    MB7K          599 27    
QSO: 21031 CW 2026-07-11 1202 9A0HQ         599 HRS    JH7QXJ        599 45    
QSO: 21006 CW 2026-07-11 1203 9A0HQ         599 HRS    MB1T          599 27    
QSO: 21007 CW 2026-07-11 1203 9A0HQ         599 HRS    MB1I          599 27    
QSO: 21031 CW 2026-07-11 1203 9A0HQ         599 HRS    UA6LCJ        599 29    
QSO: 21008 CW 2026-07-11 1203 9A0HQ         599 HRS    MB3H          599 27    
QSO: 21031 CW 2026-07-11 1203 9A0HQ         599 HRS    SN0HQ         599 PZK   
QSO: 21008 CW 2026-07-11 1203 9A0HQ         599 HRS    MB2H          599 27    
QSO: 21009 CW 2026-07-11 1204 9A0HQ         599 HRS    MB3F          599 27    
QSO: 21031 CW 2026-07-11 1204 9A0HQ         599 HRS    PJ4WW         599 11    
QSO: 21008 CW 2026-07-11 1204 9A0HQ         599 HRS    K1CC          599 08    
QSO: 21031 CW 2026-07-11 1204 9A0HQ         599 HRS    R9MM          599 30    
QSO: 21010 CW 2026-07-11 1205 9A0HQ         599 HRS    AA4NC         599 08    
QSO: 21031 CW 2026-07-11 1205 9A0HQ         599 HRS    UP5B          599 30    
QSO: 21031 CW 2026-07-11 1205 9A0HQ         599 HRS    RY6ZAB        599 29    
QSO: 21010 CW 2026-07-11 1205 9A0HQ         599 HRS    RM9A          599 30    
QSO: 21031 CW 2026-07-11 1205 9A0HQ         599 HRS    UA1F          599 19    
QSO: 21031 CW 2026-07-11 1206 9A0HQ         599 HRS    UC7A          599 29    
QSO: 21031 CW 2026-07-11 1206 9A0HQ         599 HRS    K3TW          599 08    
QSO: 21014 CW 2026-07-11 1206 9A0HQ         599 HRS    SK9HQ         599 SSA   
QSO: 21031 CW 2026-07-11 1206 9A0HQ         599 HRS    DF9LA         599 28    
QSO: 21031 CW 2026-07-11 1206 9A0HQ         599 HRS    UN8PT         599 30    
QSO: 21015 CW 2026-07-11 1207 9A0HQ         599 HRS    VE3JM         599 04    
QSO: 21031 CW 2026-07-11 1207 9A0HQ         599 HRS    DL1EFW        599 28    
QSO: 21016 CW 2026-07-11 1207 9A0HQ         599 HRS    MB3K          599 27    
QSO: 21031 CW 2026-07-11 1207 9A0HQ         599 HRS    DR0R          599 28    
QSO: 21031 CW 2026-07-11 1207 9A0HQ         599 HRS    HG2DX         599 28    
QSO: 21015 CW 2026-07-11 1207 9A0HQ         599 HRS    OK7O          599 28    
QSO: 21031 CW 2026-07-11 1208 9A0HQ         599 HRS    R7AC          599 29    
QSO: 21017 CW 2026-07-11 1208 9A0HQ         599 HRS    MB2R          599 27    
QSO: 21031 CW 2026-07-11 1208 9A0HQ         599 HRS    BD2RJ         599 44    
QSO: 21031 CW 2026-07-11 1208 9A0HQ         599 HRS    VE3VN         599 04    
QSO: 21020 CW 2026-07-11 1208 9A0HQ         599 HRS    P3X           599 39    
QSO: 21031 CW 2026-07-11 1209 9A0HQ         599 HRS    S52D          599 28    
QSO: 21021 CW 2026-07-11 1209 9A0HQ         599 HRS    LX7I          599 27    
QSO: 21031 CW 2026-07-11 1209 9A0HQ         599 HRS    G3YMC         599 27    
QSO: 21023 CW 2026-07-11 1209 9A0HQ         599 HRS    MB1A          599 27    
QSO: 21031 CW 2026-07-11 1209 9A0HQ         599 HRS    LA9OI         599 18    
QSO: 21024 CW 2026-07-11 1210 9A0HQ         599 HRS    MB7M          599 27    
QSO: 21025 CW 2026-07-11 1210 9A0HQ         599 HRS    MB4C          599 27    
QSO: 21031 CW 2026-07-11 1210 9A0HQ         599 HRS    JS1OYN        599 45    
QSO: 21023 CW 2026-07-11 1210 9A0HQ         599 HRS    W1KM          599 08    
QSO: 21031 CW 2026-07-11 1210 9A0HQ         599 HRS    PI4LIM        599 27    
QSO: 21031 CW 2026-07-11 1211 9A0HQ         599 HRS    RW0AJ         599 32    
QSO: 21031 CW 2026-07-11 1211 9A0HQ         599 HRS    RD0A          599 32    
QSO: 21024 CW 2026-07-11 1211 9A0HQ         599 HRS    YT0HQ         599 SRS   
QSO: 21031 CW 2026-07-11 1211 9A0HQ         599 HRS    SN5WD         599 28    
QSO: 21031 CW 2026-07-11 1211 9A0HQ         599 HRS    DK1TW         599 28    
QSO: 21011 CW 2026-07-11 1212 9A0HQ         599 HRS    MB4Z          599 27    
QSO: 21031 CW 2026-07-11 1212 9A0HQ         599 HRS    G2F           599 27    
QSO: 21010 CW 2026-07-11 1212 9A0HQ         599 HRS    N4AF          599 08    
QSO: 21011 CW 2026-07-11 1212 9A0HQ         599 HRS    MB4F          599 27    
QSO: 21031 CW 2026-07-11 1212 9A0HQ         599 HRS    OK5SA         599 28    
QSO: 21014 CW 2026-07-11 1212 9A0HQ         599 HRS    PG6T          599 27    
QSO: 21031 CW 2026-07-11 1213 9A0HQ         599 HRS    S57MPU        599 28    
QSO: 21031 CW 2026-07-11 1213 9A0HQ         599 HRS    JH0NEC        599 45    
QSO: 21031 CW 2026-07-11 1213 9A0HQ         599 HRS    KB3Z          599 08    
QSO: 21031 CW 2026-07-11 1213 9A0HQ         599 HRS    OK1LV         599 28    
QSO: 21013 CW 2026-07-11 1214 9A0HQ         599 HRS    OZ1HQ         599 EDR   
QSO: 21031 CW 2026-07-11 1214 9A0HQ         599 HRS    4L6QC         599 29    
QSO: 21031 CW 2026-07-11 1214 9A0HQ         599 HRS    DL6KWN        599 28    
QSO: 21031 CW 2026-07-11 1215 9A0HQ         599 HRS    OK1DM         599 28    
QSO: 21025 CW 2026-07-11 1215 9A0HQ         599 HRS    HB9HQ         599 USKA  
QSO: 21031 CW 2026-07-11 1215 9A0HQ         599 HRS    4U1A          599 28    
QSO: 21031 CW 2026-07-11 1215 9A0HQ         599 HRS    RN6AT         599 29    
QSO: 21031 CW 2026-07-11 1215 9A0HQ         599 HRS    PE1RDP        599 27    
QSO: 21031 CW 2026-07-11 1216 9A0HQ         599 HRS    W1FM          599 08    
QSO: 21012 CW 2026-07-11 1216 9A0HQ         599 HRS    4Z5PN         599 39    
QSO: 21031 CW 2026-07-11 1216 9A0HQ         599 HRS    AA0O          599 08    
QSO: 21018 CW 2026-07-11 1216 9A0HQ         599 HRS    OK2HBR        599 28    
QSO: 21031 CW 2026-07-11 1217 9A0HQ         599 HRS    DL9DST        599 28    
QSO: 21031 CW 2026-07-11 1217 9A0HQ         599 HRS    DK5TA         599 28    
QSO: 21018 CW 2026-07-11 1217 9A0HQ         599 HRS    OH2HQ         599 SRAL  
QSO: 21031 CW 2026-07-11 1218 9A0HQ         599 HRS    3Z1K          599 28    
QSO: 21031 CW 2026-07-11 1218 9A0HQ         599 HRS    AD4EB         599 08    
QSO: 21028 CW 2026-07-11 1218 9A0HQ         599 HRS    KP2M          599 11    
QSO: 21031 CW 2026-07-11 1218 9A0HQ         599 HRS    IO5T          599 28    
QSO: 21031 CW 2026-07-11 1218 9A0HQ         599 HRS    R3ZZ          599 29    
QSO: 21031 CW 2026-07-11 1219 9A0HQ         599 HRS    AC5XK         599 08    
QSO: 21029 CW 2026-07-11 1219 9A0HQ         599 HRS    M2L           599 27    
QSO: 21031 CW 2026-07-11 1219 9A0HQ         599 HRS    JA2HYD        599 45    
QSO: 21029 CW 2026-07-11 1219 9A0HQ         599 HRS    K1RM          599 08    
QSO: 21031 CW 2026-07-11 1219 9A0HQ         599 HRS    4Z5LY         599 39    
QSO: 21030 CW 2026-07-11 1219 9A0HQ         599 HRS    EF6T          599 37    
QSO: 21031 CW 2026-07-11 1220 9A0HQ         599 HRS    DO2XU         599 28    
QSO: 21030 CW 2026-07-11 1220 9A0HQ         599 HRS    W2FU          599 08    
QSO: 21026 CW 2026-07-11 1220 9A0HQ         599 HRS    KP4AA         599 11    
QSO: 21031 CW 2026-07-11 1220 9A0HQ         599 HRS    N3RD          599 08    
QSO: 21031 CW 2026-07-11 1220 9A0HQ         599 HRS    LY7R          599 29    
QSO: 21031 CW 2026-07-11 1221 9A0HQ         599 HRS    EW4DX         599 29    
QSO: 21031 CW 2026-07-11 1221 9A0HQ         599 HRS    DL5BAW        599 28    
QSO: 21031 CW 2026-07-11 1221 9A0HQ         599 HRS    DJ9RR         599 28    
QSO: 21038 CW 2026-07-11 1221 9A0HQ         599 HRS    5Z4VJ         599 48    
QSO: 21031 CW 2026-07-11 1221 9A0HQ         599 HRS    OZ6KS         599 18    
QSO: 21031 CW 2026-07-11 1222 9A0HQ         599 HRS    RW9DX         599 30    
QSO: 21031 CW 2026-07-11 1222 9A0HQ         599 HRS    KR2AA         599 08    
QSO: 21031 CW 2026-07-11 1223 9A0HQ         599 HRS    DU1WBX        599 50    
QSO: 21035 CW 2026-07-11 1223 9A0HQ         599 HRS    MB5Z          599 27    
QSO: 21036 CW 2026-07-11 1223 9A0HQ         599 HRS    MB7G          599 27    
QSO: 21037 CW 2026-07-11 1223 9A0HQ         599 HRS    MB7F          599 27    
QSO: 21031 CW 2026-07-11 1223 9A0HQ         599 HRS    DL0BLU        599 28    
QSO: 21031 CW 2026-07-11 1224 9A0HQ         599 HRS    UA6HFI        599 29    
QSO: 21039 CW 2026-07-11 1224 9A0HQ         599 HRS    ED0HQ         599 URE   
QSO: 21031 CW 2026-07-11 1224 9A0HQ         599 HRS    SN5J          599 28    
QSO: 21031 CW 2026-07-11 1224 9A0HQ         599 HRS    OE1CIW        599 28    
QSO: 21039 CW 2026-07-11 1224 9A0HQ         599 HRS    DL7ON         599 28    
QSO: 21031 CW 2026-07-11 1225 9A0HQ         599 HRS    DL6BCX        599 28    
QSO: 21031 CW 2026-07-11 1225 9A0HQ         599 HRS    E78CB         599 28    
QSO: 21043 CW 2026-07-11 1225 9A0HQ         599 HRS    MB2U          599 27    
QSO: 21031 CW 2026-07-11 1225 9A0HQ         599 HRS    9A7T          599 28    
QSO: 21031 CW 2026-07-11 1225 9A0HQ         599 HRS    OK6OK         599 28    
QSO: 21031 CW 2026-07-11 1226 9A0HQ         599 HRS    G4HZV         599 27    
QSO: 21031 CW 2026-07-11 1226 9A0HQ         599 HRS    DF2GW         599 28    
QSO: 21044 CW 2026-07-11 1226 9A0HQ         599 HRS    GR2HQ         599 RSGB  
QSO: 21031 CW 2026-07-11 1226 9A0HQ         599 HRS    K1MK          599 08    
QSO: 21031 CW 2026-07-11 1226 9A0HQ         599 HRS    SP4NKJ        599 28    
QSO: 21031 CW 2026-07-11 1227 9A0HQ         599 HRS    W3ZGD         599 08    
QSO: 21031 CW 2026-07-11 1227 9A0HQ         599 HRS    OL5W          599 28    
QSO: 21031 CW 2026-07-11 1227 9A0HQ         599 HRS    UA6LCN        599 29    
QSO: 21038 CW 2026-07-11 1227 9A0HQ         599 HRS    B8HQ          599 43    
QSO: 21031 CW 2026-07-11 1227 9A0HQ         599 HRS    W1GD          599 08    
QSO: 21031 CW 2026-07-11 1228 9A0HQ         599 HRS    S54DQA        599 28    
QSO: 21040 CW 2026-07-11 1228 9A0HQ         599 HRS    K4ZW          599 08    
QSO: 21031 CW 2026-07-11 1229 9A0HQ         599 HRS    BD7JNA        599 44    
QSO: 21038 CW 2026-07-11 1229 9A0HQ         599 HRS    K1KI          599 08    
QSO: 21031 CW 2026-07-11 1229 9A0HQ         599 HRS    R6NA          599 29    
QSO: 21037 CW 2026-07-11 1229 9A0HQ         599 HRS    WG3J          599 08    
QSO: 21036 CW 2026-07-11 1229 9A0HQ         599 HRS    MB4P          599 27    
QSO: 21031 CW 2026-07-11 1230 9A0HQ         599 HRS    F6GCI         599 27    
QSO: 21031 CW 2026-07-11 1230 9A0HQ         599 HRS    K8GL          599 08    
QSO: 21041 CW 2026-07-11 1230 9A0HQ         599 HRS    MB5Y          599 27    
QSO: 21031 CW 2026-07-11 1230 9A0HQ         599 HRS    VR2CO         599 44    
QSO: 21041 CW 2026-07-11 1230 9A0HQ         599 HRS    P3C           599 39    
QSO: 21031 CW 2026-07-11 1231 9A0HQ         599 HRS    G4DDL         599 27    
QSO: 21031 CW 2026-07-11 1231 9A0HQ         599 HRS    UA3QGT        599 29    
QSO: 21045 CW 2026-07-11 1231 9A0HQ         599 HRS    MB4X          599 27    
QSO: 21031 CW 2026-07-11 1231 9A0HQ         599 HRS    RX6FJ         599 29    
QSO: 21045 CW 2026-07-11 1231 9A0HQ         599 HRS    MB2N          599 27    
QSO: 21031 CW 2026-07-11 1231 9A0HQ         599 HRS    DL6MWG        599 28    
QSO: 21031 CW 2026-07-11 1232 9A0HQ         599 HRS    EA3O          599 37    
QSO: 21031 CW 2026-07-11 1232 9A0HQ         599 HRS    UP4L          599 30    
QSO: 21047 CW 2026-07-11 1232 9A0HQ         599 HRS    F6HKA         599 27    
QSO: 21031 CW 2026-07-11 1232 9A0HQ         599 HRS    DM4KM         599 28    
QSO: 21031 CW 2026-07-11 1232 9A0HQ         599 HRS    BD6IUT        599 44    
QSO: 21048 CW 2026-07-11 1233 9A0HQ         599 HRS    CT3KN         599 36    
QSO: 21031 CW 2026-07-11 1233 9A0HQ         599 HRS    BY4SZ         599 44    
QSO: 21031 CW 2026-07-11 1233 9A0HQ         599 HRS    SP2LNW        599 28    
QSO: 21031 CW 2026-07-11 1233 9A0HQ         599 HRS    DM6WAN        599 28    
QSO: 21049 CW 2026-07-11 1234 9A0HQ         599 HRS    MB3V          599 27    
QSO: 21031 CW 2026-07-11 1234 9A0HQ         599 HRS    K2QB          599 08    
QSO: 21047 CW 2026-07-11 1234 9A0HQ         599 HRS    MB4L          599 27    
QSO: 21031 CW 2026-07-11 1234 9A0HQ         599 HRS    LY2MC         599 29    
QSO: 21031 CW 2026-07-11 1234 9A0HQ         599 HRS    F5VHY         599 27    
QSO: 21031 CW 2026-07-11 1235 9A0HQ         599 HRS    LY4G          599 29    
QSO: 21049 CW 2026-07-11 1235 9A0HQ         599 HRS    W1WEF         599 08    
QSO: 21031 CW 2026-07-11 1235 9A0HQ         599 HRS    R7HF          599 29    
QSO: 21051 CW 2026-07-11 1235 9A0HQ         599 HRS    MB3G          599 27    
QSO: 21031 CW 2026-07-11 1235 9A0HQ         599 HRS    N0YY          599 08    
QSO: 21031 CW 2026-07-11 1235 9A0HQ         599 HRS    SE4E          599 18    
QSO: 21055 CW 2026-07-11 1235 9A0HQ         599 HRS    MB4W          599 27    
QSO: 21031 CW 2026-07-11 1236 9A0HQ         599 HRS    N1JW          599 08    
QSO: 21058 CW 2026-07-11 1236 9A0HQ         599 HRS    EI5KF         599 27    
QSO: 21031 CW 2026-07-11 1236 9A0HQ         599 HRS    V31HQ         599 BARC  
QSO: 21031 CW 2026-07-11 1236 9A0HQ         599 HRS    UA3RBR        599 29    
QSO: 21031 CW 2026-07-11 1237 9A0HQ         599 HRS    SP3EMA        599 28    
QSO: 21031 CW 2026-07-11 1237 9A0HQ         599 HRS    DC6K          599 28    
QSO: 21063 CW 2026-07-11 1237 9A0HQ         599 HRS    MB3M          599 27    
QSO: 21000 CW 2026-07-11 1237 9A0HQ         599 HRS    MB7L          599 27    
QSO: 21031 CW 2026-07-11 1237 9A0HQ         599 HRS    UA0SR         599 32    
QSO: 21031 CW 2026-07-11 1237 9A0HQ         599 HRS    DL5XJ         599 28    
QSO: 21031 CW 2026-07-11 1237 9A0HQ         599 HRS    K1EO          599 08    
QSO: 21001 CW 2026-07-11 1238 9A0HQ         599 HRS    MB3W          599 27    
QSO: 21031 CW 2026-07-11 1238 9A0HQ         599 HRS    W2A           599 08    
QSO: 21003 CW 2026-07-11 1238 9A0HQ         599 HRS    MB5P          599 27    
QSO: 21031 CW 2026-07-11 1238 9A0HQ         599 HRS    DL5JS         599 28    
QSO: 21031 CW 2026-07-11 1238 9A0HQ         599 HRS    BI4VIP        599 44    
QSO: 21031 CW 2026-07-11 1239 9A0HQ         599 HRS    N6NT          599 08    
QSO: 21001 CW 2026-07-11 1239 9A0HQ         599 HRS    TM0HQ         599 REF   
QSO: 21031 CW 2026-07-11 1239 9A0HQ         599 HRS    YO6ETT        599 28    
QSO: 21004 CW 2026-07-11 1239 9A0HQ         599 HRS    MB5J          599 27    
QSO: 21031 CW 2026-07-11 1240 9A0HQ         599 HRS    K1JB          599 08    
QSO: 21031 CW 2026-07-11 1240 9A0HQ         599 HRS    OL7J          599 28    
QSO: 21000 CW 2026-07-11 1240 9A0HQ         599 HRS    MB5Q          599 27    
QSO: 21031 CW 2026-07-11 1240 9A0HQ         599 HRS    UB3A          599 29    
QSO: 21000 CW 2026-07-11 1240 9A0HQ         599 HRS    MB3R          599 27    
QSO: 21031 CW 2026-07-11 1240 9A0HQ         599 HRS    SP5LST        599 28    
QSO: 21031 CW 2026-07-11 1241 9A0HQ         599 HRS    R1DX          599 29    
QSO: 21031 CW 2026-07-11 1241 9A0HQ         599 HRS    SQ6MIH        599 28    
QSO: 21010 CW 2026-07-11 1241 9A0HQ         599 HRS    MB1S          599 27    
QSO: 21031 CW 2026-07-11 1241 9A0HQ         599 HRS    IK2WXQ        599 28    
QSO: 21031 CW 2026-07-11 1241 9A0HQ         599 HRS    VE1WT         599 09    
QSO: 21014 CW 2026-07-11 1241 9A0HQ         599 HRS    W2RQ          599 08    
QSO: 21031 CW 2026-07-11 1242 9A0HQ         599 HRS    K2UA          599 08    
QSO: 21015 CW 2026-07-11 1242 9A0HQ         599 HRS    K2LE          599 08    
QSO: 21031 CW 2026-07-11 1242 9A0HQ         599 HRS    R6CC          599 29    
QSO: 21031 CW 2026-07-11 1242 9A0HQ         599 HRS    E29TGW        599 49    
QSO: 21016 CW 2026-07-11 1242 9A0HQ         599 HRS    K9RS          599 08    
QSO: 21031 CW 2026-07-11 1243 9A0HQ         599 HRS    ON4CAU        599 27    
QSO: 21020 CW 2026-07-11 1243 9A0HQ         599 HRS    OL8R          599 28    
QSO: 21031 CW 2026-07-11 1243 9A0HQ         599 HRS    N3AM          599 08    
QSO: 21031 CW 2026-07-11 1243 9A0HQ         599 HRS    WD8BNB        599 08    
QSO: 21031 CW 2026-07-11 1243 9A0HQ         599 HRS    K3RV          599 08    
QSO: 21031 CW 2026-07-11 1244 9A0HQ         599 HRS    HK1X          599 12    
QSO: 21026 CW 2026-07-11 1244 9A0HQ         599 HRS    K8DX          599 08    
QSO: 21031 CW 2026-07-11 1244 9A0HQ         599 HRS    N1EN          599 08    
QSO: 21031 CW 2026-07-11 1244 9A0HQ         599 HRS    WV4P          599 08    
QSO: 21038 CW 2026-07-11 1244 9A0HQ         599 HRS    PJ4PA         599 11    
QSO: 21031 CW 2026-07-11 1245 9A0HQ         599 HRS    K9OM          599 08    
QSO: 21049 CW 2026-07-11 1245 9A0HQ         599 HRS    MB2D          599 27    
QSO: 21031 CW 2026-07-11 1245 9A0HQ         599 HRS    RL4R          599 29    
QSO: 21031 CW 2026-07-11 1246 9A0HQ         599 HRS    N2PP          599 08    
QSO: 21031 CW 2026-07-11 1246 9A0HQ         599 HRS    DJ3XA         599 28    
QSO: 21050 CW 2026-07-11 1246 9A0HQ         599 HRS    PW2F          599 15    
QSO: 21031 CW 2026-07-11 1246 9A0HQ         599 HRS    VE3NE         599 04    
QSO: 21031 CW 2026-07-11 1247 9A0HQ         599 HRS    SE4T          599 18    
QSO: 21042 CW 2026-07-11 1247 9A0HQ         599 HRS    PT2AW         599 13    
QSO: 21031 CW 2026-07-11 1247 9A0HQ         599 HRS    F5PAL         599 27    
QSO: 21043 CW 2026-07-11 1247 9A0HQ         599 HRS    PA5KT         599 27    
QSO: 21031 CW 2026-07-11 1247 9A0HQ         599 HRS    F5OIJ         599 27    
QSO: 21031 CW 2026-07-11 1247 9A0HQ         599 HRS    SO5CW         599 28    
QSO: 21044 CW 2026-07-11 1247 9A0HQ         599 HRS    NJ3K          599 08    
QSO: 21052 CW 2026-07-11 1248 9A0HQ         599 HRS    MB7W          599 27    
QSO: 21031 CW 2026-07-11 1248 9A0HQ         599 HRS    M0TJU         599 27    
QSO: 21031 CW 2026-07-11 1248 9A0HQ         599 HRS    K3EW          599 08    
QSO: 21054 CW 2026-07-11 1248 9A0HQ         599 HRS    WT9U          599 08    
QSO: 21031 CW 2026-07-11 1249 9A0HQ         599 HRS    TI5/VA3RA     599 11    
QSO: 21031 CW 2026-07-11 1249 9A0HQ         599 HRS    W4NZ          599 08    
QSO: 21040 CW 2026-07-11 1249 9A0HQ         599 HRS    MB4V          599 27    
QSO: 21031 CW 2026-07-11 1249 9A0HQ         599 HRS    K4RUM         599 08    
QSO: 21031 CW 2026-07-11 1249 9A0HQ         599 HRS    DF3OL         599 28    
QSO: 21036 CW 2026-07-11 1249 9A0HQ         599 HRS    9Z4BM         599 11    
QSO: 21031 CW 2026-07-11 1250 9A0HQ         599 HRS    DQ40CNP       599 28    
QSO: 21031 CW 2026-07-11 1250 9A0HQ         599 HRS    K8LX          599 08    
QSO: 21050 CW 2026-07-11 1250 9A0HQ         599 HRS    HD8R          599 12    
QSO: 21031 CW 2026-07-11 1250 9A0HQ         599 HRS    SN5F          599 28    
QSO: 21031 CW 2026-07-11 1251 9A0HQ         599 HRS    VE2FXL        599 04    
QSO: 21031 CW 2026-07-11 1251 9A0HQ         599 HRS    N3ND          599 08    
QSO: 21031 CW 2026-07-11 1251 9A0HQ         599 HRS    YL2NK         599 29    
QSO: 21043 CW 2026-07-11 1251 9A0HQ         599 HRS    YB2VSH        599 54    
QSO: 21031 CW 2026-07-11 1251 9A0HQ         599 HRS    RU6C          599 29    
QSO: 21031 CW 2026-07-11 1252 9A0HQ         599 HRS    N3JT          599 08    
QSO: 21031 CW 2026-07-11 1252 9A0HQ         599 HRS    DK2AT         599 28    
QSO: 21031 CW 2026-07-11 1252 9A0HQ         599 HRS    YL1YF         599 29    
QSO: 21031 CW 2026-07-11 1253 9A0HQ         599 HRS    R7KZ          599 29    
QSO: 21031 CW 2026-07-11 1253 9A0HQ         599 HRS    OL3M          599 28    
QSO: 21013 CW 2026-07-11 1253 9A0HQ         599 HRS    BG0DLA        599 42    
QSO: 21031 CW 2026-07-11 1253 9A0HQ         599 HRS    SM5CSS        599 18    
QSO: 21031 CW 2026-07-11 1254 9A0HQ         599 HRS    K2XR          599 08    
QSO: 21031 CW 2026-07-11 1254 9A0HQ         599 HRS    VE3MV         599 04    
QSO: 21022 CW 2026-07-11 1254 9A0HQ         599 HRS    VU22DX        599 41    
QSO: 21031 CW 2026-07-11 1254 9A0HQ         599 HRS    PA3DTR        599 27    
QSO: 21031 CW 2026-07-11 1254 9A0HQ         599 HRS    N1DE          599 08    
QSO: 21031 CW 2026-07-11 1255 9A0HQ         599 HRS    DL1SO         599 28    
QSO: 21031 CW 2026-07-11 1255 9A0HQ         599 HRS    DK0FL/P       599 28    
QSO: 21031 CW 2026-07-11 1255 9A0HQ         599 HRS    DL8WAA        599 28    
QSO: 21035 CW 2026-07-11 1255 9A0HQ         599 HRS    W8CAR         599 08    
QSO: 21031 CW 2026-07-11 1256 9A0HQ         599 HRS    W2CDO         599 08    
QSO: 21031 CW 2026-07-11 1256 9A0HQ         599 HRS    9A8DX         599 28    
QSO: 21031 CW 2026-07-11 1256 9A0HQ         599 HRS    AD8J          599 08    
QSO: 21031 CW 2026-07-11 1256 9A0HQ         599 HRS    DM3M          599 28    
QSO: 21037 CW 2026-07-11 1256 9A0HQ         599 HRS    MB5C          599 27    
QSO: 21028 CW 2026-07-11 1257 9A0HQ         599 HRS    NB1N          599 08    
QSO: 21031 CW 2026-07-11 1257 9A0HQ         599 HRS    WX8C          599 07    
QSO: 21026 CW 2026-07-11 1257 9A0HQ         599 HRS    WP3Z          599 11    
QSO: 21031 CW 2026-07-11 1257 9A0HQ         599 HRS    UA9CTT        599 30    
QSO: 21022 CW 2026-07-11 1257 9A0HQ         599 HRS    W1RCR         599 08    
QSO: 21031 CW 2026-07-11 1257 9A0HQ         599 HRS    SP3HRN        599 28    
QSO: 21031 CW 2026-07-11 1258 9A0HQ         599 HRS    DL1CW         599 28    
QSO: 21021 CW 2026-07-11 1258 9A0HQ         599 HRS    K8AZ          599 08    
QSO: 21031 CW 2026-07-11 1258 9A0HQ         599 HRS    PR2BK         599 15    
QSO: 21031 CW 2026-07-11 1259 9A0HQ         599 HRS    OL0W          599 28    
QSO: 21032 CW 2026-07-11 1259 9A0HQ         599 HRS    N2NT          599 08    
QSO: 21031 CW 2026-07-11 1259 9A0HQ         599 HRS    DL5IF         599 28    
QSO: 21034 CW 2026-07-11 1259 9A0HQ         599 HRS    W4IX          599 08    
QSO: 21031 CW 2026-07-11 1259 9A0HQ         599 HRS    UX9Q          599 29    
QSO: 21037 CW 2026-07-11 1259 9A0HQ         599 HRS    W1ZL          599 08    
QSO: 21031 CW 2026-07-11 1300 9A0HQ         599 HRS    SP6JQC        599 28    
QSO: 21045 CW 2026-07-11 1300 9A0HQ         599 HRS    HI3A          599 11    
QSO: 21031 CW 2026-07-11 1300 9A0HQ         599 HRS    G4ZWX         599 27    
QSO: 21031 CW 2026-07-11 1300 9A0HQ         599 HRS    R2AA          599 29    
QSO: 21035 CW 2026-07-11 1300 9A0HQ         599 HRS    PP5KR         599 15    
QSO: 21031 CW 2026-07-11 1300 9A0HQ         599 HRS    K8LF          599 08    
QSO: 21029 CW 2026-07-11 1301 9A0HQ         599 HRS    TI7W          599 11    
QSO: 21031 CW 2026-07-11 1301 9A0HQ         599 HRS    OK1VK         599 27    
QSO: 21031 CW 2026-07-11 1301 9A0HQ         599 HRS    N4ZZ          599 08    
QSO: 21049 CW 2026-07-11 1301 9A0HQ         599 HRS    LX1NO/P       599 27    
QSO: 21031 CW 2026-07-11 1301 9A0HQ         599 HRS    KQ2M          599 08    
QSO: 21045 CW 2026-07-11 1302 9A0HQ         599 HRS    MB4O          599 27    
QSO: 21031 CW 2026-07-11 1302 9A0HQ         599 HRS    SD6M          599 18    
QSO: 21028 CW 2026-07-11 1302 9A0HQ         599 HRS    N4SS          599 08    
QSO: 21031 CW 2026-07-11 1302 9A0HQ         599 HRS    DF2RQ         599 28    
QSO: 21031 CW 2026-07-11 1302 9A0HQ         599 HRS    W1WEF         599 08    
QSO: 21031 CW 2026-07-11 1303 9A0HQ         599 HRS    US7IM         599 29    
QSO: 21043 CW 2026-07-11 1303 9A0HQ         599 HRS    VA1MM         599 09    
QSO: 21031 CW 2026-07-11 1303 9A0HQ         599 HRS    G4DBW         599 27    
QSO: 21031 CW 2026-07-11 1303 9A0HQ         599 HRS    M8JLZ         599 27    
QSO: 21031 CW 2026-07-11 1304 9A0HQ         599 HRS    RM6ZC         599 29    
QSO: 21034 CW 2026-07-11 1304 9A0HQ         599 HRS    DA3M          599 28    
QSO: 21031 CW 2026-07-11 1304 9A0HQ         599 HRS    W1UK          599 08    
QSO: 21040 CW 2026-07-11 1304 9A0HQ         599 HRS    GB26WRTC      599 27    
QSO: 21031 CW 2026-07-11 1305 9A0HQ         599 HRS    DL1FOB        599 28    
QSO: 21031 CW 2026-07-11 1305 9A0HQ         599 HRS    DL5JQ         599 28    
QSO: 21031 CW 2026-07-11 1305 9A0HQ         599 HRS    DF3VM         599 28    
QSO: 21058 CW 2026-07-11 1305 9A0HQ         599 HRS    K3AJ          599 08    
QSO: 21031 CW 2026-07-11 1306 9A0HQ         599 HRS    PA4O          599 27    
QSO: 21058 CW 2026-07-11 1306 9A0HQ         599 HRS    MB7D          599 27    
QSO: 21031 CW 2026-07-11 1306 9A0HQ         599 HRS    DF4ZL         599 28    
QSO: 21031 CW 2026-07-11 1307 9A0HQ         599 HRS    VE3XN         599 04    
QSO: 21031 CW 2026-07-11 1307 9A0HQ         599 HRS    DL1VDL        599 28    
QSO: 21031 CW 2026-07-11 1307 9A0HQ         599 HRS    4X1ST         599 39    
QSO: 21031 CW 2026-07-11 1307 9A0HQ         599 HRS    DL2DTJ        599 28    
QSO: 21068 CW 2026-07-11 1307 9A0HQ         599 HRS    MB1N          599 27    
QSO: 21067 CW 2026-07-11 1307 9A0HQ         599 HRS    4X6FR         599 39    
QSO: 21031 CW 2026-07-11 1307 9A0HQ         599 HRS    N0AV          599 07    
QSO: 21069 CW 2026-07-11 1308 9A0HQ         599 HRS    ZW5B          599 15    
QSO: 21031 CW 2026-07-11 1308 9A0HQ         599 HRS    W1XX          599 08    
QSO: 21031 CW 2026-07-11 1308 9A0HQ         599 HRS    PA3TA         599 27    
QSO: 21031 CW 2026-07-11 1309 9A0HQ         599 HRS    MW6M          599 27    
QSO: 21060 CW 2026-07-11 1309 9A0HQ         599 HRS    PY2XL         599 15    
QSO: 21031 CW 2026-07-11 1309 9A0HQ         599 HRS    WS9M          599 08    
QSO: 21054 CW 2026-07-11 1309 9A0HQ         599 HRS    K4AB          599 08    
QSO: 21031 CW 2026-07-11 1309 9A0HQ         599 HRS    DK7HA         599 28    
QSO: 21031 CW 2026-07-11 1309 9A0HQ         599 HRS    KD9MS         599 08    
QSO: 21031 CW 2026-07-11 1310 9A0HQ         599 HRS    DJ7M          599 28    
QSO: 21031 CW 2026-07-11 1310 9A0HQ         599 HRS    PA3GEO        599 27    
QSO: 21031 CW 2026-07-11 1310 9A0HQ         599 HRS    PA6X          599 27    
QSO: 21031 CW 2026-07-11 1311 9A0HQ         599 HRS    W3KB          599 08    
QSO: 21026 CW 2026-07-11 1311 9A0HQ         599 HRS    K1LT          599 08    
QSO: 21031 CW 2026-07-11 1311 9A0HQ         599 HRS    DM7EE         599 28    
QSO: 21031 CW 2026-07-11 1311 9A0HQ         599 HRS    ON6WP         599 27    
QSO: 21031 CW 2026-07-11 1312 9A0HQ         599 HRS    K3MD          599 08    
QSO: 21031 CW 2026-07-11 1312 9A0HQ         599 HRS    DL1YAB        599 28    
QSO: 21031 CW 2026-07-11 1312 9A0HQ         599 HRS    LC2F          599 18    
QSO: 21031 CW 2026-07-11 1313 9A0HQ         599 HRS    LA2AB         599 18    
QSO: 21031 CW 2026-07-11 1313 9A0HQ         599 HRS    K1IMI         599 08    
QSO: 21000 CW 2026-07-11 1313 9A0HQ         599 HRS    VA1EET        599 09    
QSO: 21031 CW 2026-07-11 1313 9A0HQ         599 HRS    DL8WN         599 28    
QSO: 21031 CW 2026-07-11 1313 9A0HQ         599 HRS    VE3NZ         599 04    
QSO: 21003 CW 2026-07-11 1314 9A0HQ         599 HRS    MB4G          599 27    
QSO: 21031 CW 2026-07-11 1314 9A0HQ         599 HRS    DL9ZP         599 28    
QSO: 21031 CW 2026-07-11 1314 9A0HQ         599 HRS    DL2DXA/P      599 28    
QSO: 21005 CW 2026-07-11 1314 9A0HQ         599 HRS    MB2M          599 27    
QSO: 21031 CW 2026-07-11 1314 9A0HQ         599 HRS    4Z4TA         599 39    
QSO: 21008 CW 2026-07-11 1315 9A0HQ         599 HRS    OM8CW         599 28    
QSO: 21031 CW 2026-07-11 1315 9A0HQ         599 HRS    DL1EAR        599 28    
QSO: 21009 CW 2026-07-11 1315 9A0HQ         599 HRS    F8DGY         599 27    
QSO: 21031 CW 2026-07-11 1315 9A0HQ         599 HRS    DL7ULM        599 28    
QSO: 21031 CW 2026-07-11 1315 9A0HQ         599 HRS    N1DC          599 08    
QSO: 21031 CW 2026-07-11 1315 9A0HQ         599 HRS    N6AR          599 08    
QSO: 21031 CW 2026-07-11 1316 9A0HQ         599 HRS    OH1ZAA        599 18    
QSO: 21031 CW 2026-07-11 1316 9A0HQ         599 HRS    DK4LX         599 28    
QSO: 21031 CW 2026-07-11 1317 9A0HQ         599 HRS    DK8XW         599 28    
QSO: 21031 CW 2026-07-11 1317 9A0HQ         599 HRS    DK2OY         599 28    
QSO: 21031 CW 2026-07-11 1317 9A0HQ         599 HRS    UA6CC         599 29    
QSO: 21006 CW 2026-07-11 1317 9A0HQ         599 HRS    ZR6C          599 57    
QSO: 21031 CW 2026-07-11 1317 9A0HQ         599 HRS    DK3WW         599 28    
QSO: 21031 CW 2026-07-11 1318 9A0HQ         599 HRS    PC4E          599 27    
QSO: 21031 CW 2026-07-11 1318 9A0HQ         599 HRS    DL2A          599 28    
QSO: 21031 CW 2026-07-11 1318 9A0HQ         599 HRS    LA3BO         599 18    
QSO: 21011 CW 2026-07-11 1318 9A0HQ         599 HRS    MB3D          599 27    
QSO: 21031 CW 2026-07-11 1318 9A0HQ         599 HRS    DM5GG         599 28    
QSO: 21031 CW 2026-07-11 1319 9A0HQ         599 HRS    UN5G          599 31    
QSO: 21031 CW 2026-07-11 1319 9A0HQ         599 HRS    KW1X          599 08    
QSO: 21031 CW 2026-07-11 1319 9A0HQ         599 HRS    VE3TM         599 04    
QSO: 21031 CW 2026-07-11 1320 9A0HQ         599 HRS    DL2SWR        599 28    
QSO: 21031 CW 2026-07-11 1320 9A0HQ         599 HRS    DL1JHR        599 28    
QSO: 21031 CW 2026-07-11 1321 9A0HQ         599 HRS    M4N           599 27    
QSO: 21031 CW 2026-07-11 1321 9A0HQ         599 HRS    DK0JRS        599 28    
QSO: 21031 CW 2026-07-11 1322 9A0HQ         599 HRS    KP2B          599 11    
QSO: 21031 CW 2026-07-11 1322 9A0HQ         599 HRS    G3SWH         599 27    
QSO: 21031 CW 2026-07-11 1322 9A0HQ         599 HRS    W5ZN          599 AC    
QSO: 21031 CW 2026-07-11 1323 9A0HQ         599 HRS    VE3YT         599 04    
QSO: 21031 CW 2026-07-11 1323 9A0HQ         599 HRS    HK1MW         599 12    
QSO: 21031 CW 2026-07-11 1323 9A0HQ         599 HRS    W8FJ          599 08    
QSO: 21031 CW 2026-07-11 1324 9A0HQ         599 HRS    DJ1PQ         599 28    
QSO: 21031 CW 2026-07-11 1324 9A0HQ         599 HRS    DL1NKS        599 28    
QSO: 21031 CW 2026-07-11 1325 9A0HQ         599 HRS    DA0HQ         599 DARC  
QSO: 21031 CW 2026-07-11 1325 9A0HQ         599 HRS    VA3SP         599 04    
QSO: 21031 CW 2026-07-11 1325 9A0HQ         599 HRS    F1FPL         599 27    
QSO: 21006 CW 2026-07-11 1326 9A0HQ         599 HRS    MB5O          599 27    
QSO: 21031 CW 2026-07-11 1326 9A0HQ         599 HRS    OK1TA         599 28    
QSO: 21007 CW 2026-07-11 1326 9A0HQ         599 HRS    M7K           599 27    
QSO: 21031 CW 2026-07-11 1326 9A0HQ         599 HRS    DG6ME         599 28    
QSO: 21031 CW 2026-07-11 1327 9A0HQ         599 HRS    RC2O          599 29    
QSO: 21017 CW 2026-07-11 1327 9A0HQ         599 HRS    YT0Z          599 28    
QSO: 21031 CW 2026-07-11 1327 9A0HQ         599 HRS    OG7F          599 18    
QSO: 21017 CW 2026-07-11 1327 9A0HQ         599 HRS    K4RO          599 08    
QSO: 21018 CW 2026-07-11 1327 9A0HQ         599 HRS    HA3NU         599 28    
QSO: 21031 CW 2026-07-11 1328 9A0HQ         599 HRS    UW5IM         599 29    
QSO: 21031 CW 2026-07-11 1328 9A0HQ         599 HRS    DM3F          599 28    
QSO: 21031 CW 2026-07-11 1328 9A0HQ         599 HRS    N2IF          599 08    
QSO: 21031 CW 2026-07-11 1329 9A0HQ         599 HRS    UC7N          599 29    
QSO: 21031 CW 2026-07-11 1329 9A0HQ         599 HRS    DF1LON        599 28    
QSO: 21031 CW 2026-07-11 1330 9A0HQ         599 HRS    K3MD          599 08    
QSO: 21036 CW 2026-07-11 1330 9A0HQ         599 HRS    9Z4N          599 11    
QSO: 21031 CW 2026-07-11 1330 9A0HQ         599 HRS    W3LL          599 08    
QSO: 21031 CW 2026-07-11 1330 9A0HQ         599 HRS    SC6O          599 18    
QSO: 21031 CW 2026-07-11 1330 9A0HQ         599 HRS    K0BJ          599 07    
QSO: 21031 CW 2026-07-11 1331 9A0HQ         599 HRS    YL4U          599 29    
QSO: 21028 CW 2026-07-11 1331 9A0HQ         599 HRS    CT7BJG        599 37    
QSO: 21031 CW 2026-07-11 1331 9A0HQ         599 HRS    KU8E          599 08    
QSO: 21031 CW 2026-07-11 1332 9A0HQ         599 HRS    W4ATL         599 08    
QSO: 21035 CW 2026-07-11 1332 9A0HQ         599 HRS    SM6TOL        599 18    
QSO: 21031 CW 2026-07-11 1332 9A0HQ         599 HRS    DL6MRM        599 28    
QSO: 21031 CW 2026-07-11 1332 9A0HQ         599 HRS    K4WJV         599 08    
QSO: 21031 CW 2026-07-11 1332 9A0HQ         599 HRS    ES8TA         599 29    
QSO: 21031 CW 2026-07-11 1333 9A0HQ         599 HRS    SP2FWC        599 28    
QSO: 21058 CW 2026-07-11 1334 9A0HQ         599 HRS    9J2FI         599 53    
QSO: 21062 CW 2026-07-11 1335 9A0HQ         599 HRS    TF3HQ         599 17    
QSO: 21031 CW 2026-07-11 1335 9A0HQ         599 HRS    EA4BAS        599 37    
QSO: 21031 CW 2026-07-11 1335 9A0HQ         599 HRS    VE3NNT        599 04    
QSO: 21031 CW 2026-07-11 1335 9A0HQ         599 HRS    PA0JED        599 27    
QSO: 21031 CW 2026-07-11 1336 9A0HQ         599 HRS    VA1CC         599 09    
QSO: 21031 CW 2026-07-11 1336 9A0HQ         599 HRS    M1X           599 27    
QSO: 21048 CW 2026-07-11 1336 9A0HQ         599 HRS    MM1E          599 27    
QSO: 21031 CW 2026-07-11 1337 9A0HQ         599 HRS    E7Y           599 28    
QSO: 21031 CW 2026-07-11 1337 9A0HQ         599 HRS    N1RM          599 08    
QSO: 21041 CW 2026-07-11 1337 9A0HQ         599 HRS    MB7V          599 27    
QSO: 21031 CW 2026-07-11 1337 9A0HQ         599 HRS    SN1F          599 28    
QSO: 21031 CW 2026-07-11 1337 9A0HQ         599 HRS    PA0ZAV        599 27    
QSO: 21031 CW 2026-07-11 1337 9A0HQ         599 HRS    YL5W          599 29    
QSO: 21031 CW 2026-07-11 1338 9A0HQ         599 HRS    OK5WA         599 28    
QSO: 21005 CW 2026-07-11 1339 9A0HQ         599 HRS    L33M          599 14    
QSO: 21031 CW 2026-07-11 1339 9A0HQ         599 HRS    DJ5MO         599 28    
QSO: 21031 CW 2026-07-11 1340 9A0HQ         599 HRS    YR0HQ         599 FR    
QSO: 21031 CW 2026-07-11 1341 9A0HQ         599 HRS    K2SD          599 08    
QSO: 21031 CW 2026-07-11 1341 9A0HQ         599 HRS    WA3AER        599 08    
QSO: 21056 CW 2026-07-11 1343 9A0HQ         599 HRS    K3WU          599 08    
QSO: 21031 CW 2026-07-11 1343 9A0HQ         599 HRS    DL4XU         599 28    
QSO: 21061 CW 2026-07-11 1343 9A0HQ         599 HRS    N2YO          599 08    
QSO: 21031 CW 2026-07-11 1344 9A0HQ         599 HRS    N1LN          599 08    
QSO: 21031 CW 2026-07-11 1344 9A0HQ         599 HRS    YL3GQ         599 29    
QSO: 21069 CW 2026-07-11 1344 9A0HQ         599 HRS    MJ1U          599 27    
QSO: 21031 CW 2026-07-11 1345 9A0HQ         599 HRS    OK2TJ         599 28    
QSO: 21031 CW 2026-07-11 1345 9A0HQ         599 HRS    9A3ST         599 28    
QSO: 21031 CW 2026-07-11 1345 9A0HQ         599 HRS    OZ3SM         599 18    
QSO: 21031 CW 2026-07-11 1346 9A0HQ         599 HRS    OH5Z          599 18    
QSO: 21031 CW 2026-07-11 1346 9A0HQ         599 HRS    LY5W          599 29    
QSO: 21031 CW 2026-07-11 1346 9A0HQ         599 HRS    DL1YEG        599 28    
QSO: 21031 CW 2026-07-11 1347 9A0HQ         599 HRS    AI4WW         599 08    
QSO: 21045 CW 2026-07-11 1347 9A0HQ         599 HRS    LU6D          599 14    
QSO: 21031 CW 2026-07-11 1347 9A0HQ         599 HRS    WK2G          599 08    
QSO: 21031 CW 2026-07-11 1348 9A0HQ         599 HRS    N8KS          599 08    
QSO: 21031 CW 2026-07-11 1348 9A0HQ         599 HRS    E7CQ          599 28    
QSO: 21031 CW 2026-07-11 1348 9A0HQ         599 HRS    SE6F          599 18    
QSO: 21031 CW 2026-07-11 1349 9A0HQ         599 HRS    LY6O          599 29    
QSO: 21031 CW 2026-07-11 1349 9A0HQ         599 HRS    M5M           599 27    
QSO: 21018 CW 2026-07-11 1349 9A0HQ         599 HRS    KQ4R          599 08    
QSO: 21031 CW 2026-07-11 1350 9A0HQ         599 HRS    DL1EKO        599 28    
QSO: 21031 CW 2026-07-11 1350 9A0HQ         599 HRS    PA6F          599 27    
QSO: 21019 CW 2026-07-11 1350 9A0HQ         599 HRS    LA8HGA        599 18    
QSO: 21021 CW 2026-07-11 1350 9A0HQ         599 HRS    SM7T          599 18    
QSO: 21031 CW 2026-07-11 1350 9A0HQ         599 HRS    DL5MY         599 28    
QSO: 21031 CW 2026-07-11 1351 9A0HQ         599 HRS    K4BAI         599 08    
QSO: 21026 CW 2026-07-11 1351 9A0HQ         599 HRS    SM6EAN        599 18    
QSO: 21031 CW 2026-07-11 1351 9A0HQ         599 HRS    W9MR          599 08    
QSO: 21031 CW 2026-07-11 1351 9A0HQ         599 HRS    M9NMP         599 27    
QSO: 21031 CW 2026-07-11 1352 9A0HQ         599 HRS    SM7CIL        599 18    
QSO: 21031 CW 2026-07-11 1352 9A0HQ         599 HRS    DK7TY         599 28    
QSO: 21031 CW 2026-07-11 1353 9A0HQ         599 HRS    KV4T          599 08    
QSO: 21031 CW 2026-07-11 1353 9A0HQ         599 HRS    N0AT          599 07    
QSO: 21031 CW 2026-07-11 1353 9A0HQ         599 HRS    G5FCR         599 27    
QSO: 21031 CW 2026-07-11 1354 9A0HQ         599 HRS    DL2YBG        599 28    
QSO: 21031 CW 2026-07-11 1354 9A0HQ         599 HRS    KM5G          599 07    
QSO: 21031 CW 2026-07-11 1355 9A0HQ         599 HRS    DL9OE         599 28    
QSO: 21031 CW 2026-07-11 1355 9A0HQ         599 HRS    N2GC          599 08    
QSO: 21031 CW 2026-07-11 1355 9A0HQ         599 HRS    K2ZR          599 08    
QSO: 21035 CW 2026-07-11 1356 9A0HQ         599 HRS    HZ0HQ         599 SARS  
QSO: 21031 CW 2026-07-11 1356 9A0HQ         599 HRS    M0XAC         599 27    
QSO: 21031 CW 2026-07-11 1357 9A0HQ         599 HRS    WA2QAU        599 08    
QSO: 21031 CW 2026-07-11 1357 9A0HQ         599 HRS    WJ1X          599 08    
QSO: 21042 CW 2026-07-11 1357 9A0HQ         599 HRS    K6RO          599 07    
QSO: 21031 CW 2026-07-11 1358 9A0HQ         599 HRS    E70X          599 28    
QSO: 21031 CW 2026-07-11 1358 9A0HQ         599 HRS    W3US          599 08    
QSO: 21031 CW 2026-07-11 1358 9A0HQ         599 HRS    ES2MC         599 29    
QSO: 21031 CW 2026-07-11 1358 9A0HQ         599 HRS    EA6EJ         599 37    
QSO: 21031 CW 2026-07-11 1359 9A0HQ         599 HRS    SM6KNL        599 18    
QSO: 21031 CW 2026-07-11 1359 9A0HQ         599 HRS    K3UA          599 08    
QSO: 21045 CW 2026-07-11 1359 9A0HQ         599 HRS    MB5X          599 27    
QSO: 21031 CW 2026-07-11 1400 9A0HQ         599 HRS    K1TH          599 08    
QSO: 21031 CW 2026-07-11 1400 9A0HQ         599 HRS    N4HB          599 08    
QSO: 21044 CW 2026-07-11 1400 9A0HQ         599 HRS    K0ZR          599 08    
QSO: 21031 CW 2026-07-11 1400 9A0HQ         599 HRS    SQ1WO         599 28    
QSO: 21031 CW 2026-07-11 1401 9A0HQ         599 HRS    YL2PJ         599 29    
QSO: 21031 CW 2026-07-11 1402 9A0HQ         599 HRS    F9CI          599 27    
QSO: 21051 CW 2026-07-11 1402 9A0HQ         599 HRS    II2S          599 28    
QSO: 21031 CW 2026-07-11 1402 9A0HQ         599 HRS    7S7V          599 18    
QSO: 21031 CW 2026-07-11 1402 9A0HQ         599 HRS    P3F           599 39    
QSO: 21031 CW 2026-07-11 1403 9A0HQ         599 HRS    EW2ZC         599 29    
QSO: 21010 CW 2026-07-11 1403 9A0HQ         599 HRS    W0UA          599 07    
QSO: 21031 CW 2026-07-11 1404 9A0HQ         599 HRS    N3AD          599 08    
QSO: 21031 CW 2026-07-11 1404 9A0HQ         599 HRS    K2SG          599 08    
QSO: 21031 CW 2026-07-11 1404 9A0HQ         599 HRS    LY5T          599 29    
QSO: 21031 CW 2026-07-11 1405 9A0HQ         599 HRS    YL7A          599 29    
QSO: 21014 CW 2026-07-11 1405 9A0HQ         599 HRS    N8II          599 08    
QSO: 21019 CW 2026-07-11 1406 9A0HQ         599 HRS    WX0B          599 07    
QSO: 21031 CW 2026-07-11 1406 9A0HQ         599 HRS    SP4LO         599 28    
QSO: 21021 CW 2026-07-11 1406 9A0HQ         599 HRS    K1RX          599 08    
QSO: 21031 CW 2026-07-11 1406 9A0HQ         599 HRS    OU3A          599 18    
QSO: 21031 CW 2026-07-11 1407 9A0HQ         599 HRS    DL8XAB        599 28    
QSO: 21024 CW 2026-07-11 1407 9A0HQ         599 HRS    N4BP          599 08    
QSO: 21031 CW 2026-07-11 1407 9A0HQ         599 HRS    VE3CT         599 04    
QSO: 21031 CW 2026-07-11 1407 9A0HQ         599 HRS    W5TM          599 07    
QSO: 21031 CW 2026-07-11 1408 9A0HQ         599 HRS    OH6LEZ        599 18    
QSO: 21031 CW 2026-07-11 1408 9A0HQ         599 HRS    YL5T          599 29    
QSO: 21031 CW 2026-07-11 1408 9A0HQ         599 HRS    AD4ES         599 08    
QSO: 21031 CW 2026-07-11 1408 9A0HQ         599 HRS    OH1EB         599 18    
QSO: 21031 CW 2026-07-11 1409 9A0HQ         599 HRS    LY2MM         599 29    
QSO: 21031 CW 2026-07-11 1409 9A0HQ         599 HRS    K3ZM          599 08    
QSO: 21045 CW 2026-07-11 1409 9A0HQ         599 HRS    CS5HQ         599 REP   
QSO: 21031 CW 2026-07-11 1410 9A0HQ         599 HRS    OG6N          599 18    
QSO: 21031 CW 2026-07-11 1410 9A0HQ         599 HRS    EC3A          599 37    
QSO: 21031 CW 2026-07-11 1410 9A0HQ         599 HRS    N5RZ          599 07    
QSO: 21031 CW 2026-07-11 1411 9A0HQ         599 HRS    W3EEE         599 08    
QSO: 21031 CW 2026-07-11 1411 9A0HQ         599 HRS    WW3S          599 08    
QSO: 21031 CW 2026-07-11 1412 9A0HQ         599 HRS    W0EWD         599 07    
QSO: 21031 CW 2026-07-11 1412 9A0HQ         599 HRS    KE4KY         599 08    
QSO: 21031 CW 2026-07-11 1413 9A0HQ         599 HRS    EA5DO         599 37    
QSO: 21031 CW 2026-07-11 1413 9A0HQ         599 HRS    YL5W          599 29    
QSO: 21031 CW 2026-07-11 1414 9A0HQ         599 HRS    OG2P          599 18    
QSO: 21031 CW 2026-07-11 1414 9A0HQ         599 HRS    EU1DX         599 29    
QSO: 21031 CW 2026-07-11 1414 9A0HQ         599 HRS    W9SN          599 08    
QSO: 21031 CW 2026-07-11 1415 9A0HQ         599 HRS    EW1TZ         599 29    
QSO: 21031 CW 2026-07-11 1415 9A0HQ         599 HRS    EW1TO         599 29    
QSO: 21031 CW 2026-07-11 1416 9A0HQ         599 HRS    EI4KX         599 27    
QSO: 21031 CW 2026-07-11 1417 9A0HQ         599 HRS    ZS2M          599 57    
QSO: 21031 CW 2026-07-11 1418 9A0HQ         599 HRS    K1IR          599 08    
QSO: 21030 CW 2026-07-11 1418 9A0HQ         599 HRS    TY5FR         599 46    
QSO: 21031 CW 2026-07-11 1418 9A0HQ         599 HRS    K1DW          599 07    
QSO: 21031 CW 2026-07-11 1419 9A0HQ         599 HRS    DF7C          599 28    
QSO: 21031 CW 2026-07-11 1419 9A0HQ         599 HRS    EA3AVV        599 37    
QSO: 21031 CW 2026-07-11 1419 9A0HQ         599 HRS    DK4LEH        599 28    
QSO: 21031 CW 2026-07-11 1421 9A0HQ         599 HRS    HG8W          599 28    
QSO: 21031 CW 2026-07-11 1421 9A0HQ         599 HRS    WA1S          599 08    
QSO: 21031 CW 2026-07-11 1421 9A0HQ         599 HRS    EU4U          599 29    
QSO: 21031 CW 2026-07-11 1421 9A0HQ         599 HRS    ON7XN         599 27    
QSO: 21031 CW 2026-07-11 1421 9A0HQ         599 HRS    KC9K          599 07    
QSO: 21038 CW 2026-07-11 1421 9A0HQ         599 HRS    K3MM          599 08    
QSO: 21031 CW 2026-07-11 1422 9A0HQ         599 HRS    K1ZZI         599 08    
QSO: 21031 CW 2026-07-11 1422 9A0HQ         599 HRS    N1QY          599 08    
QSO: 21031 CW 2026-07-11 1423 9A0HQ         599 HRS    HA2OLM        599 28    
QSO: 21040 CW 2026-07-11 1423 9A0HQ         599 HRS    K8TX          599 08    
QSO: 21031 CW 2026-07-11 1423 9A0HQ         599 HRS    K0DI          599 07    
QSO: 21031 CW 2026-07-11 1423 9A0HQ         599 HRS    YL3GX         599 29    
QSO: 21031 CW 2026-07-11 1424 9A0HQ         599 HRS    K5TA          599 07    
QSO: 21046 CW 2026-07-11 1424 9A0HQ         599 HRS    ES9A          599 ERU   
QSO: 21045 CW 2026-07-11 1424 9A0HQ         599 HRS    NN3Q          599 08    
QSO: 21031 CW 2026-07-11 1425 9A0HQ         599 HRS    TF3VS         599 17    
QSO: 21031 CW 2026-07-11 1425 9A0HQ         599 HRS    K0US          599 07    
QSO: 21031 CW 2026-07-11 1426 9A0HQ         599 HRS    SF0A          599 18    
QSO: 21031 CW 2026-07-11 1426 9A0HQ         599 HRS    OH2JIU        599 18    
QSO: 21031 CW 2026-07-11 1426 9A0HQ         599 HRS    PA2TA         599 27    
QSO: 21031 CW 2026-07-11 1427 9A0HQ         599 HRS    MI4I          599 27    
QSO: 21031 CW 2026-07-11 1427 9A0HQ         599 HRS    K5TU          599 07    
QSO: 21031 CW 2026-07-11 1428 9A0HQ         599 HRS    IT9ATF        599 28    
QSO: 21031 CW 2026-07-11 1428 9A0HQ         599 HRS    NQ5A          599 07    
QSO: 21031 CW 2026-07-11 1429 9A0HQ         599 HRS    SP1AEN        599 28    
QSO: 21071 CW 2026-07-11 1429 9A0HQ         599 HRS    PT7BI         599 13    
QSO: 21031 CW 2026-07-11 1429 9A0HQ         599 HRS    K4FN          599 08    
QSO: 21031 CW 2026-07-11 1429 9A0HQ         599 HRS    W6YA          599 06    
QSO: 21016 CW 2026-07-11 1431 9A0HQ         599 HRS    K2NV          599 08    
QSO: 21023 CW 2026-07-11 1431 9A0HQ         599 HRS    MB3B          599 27    
QSO: 21031 CW 2026-07-11 1431 9A0HQ         599 HRS    LY3QA         599 29    
QSO: 21031 CW 2026-07-11 1431 9A0HQ         599 HRS    PA6AA         599 27    
QSO: 21028 CW 2026-07-11 1432 9A0HQ         599 HRS    N5XZ          599 07    
QSO: 21031 CW 2026-07-11 1432 9A0HQ         599 HRS    SF1Z          599 18    
QSO: 21025 CW 2026-07-11 1432 9A0HQ         599 HRS    W0UO          599 07    
QSO: 21017 CW 2026-07-11 1433 9A0HQ         599 HRS    K0VBU         599 07    
QSO: 21020 CW 2026-07-11 1434 9A0HQ         599 HRS    LY2AX         599 29    
QSO: 21031 CW 2026-07-11 1434 9A0HQ         599 HRS    G3VQO         599 27    
QSO: 21025 CW 2026-07-11 1434 9A0HQ         599 HRS    S50HQ         599 ZRS   
QSO: 21031 CW 2026-07-11 1434 9A0HQ         599 HRS    K0AP          599 07    
QSO: 21031 CW 2026-07-11 1435 9A0HQ         599 HRS    N4KH          599 08    
QSO: 21027 CW 2026-07-11 1435 9A0HQ         599 HRS    N9NC          599 08    
QSO: 21026 CW 2026-07-11 1435 9A0HQ         599 HRS    F6BEE         599 27    
QSO: 21031 CW 2026-07-11 1435 9A0HQ         599 HRS    PA2W          599 27    
QSO: 21032 CW 2026-07-11 1436 9A0HQ         599 HRS    WW4LL         599 08    
QSO: 21031 CW 2026-07-11 1437 9A0HQ         599 HRS    WA2MCR        599 08    
QSO: 21039 CW 2026-07-11 1437 9A0HQ         599 HRS    VP2MAA        599 11    
QSO: 21031 CW 2026-07-11 1438 9A0HQ         599 HRS    W3DZ          599 08    
QSO: 21044 CW 2026-07-11 1438 9A0HQ         599 HRS    K4NMR         599 08    
QSO: 21031 CW 2026-07-11 1438 9A0HQ         599 HRS    SN4K          599 28    
QSO: 21043 CW 2026-07-11 1439 9A0HQ         599 HRS    W3RJ          599 08    
QSO: 21031 CW 2026-07-11 1439 9A0HQ         599 HRS    XV9T          599 49    
QSO: 21031 CW 2026-07-11 1439 9A0HQ         599 HRS    AA3R          599 08    
QSO: 21053 CW 2026-07-11 1439 9A0HQ         599 HRS    N4OX          599 08    
QSO: 21031 CW 2026-07-11 1440 9A0HQ         599 HRS    HA6A          599 28    
QSO: 21031 CW 2026-07-11 1440 9A0HQ         599 HRS    S53A          599 28    
QSO: 21060 CW 2026-07-11 1440 9A0HQ         599 HRS    HG0HQ         599 MARSZ 
QSO: 21031 CW 2026-07-11 1441 9A0HQ         599 HRS    IP9R          599 28    
QSO: 21031 CW 2026-07-11 1442 9A0HQ         599 HRS    KM2L          599 08    
QSO: 21031 CW 2026-07-11 1442 9A0HQ         599 HRS    4O/AK1MD      599 28    
QSO: 21031 CW 2026-07-11 1443 9A0HQ         599 HRS    NF6P          599 08    
QSO: 21050 CW 2026-07-11 1443 9A0HQ         599 HRS    VE2FK         599 09    
QSO: 21031 CW 2026-07-11 1443 9A0HQ         599 HRS    OG1F          599 18    
QSO: 21058 CW 2026-07-11 1443 9A0HQ         599 HRS    WM9C          599 08    
QSO: 21064 CW 2026-07-11 1444 9A0HQ         599 HRS    WJ1U          599 08    
QSO: 21031 CW 2026-07-11 1444 9A0HQ         599 HRS    9V1YC         599 54    
QSO: 21031 CW 2026-07-11 1444 9A0HQ         599 HRS    M0AGP         599 27    
QSO: 21052 CW 2026-07-11 1444 9A0HQ         599 HRS    N4OGW         599 08    
QSO: 21031 CW 2026-07-11 1445 9A0HQ         599 HRS    K9CW          599 08    
QSO: 21031 CW 2026-07-11 1445 9A0HQ         599 HRS    N3KI          599 08    
QSO: 21040 CW 2026-07-11 1446 9A0HQ         599 HRS    OT2X          599 27    
QSO: 21034 CW 2026-07-11 1446 9A0HQ         599 HRS    HG8R          599 28    
QSO: 21031 CW 2026-07-11 1446 9A0HQ         599 HRS    YB1HR         599 54    
QSO: 21031 CW 2026-07-11 1446 9A0HQ         599 HRS    AI6O          599 07    
QSO: 21031 CW 2026-07-11 1447 9A0HQ         599 HRS    N3KN          599 08    
QSO: 21031 CW 2026-07-11 1447 9A0HQ         599 HRS    K8MP          599 08    
QSO: 21031 CW 2026-07-11 1447 9A0HQ         599 HRS    YE4IJ         599 54    
QSO: 21031 CW 2026-07-11 1448 9A0HQ         599 HRS    G4HOM         599 27    
QSO: 21031 CW 2026-07-11 1448 9A0HQ         599 HRS    KC1XX         599 08    
QSO: 21031 CW 2026-07-11 1448 9A0HQ         599 HRS    OK1AGE        599 28    
QSO: 21057 CW 2026-07-11 1449 9A0HQ         599 HRS    K1VUT         599 08    
QSO: 21031 CW 2026-07-11 1449 9A0HQ         599 HRS    N7AT          599 06    
QSO: 21031 CW 2026-07-11 1450 9A0HQ         599 HRS    DO6LE         599 28    
QSO: 21031 CW 2026-07-11 1450 9A0HQ         599 HRS    WB2PJH        599 08    
QSO: 21028 CW 2026-07-11 1450 9A0HQ         599 HRS    WN4AFP        599 08    
QSO: 21031 CW 2026-07-11 1450 9A0HQ         599 HRS    G3NDS         599 27    
QSO: 21031 CW 2026-07-11 1451 9A0HQ         599 HRS    F6JOE         599 27    
QSO: 21031 CW 2026-07-11 1451 9A0HQ         599 HRS    AA2ZW         599 08    
QSO: 21014 CW 2026-07-11 1451 9A0HQ         599 HRS    ZF5T          599 11    
QSO: 21031 CW 2026-07-11 1452 9A0HQ         599 HRS    N8PW          599 08    
QSO: 21031 CW 2026-07-11 1452 9A0HQ         599 HRS    KD2KW         599 07    
QSO: 21031 CW 2026-07-11 1452 9A0HQ         599 HRS    RL5A          599 29    
QSO: 21005 CW 2026-07-11 1453 9A0HQ         599 HRS    K5CM          599 07    
QSO: 21031 CW 2026-07-11 1453 9A0HQ         599 HRS    G4IIY         599 27    
QSO: 21031 CW 2026-07-11 1453 9A0HQ         599 HRS    VE9DX         599 09    
QSO: 21031 CW 2026-07-11 1453 9A0HQ         599 HRS    PA2IP         599 27    
QSO: 21031 CW 2026-07-11 1454 9A0HQ         599 HRS    YO4CSL        599 28    
QSO: 21031 CW 2026-07-11 1454 9A0HQ         599 HRS    N1JD          599 08    
QSO: 21009 CW 2026-07-11 1454 9A0HQ         599 HRS    SN7Q          599 28    
QSO: 21031 CW 2026-07-11 1455 9A0HQ         599 HRS    KE0TT         599 07    
QSO: 21031 CW 2026-07-11 1455 9A0HQ         599 HRS    RM1F          599 29    
QSO: 21031 CW 2026-07-11 1456 9A0HQ         599 HRS    SP2DNI        599 28    
QSO: 21031 CW 2026-07-11 1456 9A0HQ         599 HRS    AG1C          599 08    
QSO: 21031 CW 2026-07-11 1457 9A0HQ         599 HRS    N9GUN         599 08    
QSO: 21031 CW 2026-07-11 1457 9A0HQ         599 HRS    KG5VK         599 07    
QSO: 21031 CW 2026-07-11 1457 9A0HQ         599 HRS    CT1FOQ        599 37    
QSO: 21031 CW 2026-07-11 1457 9A0HQ         599 HRS    KD0EE         599 08    
QSO: 21031 CW 2026-07-11 1458 9A0HQ         599 HRS    LY4AA         599 29    
QSO: 21018 CW 2026-07-11 1458 9A0HQ         599 HRS    W4NF          599 08    
QSO: 21031 CW 2026-07-11 1458 9A0HQ         599 HRS    OR4K          599 27    
QSO: 21031 CW 2026-07-11 1458 9A0HQ         599 HRS    LY4Y          599 29    
QSO: 21027 CW 2026-07-11 1459 9A0HQ         599 HRS    HA3DX         599 28    
QSO: 21031 CW 2026-07-11 1459 9A0HQ         599 HRS    R9MA          599 31    
QSO: 21031 CW 2026-07-11 1500 9A0HQ         599 HRS    EB5CS         599 37    
QSO: 21031 CW 2026-07-11 1501 9A0HQ         599 HRS    NC4S          599 08    
QSO: 21031 CW 2026-07-11 1501 9A0HQ         599 HRS    DL8FD         599 28    
QSO: 21031 CW 2026-07-11 1501 9A0HQ         599 HRS    W1HNZ         599 08    
QSO: 21031 CW 2026-07-11 1502 9A0HQ         599 HRS    NW8U          599 08    
QSO: 21031 CW 2026-07-11 1502 9A0HQ         599 HRS    DK8MM         599 28    
QSO: 21031 CW 2026-07-11 1502 9A0HQ         599 HRS    WT6X          599 06    
QSO: 21031 CW 2026-07-11 1503 9A0HQ         599 HRS    EA7WA         599 37    
QSO: 21042 CW 2026-07-11 1503 9A0HQ         599 HRS    XE2X          599 10    
QSO: 21031 CW 2026-07-11 1503 9A0HQ         599 HRS    W4ZGR         599 08    
QSO: 21031 CW 2026-07-11 1503 9A0HQ         599 HRS    N3XF          599 08    
QSO: 21031 CW 2026-07-11 1504 9A0HQ         599 HRS    JH1EAQ        599 45    
QSO: 21010 CW 2026-07-11 1504 9A0HQ         599 HRS    PY5AMF        599 15    
QSO: 21031 CW 2026-07-11 1504 9A0HQ         599 HRS    HS8JWH        599 49    
QSO: 21031 CW 2026-07-11 1504 9A0HQ         599 HRS    UR8RF         599 29    
QSO: 21017 CW 2026-07-11 1504 9A0HQ         599 HRS    PY3TD         599 15    
QSO: 21031 CW 2026-07-11 1505 9A0HQ         599 HRS    LY2AT         599 29    
QSO: 21031 CW 2026-07-11 1506 9A0HQ         599 HRS    PS7MA         599 13    
QSO: 21031 CW 2026-07-11 1506 9A0HQ         599 HRS    EA2KV         599 37    
QSO: 21052 CW 2026-07-11 1507 9A0HQ         599 HRS    LT4RCA        599 RCA   
QSO: 21031 CW 2026-07-11 1508 9A0HQ         599 HRS    NW0M          599 07    
QSO: 21031 CW 2026-07-11 1508 9A0HQ         599 HRS    DM2FCR        599 28    
QSO: 21062 CW 2026-07-11 1508 9A0HQ         599 HRS    EI7KH/P       599 27    
QSO: 21031 CW 2026-07-11 1509 9A0HQ         599 HRS    W8FN          599 08    
QSO: 21031 CW 2026-07-11 1509 9A0HQ         599 HRS    SM5NBE        599 18    
QSO: 21031 CW 2026-07-11 1509 9A0HQ         599 HRS    YB1UUN        599 54    
QSO: 21031 CW 2026-07-11 1510 9A0HQ         599 HRS    YL9T          599 29    
QSO: 21021 CW 2026-07-11 1510 9A0HQ         599 HRS    NM4AA         599 08    
QSO: 21031 CW 2026-07-11 1510 9A0HQ         599 HRS    K0AV          599 07    
QSO: 21031 CW 2026-07-11 1510 9A0HQ         599 HRS    K9MU          599 07    
QSO: 21033 CW 2026-07-11 1510 9A0HQ         599 HRS    N4KS          599 08    
QSO: 21031 CW 2026-07-11 1511 9A0HQ         599 HRS    WA2CP         599 08    
QSO: 21031 CW 2026-07-11 1511 9A0HQ         599 HRS    W2FV          599 08    
QSO: 21049 CW 2026-07-11 1512 9A0HQ         599 HRS    W2XL          599 08    
QSO: 21031 CW 2026-07-11 1512 9A0HQ         599 HRS    K4FTO         599 08    
QSO: 21031 CW 2026-07-11 1513 9A0HQ         599 HRS    DM2RM         599 28    
QSO: 21054 CW 2026-07-11 1513 9A0HQ         599 HRS    WF4DX         599 08    
QSO: 21031 CW 2026-07-11 1513 9A0HQ         599 HRS    HB9CMW        599 28    
QSO: 21031 CW 2026-07-11 1513 9A0HQ         599 HRS    WB8JUI        599 08    
QSO: 21070 CW 2026-07-11 1513 9A0HQ         599 HRS    TM33TDF       599 27    
QSO: 21031 CW 2026-07-11 1514 9A0HQ         599 HRS    KK4R          599 08    
QSO: 21031 CW 2026-07-11 1514 9A0HQ         599 HRS    BI4KWQ        599 44    
QSO: 21031 CW 2026-07-11 1514 9A0HQ         599 HRS    HB7T          599 28    
QSO: 21008 CW 2026-07-11 1514 9A0HQ         599 HRS    N5IF          599 07    
QSO: 21031 CW 2026-07-11 1515 9A0HQ         599 HRS    KY0Q          599 08    
QSO: 21031 CW 2026-07-11 1515 9A0HQ         599 HRS    AB9YC         599 08    
QSO: 21031 CW 2026-07-11 1516 9A0HQ         599 HRS    DL0RM         599 28    
QSO: 21031 CW 2026-07-11 1516 9A0HQ         599 HRS    W8KTQ         599 08    
QSO: 21034 CW 2026-07-11 1516 9A0HQ         599 HRS    K4PV          599 08    
QSO: 21037 CW 2026-07-11 1517 9A0HQ         599 HRS    ND8DX         599 08    
QSO: 21031 CW 2026-07-11 1517 9A0HQ         599 HRS    N7ZZ          599 08    
QSO: 21031 CW 2026-07-11 1518 9A0HQ         599 HRS    UA3XFO        599 29    
QSO: 21031 CW 2026-07-11 1518 9A0HQ         599 HRS    NS3T          599 08    
QSO: 21031 CW 2026-07-11 1518 9A0HQ         599 HRS    KC4AXN        599 08    
QSO: 21047 CW 2026-07-11 1519 9A0HQ         599 HRS    IO5F          599 28    
QSO: 21031 CW 2026-07-11 1519 9A0HQ         599 HRS    BV0HQ         599 CTARL 
QSO: 21031 CW 2026-07-11 1519 9A0HQ         599 HRS    RU5X          599 29    
QSO: 21031 CW 2026-07-11 1520 9A0HQ         599 HRS    IK6VXO        599 28    
QSO: 21051 CW 2026-07-11 1520 9A0HQ         599 HRS    AJ9C          599 08    
QSO: 21031 CW 2026-07-11 1520 9A0HQ         599 HRS    9M2/KM9D      599 54    
QSO: 21001 CW 2026-07-11 1521 9A0HQ         599 HRS    TM0SQ         599 27    
QSO: 21031 CW 2026-07-11 1521 9A0HQ         599 HRS    UX0LL         599 29    
QSO: 21031 CW 2026-07-11 1522 9A0HQ         599 HRS    ON7DY         599 27    
QSO: 21031 CW 2026-07-11 1522 9A0HQ         599 HRS    N8PE          599 08    
QSO: 21024 CW 2026-07-11 1523 9A0HQ         599 HRS    OL7T          599 28    
QSO: 21031 CW 2026-07-11 1523 9A0HQ         599 HRS    9A1CBM        599 28    
QSO: 21029 CW 2026-07-11 1524 9A0HQ         599 HRS    N8UM          599 08    
QSO: 21031 CW 2026-07-11 1524 9A0HQ         599 HRS    EA1BDX        599 37    
QSO: 21031 CW 2026-07-11 1525 9A0HQ         599 HRS    KW4CW         599 08    
QSO: 21056 CW 2026-07-11 1525 9A0HQ         599 HRS    M4A           599 27    
QSO: 21031 CW 2026-07-11 1526 9A0HQ         599 HRS    OH7MFO        599 18    
QSO: 21031 CW 2026-07-11 1526 9A0HQ         599 HRS    W8BI          599 08    
QSO: 21031 CW 2026-07-11 1526 9A0HQ         599 HRS    G3OJL         599 27    
QSO: 21031 CW 2026-07-11 1527 9A0HQ         599 HRS    N7DX          599 06    
QSO: 21031 CW 2026-07-11 1527 9A0HQ         599 HRS    IB4O          599 28    
QSO: 21031 CW 2026-07-11 1527 9A0HQ         599 HRS    EI7KD         599 27    
QSO: 21031 CW 2026-07-11 1527 9A0HQ         599 HRS    W3FIZ         599 08    
QSO: 21031 CW 2026-07-11 1528 9A0HQ         599 HRS    EI4II         599 27    
QSO: 21031 CW 2026-07-11 1528 9A0HQ         599 HRS    IK2XDE        599 28    
QSO: 21031 CW 2026-07-11 1528 9A0HQ         599 HRS    KD3TB         599 08    
QSO: 21031 CW 2026-07-11 1528 9A0HQ         599 HRS    PA0RDT        599 27    
QSO: 21031 CW 2026-07-11 1529 9A0HQ         599 HRS    N4UM          599 08    
QSO: 21031 CW 2026-07-11 1529 9A0HQ         599 HRS    K3WW          599 08    
QSO: 21031 CW 2026-07-11 1529 9A0HQ         599 HRS    N3RS          599 08    
QSO: 21031 CW 2026-07-11 1530 9A0HQ         599 HRS    DL7AOS        599 28    
QSO: 21031 CW 2026-07-11 1530 9A0HQ         599 HRS    DK9DA         599 28    
QSO: 21031 CW 2026-07-11 1530 9A0HQ         599 HRS    PA6G          599 27    
QSO: 21031 CW 2026-07-11 1530 9A0HQ         599 HRS    DL6AG         599 28    
QSO: 21031 CW 2026-07-11 1531 9A0HQ         599 HRS    W1NG          599 08    
QSO: 21031 CW 2026-07-11 1531 9A0HQ         599 HRS    WW4B          599 08    
QSO: 21031 CW 2026-07-11 1531 9A0HQ         599 HRS    WA5SOG        599 07    
QSO: 21031 CW 2026-07-11 1532 9A0HQ         599 HRS    W9ILY         599 08    
QSO: 21031 CW 2026-07-11 1532 9A0HQ         599 HRS    F5OQK         599 27    
QSO: 21034 CW 2026-07-11 1532 9A0HQ         599 HRS    HB9JOE        599 R1    
QSO: 21031 CW 2026-07-11 1532 9A0HQ         599 HRS    K2WK          599 08    
QSO: 21031 CW 2026-07-11 1533 9A0HQ         599 HRS    EA1BP         599 37    
QSO: 21031 CW 2026-07-11 1533 9A0HQ         599 HRS    HB9GVC        599 28    
QSO: 21031 CW 2026-07-11 1534 9A0HQ         599 HRS    G3T           599 27    
QSO: 21013 CW 2026-07-11 1534 9A0HQ         599 HRS    EI0HQ         599 27    
QSO: 21031 CW 2026-07-11 1534 9A0HQ         599 HRS    N6ZFO         599 08    
QSO: 21031 CW 2026-07-11 1535 9A0HQ         599 HRS    DL6AAF        599 28    
QSO: 21026 CW 2026-07-11 1535 9A0HQ         599 HRS    CT1DRB        599 37    
QSO: 21031 CW 2026-07-11 1535 9A0HQ         599 HRS    SN7O          599 28    
QSO: 21031 CW 2026-07-11 1536 9A0HQ         599 HRS    EW5HQ         599 BFRR  
QSO: 21031 CW 2026-07-11 1536 9A0HQ         599 HRS    F6GCI         599 27    
QSO: 21031 CW 2026-07-11 1537 9A0HQ         599 HRS    DK6QW         599 28    
QSO: 21052 CW 2026-07-11 1538 9A0HQ         599 HRS    N4OGW         599 08    
QSO: 21031 CW 2026-07-11 1538 9A0HQ         599 HRS    R7CW          599 29    
QSO: 21031 CW 2026-07-11 1538 9A0HQ         599 HRS    IZ4IRR        599 28    
QSO: 21031 CW 2026-07-11 1539 9A0HQ         599 HRS    BI8AQ         599 43    
QSO: 21031 CW 2026-07-11 1539 9A0HQ         599 HRS    K8R           599 08    
QSO: 21031 CW 2026-07-11 1540 9A0HQ         599 HRS    UR7EC         599 29    
QSO: 21031 CW 2026-07-11 1540 9A0HQ         599 HRS    WA3KCP        599 08    
QSO: 21031 CW 2026-07-11 1540 9A0HQ         599 HRS    R8YF          599 31    
QSO: 21031 CW 2026-07-11 1540 9A0HQ         599 HRS    NC4S          599 08    
QSO: 21031 CW 2026-07-11 1541 9A0HQ         599 HRS    NW3Y          599 08    
QSO: 21031 CW 2026-07-11 1541 9A0HQ         599 HRS    II4B          599 28    
QSO: 21031 CW 2026-07-11 1542 9A0HQ         599 HRS    N5AW/0        599 07    
QSO: 21031 CW 2026-07-11 1543 9A0HQ         599 HRS    N8NA          599 08    
QSO: 21031 CW 2026-07-11 1543 9A0HQ         599 HRS    ER1AA         599 29    
QSO: 21031 CW 2026-07-11 1543 9A0HQ         599 HRS    K1RIF         599 08    
QSO: 21031 CW 2026-07-11 1544 9A0HQ         599 HRS    K5QR          599 07    
QSO: 21031 CW 2026-07-11 1544 9A0HQ         599 HRS    UT5C          599 29    
QSO: 21031 CW 2026-07-11 1544 9A0HQ         599 HRS    IZ4DYX        599 28    
QSO: 21031 CW 2026-07-11 1544 9A0HQ         599 HRS    N4IJ          599 08    
QSO: 21031 CW 2026-07-11 1545 9A0HQ         599 HRS    EW2E          599 29    
QSO: 21031 CW 2026-07-11 1545 9A0HQ         599 HRS    DL3NEY        599 28    
QSO: 21031 CW 2026-07-11 1545 9A0HQ         599 HRS    PA2DK         599 27    
QSO: 21031 CW 2026-07-11 1546 9A0HQ         599 HRS    UW7EF         599 29    
QSO: 21031 CW 2026-07-11 1546 9A0HQ         599 HRS    W1MJ          599 08    
QSO: 21031 CW 2026-07-11 1546 9A0HQ         599 HRS    W5JK          599 07    
QSO: 21031 CW 2026-07-11 1547 9A0HQ         599 HRS    DL3IAC        599 28    
QSO: 21031 CW 2026-07-11 1547 9A0HQ         599 HRS    R4HQ          599 SRR   
QSO: 21031 CW 2026-07-11 1548 9A0HQ         599 HRS    IS0/IK5EKB    599 28    
QSO: 21031 CW 2026-07-11 1549 9A0HQ         599 HRS    BA7JHK        599 44    
QSO: 21031 CW 2026-07-11 1549 9A0HQ         599 HRS    DK7GH         599 28    
QSO: 21031 CW 2026-07-11 1550 9A0HQ         599 HRS    WA8MDC        599 08    
QSO: 21017 CW 2026-07-11 1550 9A0HQ         599 HRS    E2HQ          599 RAST  
QSO: 21031 CW 2026-07-11 1550 9A0HQ         599 HRS    VO1AW         599 09    
QSO: 21031 CW 2026-07-11 1551 9A0HQ         599 HRS    US6IKT        599 29    
QSO: 21031 CW 2026-07-11 1551 9A0HQ         599 HRS    F6DZD         599 27    
QSO: 21031 CW 2026-07-11 1551 9A0HQ         599 HRS    WD0T          599 07    
QSO: 21031 CW 2026-07-11 1552 9A0HQ         599 HRS    KT5E          599 07    
QSO: 21031 CW 2026-07-11 1552 9A0HQ         599 HRS    WA2LMC        599 08    
QSO: 21031 CW 2026-07-11 1553 9A0HQ         599 HRS    VU2OR         599 41    
QSO: 21031 CW 2026-07-11 1553 9A0HQ         599 HRS    KB2URI        599 08    
QSO: 21031 CW 2026-07-11 1554 9A0HQ         599 HRS    IW1QIF        599 28    
QSO: 21031 CW 2026-07-11 1554 9A0HQ         599 HRS    EA5XQ         599 37    
QSO: 21031 CW 2026-07-11 1554 9A0HQ         599 HRS    US5VX         599 29    
QSO: 21031 CW 2026-07-11 1555 9A0HQ         599 HRS    N4VI          599 07    
QSO: 21031 CW 2026-07-11 1556 9A0HQ         599 HRS    DF6DOM        599 28    
QSO: 21009 CW 2026-07-11 1556 9A0HQ         599 HRS    KU2M          599 08    
QSO: 21031 CW 2026-07-11 1556 9A0HQ         599 HRS    9A3SMS        599 28    
QSO: 21031 CW 2026-07-11 1556 9A0HQ         599 HRS    UW4E          599 29    
QSO: 21031 CW 2026-07-11 1556 9A0HQ         599 HRS    DL6EZ         599 28    
QSO: 21031 CW 2026-07-11 1557 9A0HQ         599 HRS    K5RHZ         599 07    
QSO: 21031 CW 2026-07-11 1558 9A0HQ         599 HRS    N9CO          599 08    
QSO: 21004 CW 2026-07-11 1558 9A0HQ         599 HRS    WA1FCN        599 08    
QSO: 21031 CW 2026-07-11 1558 9A0HQ         599 HRS    AE6Y          599 06    
QSO: 21031 CW 2026-07-11 1558 9A0HQ         599 HRS    SM2EZT        599 18    
QSO: 21031 CW 2026-07-11 1558 9A0HQ         599 HRS    BG3ILY        599 43    
QSO: 21031 CW 2026-07-11 1600 9A0HQ         599 HRS    JJ2CDL        599 45    
QSO: 21031 CW 2026-07-11 1600 9A0HQ         599 HRS    VA3OKG        599 04    
QSO: 21031 CW 2026-07-11 1600 9A0HQ         599 HRS    UW5ZM         599 29    
QSO: 21020 CW 2026-07-11 1600 9A0HQ         599 HRS    K5KU          599 07    
QSO: 21031 CW 2026-07-11 1601 9A0HQ         599 HRS    EA1ESU        599 37    
QSO: 21023 CW 2026-07-11 1601 9A0HQ         599 HRS    KC9EE         599 08    
QSO: 21030 CW 2026-07-11 1601 9A0HQ         599 HRS    AI5IN         599 07    
QSO: 21031 CW 2026-07-11 1602 9A0HQ         599 HRS    WA7AA         599 06    
QSO: 21031 CW 2026-07-11 1602 9A0HQ         599 HRS    JI0VWL        599 45    
QSO: 21042 CW 2026-07-11 1603 9A0HQ         599 HRS    OE0HQ         599 OVSV  
QSO: 21031 CW 2026-07-11 1604 9A0HQ         599 HRS    UZ7E          599 29    
QSO: 21031 CW 2026-07-11 1604 9A0HQ         599 HRS    W5ZN          599 AC    
QSO: 21031 CW 2026-07-11 1605 9A0HQ         599 HRS    N7TY          599 06    
QSO: 21031 CW 2026-07-11 1605 9A0HQ         599 HRS    UR6EA         599 29    
QSO: 21062 CW 2026-07-11 1605 9A0HQ         599 HRS    PY1AX         599 15    
QSO: 21031 CW 2026-07-11 1606 9A0HQ         599 HRS    DG1KJG        599 28    
QSO: 21031 CW 2026-07-11 1606 9A0HQ         599 HRS    AA0FO         599 07    
QSO: 21031 CW 2026-07-11 1606 9A0HQ         599 HRS    WC2L          599 08    
QSO: 21031 CW 2026-07-11 1606 9A0HQ         599 HRS    DK3YD         599 28    
QSO: 21031 CW 2026-07-11 1607 9A0HQ         599 HRS    ON4LG         599 27    
QSO: 21031 CW 2026-07-11 1607 9A0HQ         599 HRS    DL1ZAL        599 28    
QSO: 21031 CW 2026-07-11 1608 9A0HQ         599 HRS    MD/DL1QQ      599 27    
QSO: 21031 CW 2026-07-11 1608 9A0HQ         599 HRS    RW9QA         599 30    
QSO: 21031 CW 2026-07-11 1609 9A0HQ         599 HRS    K6AR          599 06    
QSO: 21066 CW 2026-07-11 1609 9A0HQ         599 HRS    EB5F          599 37    
QSO: 21031 CW 2026-07-11 1609 9A0HQ         599 HRS    WW2P          599 08    
QSO: 21031 CW 2026-07-11 1609 9A0HQ         599 HRS    N0TT          599 07    
QSO: 21031 CW 2026-07-11 1609 9A0HQ         599 HRS    EV6Z          599 29    
QSO: 21058 CW 2026-07-11 1610 9A0HQ         599 HRS    HA1TNX        599 28    
QSO: 21031 CW 2026-07-11 1610 9A0HQ         599 HRS    N6WM          599 06    
QSO: 21031 CW 2026-07-11 1610 9A0HQ         599 HRS    K2RB          599 08    
QSO: 21031 CW 2026-07-11 1610 9A0HQ         599 HRS    DH7FFE        599 28    
QSO: 21031 CW 2026-07-11 1611 9A0HQ         599 HRS    DL2RUG        599 28    
QSO: 21055 CW 2026-07-11 1611 9A0HQ         599 HRS    VA2EBI        599 04    
QSO: 21031 CW 2026-07-11 1611 9A0HQ         599 HRS    BD4XGP        599 44    
QSO: 21031 CW 2026-07-11 1611 9A0HQ         599 HRS    NN4SS         599 08    
QSO: 21031 CW 2026-07-11 1611 9A0HQ         599 HRS    N5XE          599 07    
QSO: 21031 CW 2026-07-11 1612 9A0HQ         599 HRS    W2DXE         599 08    
QSO: 21031 CW 2026-07-11 1612 9A0HQ         599 HRS    PA6HQ         599 VERON 
QSO: 21031 CW 2026-07-11 1613 9A0HQ         599 HRS    IK2RLS        599 28    
QSO: 21019 CW 2026-07-11 1613 9A0HQ         599 HRS    IP0A          599 28    
QSO: 21031 CW 2026-07-11 1613 9A0HQ         599 HRS    K3TS          599 08    
QSO: 21031 CW 2026-07-11 1613 9A0HQ         599 HRS    AB3AI         599 08    
QSO: 21031 CW 2026-07-11 1614 9A0HQ         599 HRS    JN4MMO        599 45    
QSO: 21031 CW 2026-07-11 1614 9A0HQ         599 HRS    RN3QO         599 29    
QSO: 21031 CW 2026-07-11 1615 9A0HQ         599 HRS    US3LX         599 29    
QSO: 21031 CW 2026-07-11 1615 9A0HQ         599 HRS    RM7M          599 29    
QSO: 21031 CW 2026-07-11 1615 9A0HQ         599 HRS    K7GK          599 06    
QSO: 21031 CW 2026-07-11 1616 9A0HQ         599 HRS    K0MPH         599 07    
QSO: 21031 CW 2026-07-11 1616 9A0HQ         599 HRS    RA6ZM         599 29    
QSO: 21031 CW 2026-07-11 1617 9A0HQ         599 HRS    VE3KOT        599 04    
QSO: 21031 CW 2026-07-11 1617 9A0HQ         599 HRS    K9DX          599 08    
QSO: 21031 CW 2026-07-11 1617 9A0HQ         599 HRS    N7WY          599 07    
QSO: 21031 CW 2026-07-11 1617 9A0HQ         599 HRS    WO1N          599 08    
QSO: 21031 CW 2026-07-11 1618 9A0HQ         599 HRS    HA7I          599 28    
QSO: 21031 CW 2026-07-11 1618 9A0HQ         599 HRS    TF3SG         599 17    
QSO: 21012 CW 2026-07-11 1618 9A0HQ         599 HRS    R2FK          599 29    
QSO: 21031 CW 2026-07-11 1619 9A0HQ         599 HRS    RT9YW         599 31    
QSO: 21031 CW 2026-07-11 1619 9A0HQ         599 HRS    DL6NBS        599 28    
QSO: 21031 CW 2026-07-11 1620 9A0HQ         599 HRS    F5TYY         599 27    
QSO: 21031 CW 2026-07-11 1621 9A0HQ         599 HRS    R7KW          599 29    
QSO: 21003 CW 2026-07-11 1621 9A0HQ         599 HRS    MB3L          599 27    
QSO: 21031 CW 2026-07-11 1621 9A0HQ         599 HRS    HB9TPN        599 28    
QSO: 21031 CW 2026-07-11 1621 9A0HQ         599 HRS    K2QO          599 08    
QSO: 21031 CW 2026-07-11 1622 9A0HQ         599 HRS    I2CZQ         599 28    
QSO: 21031 CW 2026-07-11 1622 9A0HQ         599 HRS    K5XQ          599 08    
QSO: 21031 CW 2026-07-11 1623 9A0HQ         599 HRS    JF1SQC        599 45    
QSO: 21031 CW 2026-07-11 1623 9A0HQ         599 HRS    K4EJ          599 08    
QSO: 21031 CW 2026-07-11 1624 9A0HQ         599 HRS    K0TQ          599 08    
QSO: 21031 CW 2026-07-11 1624 9A0HQ         599 HRS    RW7F          599 29    
QSO: 21031 CW 2026-07-11 1625 9A0HQ         599 HRS    F8GNV         599 27    
QSO: 21031 CW 2026-07-11 1626 9A0HQ         599 HRS    KK6QDE        599 06    
QSO: 21031 CW 2026-07-11 1626 9A0HQ         599 HRS    LZ0HQ         599 BFRA  
QSO: 21031 CW 2026-07-11 1627 9A0HQ         599 HRS    SP3FPF        599 28    
QSO: 21031 CW 2026-07-11 1628 9A0HQ         599 HRS    R9DX          599 30    
QSO: 21031 CW 2026-07-11 1628 9A0HQ         599 HRS    N4DW          599 08    
QSO: 21031 CW 2026-07-11 1629 9A0HQ         599 HRS    AK5X          599 07    
QSO: 21031 CW 2026-07-11 1629 9A0HQ         599 HRS    EA6ZS         599 37    
QSO: 21031 CW 2026-07-11 1629 9A0HQ         599 HRS    OK1DVA        599 28    
QSO: 21031 CW 2026-07-11 1629 9A0HQ         599 HRS    UA3LID        599 29    
QSO: 21031 CW 2026-07-11 1630 9A0HQ         599 HRS    N9LYE         599 08    
QSO: 21031 CW 2026-07-11 1630 9A0HQ         599 HRS    UN3M          599 30    
QSO: 21031 CW 2026-07-11 1631 9A0HQ         599 HRS    UT3UV         599 29    
QSO: 21031 CW 2026-07-11 1631 9A0HQ         599 HRS    LU5VV         599 16    
QSO: 21031 CW 2026-07-11 1631 9A0HQ         599 HRS    N7CW          599 06    
QSO: 21031 CW 2026-07-11 1632 9A0HQ         599 HRS    RA7A          599 29    
QSO: 21031 CW 2026-07-11 1632 9A0HQ         599 HRS    UP0L          599 30    
QSO: 21031 CW 2026-07-11 1632 9A0HQ         599 HRS    N5JR          599 07    
QSO: 21031 CW 2026-07-11 1632 9A0HQ         599 HRS    JH6WHN        599 45    
QSO: 21031 CW 2026-07-11 1633 9A0HQ         599 HRS    N6AV          599 06    
QSO: 21031 CW 2026-07-11 1633 9A0HQ         599 HRS    UT3QZ         599 29    
QSO: 21031 CW 2026-07-11 1633 9A0HQ         599 HRS    K0QB          599 07    
QSO: 21031 CW 2026-07-11 1633 9A0HQ         599 HRS    9A2EY         599 28    
QSO: 21031 CW 2026-07-11 1634 9A0HQ         599 HRS    K6WSC         599 06    
QSO: 21031 CW 2026-07-11 1634 9A0HQ         599 HRS    RA6MQ         599 29    
QSO: 21031 CW 2026-07-11 1635 9A0HQ         599 HRS    K9WX          599 08    
QSO: 21031 CW 2026-07-11 1635 9A0HQ         599 HRS    K0OZ          599 08    
QSO: 21031 CW 2026-07-11 1636 9A0HQ         599 HRS    K4FR          599 08    
QSO: 21031 CW 2026-07-11 1636 9A0HQ         599 HRS    N6MA          599 08    
QSO: 21031 CW 2026-07-11 1636 9A0HQ         599 HRS    W0ZW          599 07    
QSO: 21031 CW 2026-07-11 1637 9A0HQ         599 HRS    VE3ZR         599 04    
QSO: 21031 CW 2026-07-11 1637 9A0HQ         599 HRS    EA2BD         599 37    
QSO: 21031 CW 2026-07-11 1637 9A0HQ         599 HRS    N4XD          599 08    
QSO: 21031 CW 2026-07-11 1638 9A0HQ         599 HRS    YL2GD         599 29    
QSO: 21031 CW 2026-07-11 1638 9A0HQ         599 HRS    K0AOZ         599 07    
QSO: 21031 CW 2026-07-11 1639 9A0HQ         599 HRS    SO7NA         599 28    
QSO: 21031 CW 2026-07-11 1639 9A0HQ         599 HRS    TK/IK1BPL     599 28    
QSO: 21031 CW 2026-07-11 1640 9A0HQ         599 HRS    K2CJ          599 08    
QSO: 21031 CW 2026-07-11 1642 9A0HQ         599 HRS    VU3WF         599 41    
QSO: 21031 CW 2026-07-11 1642 9A0HQ         599 HRS    W3UL          599 08    
QSO: 21031 CW 2026-07-11 1643 9A0HQ         599 HRS    DL1KAS        599 28    
QSO: 21031 CW 2026-07-11 1643 9A0HQ         599 HRS    K1MD          599 08    
QSO: 21031 CW 2026-07-11 1643 9A0HQ         599 HRS    NQ4Y          599 08    
QSO: 21031 CW 2026-07-11 1644 9A0HQ         599 HRS    NO5W          599 07    
QSO: 21031 CW 2026-07-11 1644 9A0HQ         599 HRS    IK2AUK        599 28    
QSO: 21031 CW 2026-07-11 1645 9A0HQ         599 HRS    R0WC          599 32    
QSO: 21031 CW 2026-07-11 1646 9A0HQ         599 HRS    OZ1D          599 18    
QSO: 21031 CW 2026-07-11 1646 9A0HQ         599 HRS    SE5V          599 18    
QSO: 21031 CW 2026-07-11 1646 9A0HQ         599 HRS    W6YX          599 06    
QSO: 21031 CW 2026-07-11 1647 9A0HQ         599 HRS    OZ6AGX        599 18    
QSO: 21031 CW 2026-07-11 1647 9A0HQ         599 HRS    UY5LW         599 29    
QSO: 21031 CW 2026-07-11 1647 9A0HQ         599 HRS    KO4OL         599 08    
QSO: 21031 CW 2026-07-11 1647 9A0HQ         599 HRS    BA3RG         599 44    
QSO: 21031 CW 2026-07-11 1648 9A0HQ         599 HRS    R8TT          599 30    
QSO: 21031 CW 2026-07-11 1648 9A0HQ         599 HRS    W6IX          599 06    
QSO: 21031 CW 2026-07-11 1648 9A0HQ         599 HRS    K0EA          599 07    
QSO: 21031 CW 2026-07-11 1649 9A0HQ         599 HRS    IO2O          599 28    
QSO: 21058 CW 2026-07-11 1650 9A0HQ         599 HRS    VE6BBP        599 02    
QSO: 21031 CW 2026-07-11 1651 9A0HQ         599 HRS    N3RC          599 06    
QSO: 21031 CW 2026-07-11 1651 9A0HQ         599 HRS    OK4G          599 28    
QSO: 21062 CW 2026-07-11 1652 9A0HQ         599 HRS    8N8HQ         599 JARL  
QSO: 21056 CW 2026-07-11 1653 9A0HQ         599 HRS    E7HQ          599 ARABH 
QSO: 21031 CW 2026-07-11 1653 9A0HQ         599 HRS    UA9AX         599 30    
QSO: 21031 CW 2026-07-11 1653 9A0HQ         599 HRS    W7LR          599 06    
QSO: 21031 CW 2026-07-11 1654 9A0HQ         599 HRS    W6EU          599 06    
QSO: 21031 CW 2026-07-11 1654 9A0HQ         599 HRS    DD6CW         599 28    
QSO: 21031 CW 2026-07-11 1654 9A0HQ         599 HRS    PY5IN         599 15    
QSO: 21031 CW 2026-07-11 1654 9A0HQ         599 HRS    PE1T          599 27    
QSO: 21031 CW 2026-07-11 1655 9A0HQ         599 HRS    UW3WF         599 29    
QSO: 21031 CW 2026-07-11 1655 9A0HQ         599 HRS    OK1HMP        599 28    
QSO: 21031 CW 2026-07-11 1656 9A0HQ         599 HRS    SE6K          599 18    
QSO: 21031 CW 2026-07-11 1656 9A0HQ         599 HRS    SQ2IIQ        599 28    
QSO: 21031 CW 2026-07-11 1656 9A0HQ         599 HRS    BD9AC         599 43    
QSO: 21031 CW 2026-07-11 1656 9A0HQ         599 HRS    YR8R          599 28    
QSO: 21031 CW 2026-07-11 1657 9A0HQ         599 HRS    SM5IMO        599 18    
QSO: 21031 CW 2026-07-11 1657 9A0HQ         599 HRS    OL0A          599 28    
QSO: 21031 CW 2026-07-11 1658 9A0HQ         599 HRS    PA8KW         599 27    
QSO: 21031 CW 2026-07-11 1658 9A0HQ         599 HRS    N0TA          599 07    
QSO: 21031 CW 2026-07-11 1658 9A0HQ         599 HRS    DL2NBY        599 28    
QSO: 21031 CW 2026-07-11 1659 9A0HQ         599 HRS    W7SW          599 06    
QSO: 21031 CW 2026-07-11 1659 9A0HQ         599 HRS    JQ3ALW        599 45    
QSO: 21031 CW 2026-07-11 1700 9A0HQ         599 HRS    II8K          599 28    
QSO: 21031 CW 2026-07-11 1701 9A0HQ         599 HRS    KV1I          599 07    
QSO: 21031 CW 2026-07-11 1702 9A0HQ         599 HRS    DF1PU         599 28    
QSO: 21031 CW 2026-07-11 1702 9A0HQ         599 HRS    GM4FDM        599 27    
QSO: 21031 CW 2026-07-11 1702 9A0HQ         599 HRS    US7UC         599 29    
QSO: 21031 CW 2026-07-11 1703 9A0HQ         599 HRS    UR5CC         599 29    
QSO: 21030 CW 2026-07-11 1703 9A0HQ         599 HRS    SP3L          599 28    
QSO: 21002 CW 2026-07-11 1703 9A0HQ         599 HRS    VE3MGY        599 04    
QSO: 21031 CW 2026-07-11 1704 9A0HQ         599 HRS    K6NA          599 06    
QSO: 21031 CW 2026-07-11 1704 9A0HQ         599 HRS    YL3NU         599 29    
QSO: 21016 CW 2026-07-11 1705 9A0HQ         599 HRS    G3RWF         599 27    
QSO: 21031 CW 2026-07-11 1705 9A0HQ         599 HRS    BD7AH         599 43    
QSO: 21031 CW 2026-07-11 1705 9A0HQ         599 HRS    UT3EU         599 29    
QSO: 21023 CW 2026-07-11 1705 9A0HQ         599 HRS    EF5O          599 37    
QSO: 21031 CW 2026-07-11 1706 9A0HQ         599 HRS    K0INN         599 07    
QSO: 21031 CW 2026-07-11 1707 9A0HQ         599 HRS    WA7NB         599 06    
QSO: 21031 CW 2026-07-11 1707 9A0HQ         599 HRS    DJ1BJB        599 28    
QSO: 21031 CW 2026-07-11 1708 9A0HQ         599 HRS    W8JJ          599 08    
QSO: 21031 CW 2026-07-11 1708 9A0HQ         599 HRS    LZ1ZJ         599 28    
QSO: 21031 CW 2026-07-11 1709 9A0HQ         599 HRS    K1NY          599 08    
QSO: 21031 CW 2026-07-11 1709 9A0HQ         599 HRS    KG8CW         599 08    
QSO: 21031 CW 2026-07-11 1709 9A0HQ         599 HRS    DL9MWG        599 28    
QSO: 21031 CW 2026-07-11 1710 9A0HQ         599 HRS    LY1M          599 29    
QSO: 21031 CW 2026-07-11 1710 9A0HQ         599 HRS    UW5U          599 29    
QSO: 21031 CW 2026-07-11 1710 9A0HQ         599 HRS    K7CO          599 06    
QSO: 21031 CW 2026-07-11 1711 9A0HQ         599 HRS    UF5A          599 29    
QSO: 21031 CW 2026-07-11 1711 9A0HQ         599 HRS    TC3W          599 39    
QSO: 21031 CW 2026-07-11 1712 9A0HQ         599 HRS    WO6X          599 06    
QSO: 21031 CW 2026-07-11 1712 9A0HQ         599 HRS    SP2HHX        599 28    
QSO: 21031 CW 2026-07-11 1712 9A0HQ         599 HRS    OM2X          599 28    
QSO: 21031 CW 2026-07-11 1713 9A0HQ         599 HRS    WO9B          599 08    
QSO: 21007 CW 2026-07-11 1713 9A0HQ         599 HRS    OT4A          599 27    
QSO: 21031 CW 2026-07-11 1713 9A0HQ         599 HRS    DF7TV         599 28    
QSO: 21031 CW 2026-07-11 1714 9A0HQ         599 HRS    WB2FKO        599 08    
QSO: 21031 CW 2026-07-11 1714 9A0HQ         599 HRS    UA6AK         599 29    
QSO: 21031 CW 2026-07-11 1714 9A0HQ         599 HRS    KG2MM         599 08    
QSO: 21009 CW 2026-07-11 1715 9A0HQ         599 HRS    TI2OY         599 11    
QSO: 21031 CW 2026-07-11 1715 9A0HQ         599 HRS    VE5SF         599 03    
QSO: 21012 CW 2026-07-11 1715 9A0HQ         599 HRS    F5SGI         599 27    
QSO: 21031 CW 2026-07-11 1716 9A0HQ         599 HRS    K4SQ          599 08    
QSO: 21031 CW 2026-07-11 1716 9A0HQ         599 HRS    AB2E          599 08    
QSO: 21031 CW 2026-07-11 1717 9A0HQ         599 HRS    W9MS          599 08    
QSO: 21031 CW 2026-07-11 1717 9A0HQ         599 HRS    UT5R          599 29    
QSO: 21031 CW 2026-07-11 1718 9A0HQ         599 HRS    LZ9R          599 28    
QSO: 21035 CW 2026-07-11 1718 9A0HQ         599 HRS    ZD7BG         599 66    
QSO: 21031 CW 2026-07-11 1718 9A0HQ         599 HRS    K3FH          599 08    
QSO: 21031 CW 2026-07-11 1719 9A0HQ         599 HRS    SM5/UY5OO     599 18    
QSO: 21031 CW 2026-07-11 1719 9A0HQ         599 HRS    S53V          599 28    
QSO: 21031 CW 2026-07-11 1719 9A0HQ         599 HRS    UC4P          599 29    
QSO: 21031 CW 2026-07-11 1720 9A0HQ         599 HRS    R8CI          599 30    
QSO: 21020 CW 2026-07-11 1720 9A0HQ         599 HRS    ER7HQ         599 ARM   
QSO: 21031 CW 2026-07-11 1720 9A0HQ         599 HRS    N4CF          599 08    
QSO: 21031 CW 2026-07-11 1721 9A0HQ         599 HRS    DC2HB         599 28    
QSO: 21008 CW 2026-07-11 1721 9A0HQ         599 HRS    HB9CVQ        599 28    
QSO: 21031 CW 2026-07-11 1721 9A0HQ         599 HRS    DL1ASA        599 28    
QSO: 21031 CW 2026-07-11 1721 9A0HQ         599 HRS    SN9S          599 28    
QSO: 21015 CW 2026-07-11 1722 9A0HQ         599 HRS    EA5AER        599 37    
QSO: 21031 CW 2026-07-11 1722 9A0HQ         599 HRS    W1TO          599 08    
QSO: 21031 CW 2026-07-11 1722 9A0HQ         599 HRS    UA4W          599 30    
QSO: 21029 CW 2026-07-11 1722 9A0HQ         599 HRS    YT5A          599 28    
QSO: 21031 CW 2026-07-11 1722 9A0HQ         599 HRS    N3RJ          599 08    
QSO: 21030 CW 2026-07-11 1723 9A0HQ         599 HRS    UW8SM         599 29    
QSO: 21030 CW 2026-07-11 1723 9A0HQ         599 HRS    ON8GA         599 27    
QSO: 21035 CW 2026-07-11 1723 9A0HQ         599 HRS    E77EA         599 28    
QSO: 21031 CW 2026-07-11 1724 9A0HQ         599 HRS    N2ZA          599 08    
QSO: 21031 CW 2026-07-11 1724 9A0HQ         599 HRS    N7EPD         599 06    
QSO: 21031 CW 2026-07-11 1725 9A0HQ         599 HRS    G3ESE         599 27    
QSO: 21031 CW 2026-07-11 1725 9A0HQ         599 HRS    S51W          599 28    
QSO: 21054 CW 2026-07-11 1725 9A0HQ         599 HRS    HC2GRC        599 GRC   
QSO: 21031 CW 2026-07-11 1726 9A0HQ         599 HRS    W8TOM         599 08    
QSO: 21031 CW 2026-07-11 1726 9A0HQ         599 HRS    UT0CK         599 29    
QSO: 21043 CW 2026-07-11 1726 9A0HQ         599 HRS    CE2ML         599 14    
QSO: 21031 CW 2026-07-11 1727 9A0HQ         599 HRS    PC7W          599 27    
QSO: 21031 CW 2026-07-11 1727 9A0HQ         599 HRS    DK0PO         599 28    
QSO: 21031 CW 2026-07-11 1727 9A0HQ         599 HRS    RC9A          599 30    
QSO: 21031 CW 2026-07-11 1727 9A0HQ         599 HRS    OG1N          599 18    
QSO: 21031 CW 2026-07-11 1728 9A0HQ         599 HRS    W7YAQ         599 06    
QSO: 21031 CW 2026-07-11 1728 9A0HQ         599 HRS    EA5BH         599 37    
QSO: 21031 CW 2026-07-11 1729 9A0HQ         599 HRS    UW7CN         599 29    
QSO: 21045 CW 2026-07-11 1730 9A0HQ         599 HRS    NU1AW/0       599 IARU  
QSO: 21031 CW 2026-07-11 1730 9A0HQ         599 HRS    WI7N          599 06    
QSO: 21031 CW 2026-07-11 1730 9A0HQ         599 HRS    K3VA          599 08    
QSO: 21031 CW 2026-07-11 1731 9A0HQ         599 HRS    PY5IQ         599 15    
QSO: 21031 CW 2026-07-11 1731 9A0HQ         599 HRS    AI9T          599 08    
QSO: 21031 CW 2026-07-11 1731 9A0HQ         599 HRS    S52A          599 28    
QSO: 21031 CW 2026-07-11 1732 9A0HQ         599 HRS    K7QA          599 06    
QSO: 21021 CW 2026-07-11 1732 9A0HQ         599 HRS    N0UI          599 07    
QSO: 21031 CW 2026-07-11 1733 9A0HQ         599 HRS    LY6A          599 29    
QSO: 21018 CW 2026-07-11 1733 9A0HQ         599 HRS    XE1CRG        599 10    
QSO: 21031 CW 2026-07-11 1733 9A0HQ         599 HRS    N0BM          599 07    
QSO: 21013 CW 2026-07-11 1733 9A0HQ         599 HRS    DK8ZZ         599 28    
QSO: 21031 CW 2026-07-11 1734 9A0HQ         599 HRS    VE6RST        599 02    
QSO: 21023 CW 2026-07-11 1734 9A0HQ         599 HRS    HA2KMR        599 28    
QSO: 21031 CW 2026-07-11 1734 9A0HQ         599 HRS    DC2HB         599 28    
QSO: 21000 CW 2026-07-11 1734 9A0HQ         599 HRS    W7WA          599 06    
QSO: 21031 CW 2026-07-11 1735 9A0HQ         599 HRS    VA3TMV        599 04    
QSO: 21031 CW 2026-07-11 1735 9A0HQ         599 HRS    KF5O          599 07    
QSO: 21020 CW 2026-07-11 1735 9A0HQ         599 HRS    ER7HQ         599 ARM   
QSO: 21031 CW 2026-07-11 1735 9A0HQ         599 HRS    NN6U          599 06    
QSO: 21031 CW 2026-07-11 1735 9A0HQ         599 HRS    KT5V          599 07    
QSO: 21009 CW 2026-07-11 1736 9A0HQ         599 HRS    OM5ZW         599 28    
QSO: 21017 CW 2026-07-11 1736 9A0HQ         599 HRS    ED3E          599 37    
QSO: 21031 CW 2026-07-11 1736 9A0HQ         599 HRS    JA9CWJ        599 45    
QSO: 21007 CW 2026-07-11 1737 9A0HQ         599 HRS    HG6N          599 28    
QSO: 21031 CW 2026-07-11 1737 9A0HQ         599 HRS    N2CG          599 08    
QSO: 21031 CW 2026-07-11 1737 9A0HQ         599 HRS    DD0VS         599 28    
QSO: 21031 CW 2026-07-11 1738 9A0HQ         599 HRS    AA5JF         599 08    
QSO: 21031 CW 2026-07-11 1738 9A0HQ         599 HRS    RZ9AM         599 30    
QSO: 21031 CW 2026-07-11 1738 9A0HQ         599 HRS    M0KKB         599 27    
QSO: 21011 CW 2026-07-11 1739 9A0HQ         599 HRS    N4A/250       599 08    
QSO: 21031 CW 2026-07-11 1739 9A0HQ         599 HRS    EW8R          599 29    
QSO: 21013 CW 2026-07-11 1739 9A0HQ         599 HRS    KG9N          599 08    
QSO: 21031 CW 2026-07-11 1739 9A0HQ         599 HRS    VE6TL         599 02    
QSO: 21031 CW 2026-07-11 1740 9A0HQ         599 HRS    DL1GRC        599 28    
QSO: 21031 CW 2026-07-11 1740 9A0HQ         599 HRS    HB9DCM        599 28    
QSO: 21031 CW 2026-07-11 1741 9A0HQ         599 HRS    K6ZH          599 06    
QSO: 21031 CW 2026-07-11 1741 9A0HQ         599 HRS    DJ9BM         599 28    
QSO: 21024 CW 2026-07-11 1741 9A0HQ         599 HRS    VE3NM         599 04    
QSO: 21031 CW 2026-07-11 1741 9A0HQ         599 HRS    K6LL          599 06    
QSO: 21031 CW 2026-07-11 1741 9A0HQ         599 HRS    EW1M          599 29    
QSO: 21031 CW 2026-07-11 1742 9A0HQ         599 HRS    R4YT          599 29    
QSO: 21033 CW 2026-07-11 1742 9A0HQ         599 HRS    UN0L          599 30    
QSO: 21031 CW 2026-07-11 1742 9A0HQ         599 HRS    IZ2WYA        599 28    
QSO: 21031 CW 2026-07-11 1742 9A0HQ         599 HRS    ED0HQ         599 URE   
QSO: 21042 CW 2026-07-11 1742 9A0HQ         599 HRS    IO0A          599 28    
QSO: 21051 CW 2026-07-11 1743 9A0HQ         599 HRS    EA7TG         599 37    
QSO: 21059 CW 2026-07-11 1744 9A0HQ         599 HRS    PY2MP         599 15    
QSO: 21031 CW 2026-07-11 1745 9A0HQ         599 HRS    K7AR          599 06    
QSO: 21031 CW 2026-07-11 1745 9A0HQ         599 HRS    K6YK          599 06    
QSO: 21065 CW 2026-07-11 1746 9A0HQ         599 HRS    PR1T          599 15    
QSO: 21031 CW 2026-07-11 1746 9A0HQ         599 HRS    HB9CZF        599 28    
QSO: 21031 CW 2026-07-11 1746 9A0HQ         599 HRS    K4OV          599 08    
QSO: 21068 CW 2026-07-11 1747 9A0HQ         599 HRS    N7NR          599 08    
QSO: 21031 CW 2026-07-11 1747 9A0HQ         599 HRS    VE1RSM        599 09    
QSO: 21031 CW 2026-07-11 1748 9A0HQ         599 HRS    W7VJ          599 06    
QSO: 21031 CW 2026-07-11 1748 9A0HQ         599 HRS    DF1DT         599 28    
QSO: 21031 CW 2026-07-11 1749 9A0HQ         599 HRS    N7DXC         599 06    
QSO: 21031 CW 2026-07-11 1749 9A0HQ         599 HRS    W3IDT         599 08    
QSO: 21031 CW 2026-07-11 1749 9A0HQ         599 HRS    LA8OM         599 18    
QSO: 21031 CW 2026-07-11 1750 9A0HQ         599 HRS    RD6OK         599 29    
QSO: 21031 CW 2026-07-11 1750 9A0HQ         599 HRS    G4EDG         599 27    
QSO: 21031 CW 2026-07-11 1751 9A0HQ         599 HRS    OL7K          599 28    
QSO: 21044 CW 2026-07-11 1751 9A0HQ         599 HRS    7Q6M          599 53    
QSO: 21031 CW 2026-07-11 1751 9A0HQ         599 HRS    DJ7UC         599 28    
QSO: 21031 CW 2026-07-11 1752 9A0HQ         599 HRS    VE3NFN        599 04    
QSO: 21031 CW 2026-07-11 1752 9A0HQ         599 HRS    UT3SO         599 29    
QSO: 21031 CW 2026-07-11 1753 9A0HQ         599 HRS    VA6WWW        599 02    
QSO: 21031 CW 2026-07-11 1754 9A0HQ         599 HRS    UR5KLD        599 29    
QSO: 21031 CW 2026-07-11 1754 9A0HQ         599 HRS    UR5R          599 29    
QSO: 21031 CW 2026-07-11 1755 9A0HQ         599 HRS    KH7Q          599 61    
QSO: 21031 CW 2026-07-11 1756 9A0HQ         599 HRS    BG4MHL        599 44    
QSO: 21031 CW 2026-07-11 1756 9A0HQ         599 HRS    W5ZJ          599 07    
QSO: 21031 CW 2026-07-11 1756 9A0HQ         599 HRS    KN7K          599 06    
QSO: 21031 CW 2026-07-11 1757 9A0HQ         599 HRS    DF2RG         599 28    
QSO: 21031 CW 2026-07-11 1758 9A0HQ         599 HRS    EF3X          599 37    
QSO: 21031 CW 2026-07-11 1758 9A0HQ         599 HRS    F4IVC         599 27    
QSO: 21031 CW 2026-07-11 1758 9A0HQ         599 HRS    DL2VN         599 28    
QSO: 21031 CW 2026-07-11 1759 9A0HQ         599 HRS    DJ8WR         599 28    
QSO: 21037 CW 2026-07-11 1759 9A0HQ         599 HRS    HA7A          599 28    
QSO: 21031 CW 2026-07-11 1759 9A0HQ         599 HRS    K7CW          599 06    
QSO: 21031 CW 2026-07-11 1800 9A0HQ         599 HRS    PY2PLL        599 15    
QSO: 21031 CW 2026-07-11 1802 9A0HQ         599 HRS    AA6MU         599 06    
QSO: 21031 CW 2026-07-11 1802 9A0HQ         599 HRS    K0PC          599 07    
QSO: 21031 CW 2026-07-11 1803 9A0HQ         599 HRS    GM0EGI        599 27    
QSO: 21031 CW 2026-07-11 1803 9A0HQ         599 HRS    W0VX          599 07    
QSO: 21031 CW 2026-07-11 1803 9A0HQ         599 HRS    EF6B          599 37    
QSO: 21031 CW 2026-07-11 1803 9A0HQ         599 HRS    G3YLA         599 27    
QSO: 21031 CW 2026-07-11 1804 9A0HQ         599 HRS    PA3DUU        599 27    
QSO: 21031 CW 2026-07-11 1804 9A0HQ         599 HRS    NA6O          599 06    
QSO: 21031 CW 2026-07-11 1804 9A0HQ         599 HRS    SQ2BXI        599 28    
QSO: 21031 CW 2026-07-11 1805 9A0HQ         599 HRS    YL3GX         599 29    
QSO: 21031 CW 2026-07-11 1806 9A0HQ         599 HRS    EU6O          599 29    
QSO: 21038 CW 2026-07-11 1807 9A0HQ         599 HRS    NO5Z          599 07    
QSO: 21031 CW 2026-07-11 1807 9A0HQ         599 HRS    K7MK          599 06    
QSO: 21050 CW 2026-07-11 1807 9A0HQ         599 HRS    NM5M          599 07    
QSO: 21031 CW 2026-07-11 1808 9A0HQ         599 HRS    DK5PD         599 28    
QSO: 21058 CW 2026-07-11 1808 9A0HQ         599 HRS    N4QS          599 08    
QSO: 21031 CW 2026-07-11 1808 9A0HQ         599 HRS    UT4E          599 29    
QSO: 21035 CW 2026-07-11 1809 9A0HQ         599 HRS    DL5RMH        599 28    
QSO: 21031 CW 2026-07-11 1810 9A0HQ         599 HRS    VE1ANF        599 09    
QSO: 21031 CW 2026-07-11 1810 9A0HQ         599 HRS    IT9SSI        599 28    
QSO: 21031 CW 2026-07-11 1811 9A0HQ         599 HRS    DL2DRU        599 28    
QSO: 21031 CW 2026-07-11 1811 9A0HQ         599 HRS    TA9J          599 39    
QSO: 21031 CW 2026-07-11 1812 9A0HQ         599 HRS    OK2MBP        599 28    
QSO: 21031 CW 2026-07-11 1812 9A0HQ         599 HRS    DL4DRW        599 28    
QSO: 21031 CW 2026-07-11 1813 9A0HQ         599 HRS    LY4K          599 29    
QSO: 21031 CW 2026-07-11 1813 9A0HQ         599 HRS    N9CIQ         599 07    
QSO: 21031 CW 2026-07-11 1814 9A0HQ         599 HRS    OM3CAZ        599 28    
QSO: 21031 CW 2026-07-11 1814 9A0HQ         599 HRS    ON5JT         599 27    
QSO: 21031 CW 2026-07-11 1814 9A0HQ         599 HRS    DK9TF         599 28    
QSO: 21031 CW 2026-07-11 1814 9A0HQ         599 HRS    YT4L          599 28    
QSO: 21031 CW 2026-07-11 1815 9A0HQ         599 HRS    HG5D          599 28    
QSO: 21031 CW 2026-07-11 1815 9A0HQ         599 HRS    DA0T          599 28    
QSO: 21031 CW 2026-07-11 1815 9A0HQ         599 HRS    TF3EO         599 17    
QSO: 21031 CW 2026-07-11 1816 9A0HQ         599 HRS    DL8BH         599 28    
QSO: 21031 CW 2026-07-11 1816 9A0HQ         599 HRS    WS4K          599 08    
QSO: 21031 CW 2026-07-11 1816 9A0HQ         599 HRS    DL2HWI        599 28    
QSO: 21031 CW 2026-07-11 1817 9A0HQ         599 HRS    W0ECC         599 07    
QSO: 21031 CW 2026-07-11 1817 9A0HQ         599 HRS    DL1ABR        599 28    
QSO: 21031 CW 2026-07-11 1817 9A0HQ         599 HRS    K4XD          599 08    
QSO: 21031 CW 2026-07-11 1818 9A0HQ         599 HRS    K8NU          599 08    
QSO: 21031 CW 2026-07-11 1818 9A0HQ         599 HRS    PE1PIX        599 27    
QSO: 21031 CW 2026-07-11 1818 9A0HQ         599 HRS    RU9AD         599 30    
QSO: 21031 CW 2026-07-11 1819 9A0HQ         599 HRS    SN1O          599 28    
QSO: 21031 CW 2026-07-11 1819 9A0HQ         599 HRS    SP9XCN        599 28    
QSO: 21031 CW 2026-07-11 1820 9A0HQ         599 HRS    LY4OO         599 29    
QSO: 21031 CW 2026-07-11 1820 9A0HQ         599 HRS    UR5KO         599 29    
QSO: 21031 CW 2026-07-11 1820 9A0HQ         599 HRS    K1ZTE         599 08    
QSO: 21031 CW 2026-07-11 1821 9A0HQ         599 HRS    RA4Y          599 29    
QSO: 21031 CW 2026-07-11 1821 9A0HQ         599 HRS    AC7JW         599 06    
QSO: 21031 CW 2026-07-11 1821 9A0HQ         599 HRS    N3FCP         599 08    
QSO: 21031 CW 2026-07-11 1822 9A0HQ         599 HRS    R6UA          599 29    
QSO: 21031 CW 2026-07-11 1823 9A0HQ         599 HRS    SP8CGU        599 28    
QSO: 21031 CW 2026-07-11 1823 9A0HQ         599 HRS    RM3F          599 29    
QSO: 21031 CW 2026-07-11 1823 9A0HQ         599 HRS    VA7KO         599 02    
QSO: 21031 CW 2026-07-11 1824 9A0HQ         599 HRS    N4TB          599 08    
QSO: 21031 CW 2026-07-11 1824 9A0HQ         599 HRS    UZ6U          599 29    
QSO: 21031 CW 2026-07-11 1824 9A0HQ         599 HRS    RX9CC         599 20    
QSO: 21031 CW 2026-07-11 1825 9A0HQ         599 HRS    NI6W          599 06    
QSO: 21031 CW 2026-07-11 1825 9A0HQ         599 HRS    UY4W          599 29    
QSO: 21031 CW 2026-07-11 1826 9A0HQ         599 HRS    DL4NAX        599 28    
QSO: 21031 CW 2026-07-11 1826 9A0HQ         599 HRS    R8WX          599 30    
QSO: 21031 CW 2026-07-11 1827 9A0HQ         599 HRS    N6PN          599 06    
QSO: 21041 CW 2026-07-11 1827 9A0HQ         599 HRS    VA3IK         599 04    
QSO: 21031 CW 2026-07-11 1828 9A0HQ         599 HRS    K6RIM         599 06    
QSO: 21031 CW 2026-07-11 1828 9A0HQ         599 HRS    KG4W          599 08    
QSO: 21031 CW 2026-07-11 1829 9A0HQ         599 HRS    HB9CGL        599 28    
QSO: 21043 CW 2026-07-11 1829 9A0HQ         599 HRS    DL5YM         599 28    
QSO: 21031 CW 2026-07-11 1829 9A0HQ         599 HRS    NF9V          599 08    
QSO: 21051 CW 2026-07-11 1830 9A0HQ         599 HRS    PW2K          599 15    
QSO: 21031 CW 2026-07-11 1830 9A0HQ         599 HRS    W6KGP         599 07    
QSO: 21031 CW 2026-07-11 1830 9A0HQ         599 HRS    HA4CW         599 28    
QSO: 21031 CW 2026-07-11 1831 9A0HQ         599 HRS    EU1DM         599 29    
QSO: 21031 CW 2026-07-11 1831 9A0HQ         599 HRS    DL6RDE        599 28    
QSO: 21031 CW 2026-07-11 1832 9A0HQ         599 HRS    LN5O          599 18    
QSO: 21031 CW 2026-07-11 1832 9A0HQ         599 HRS    WB2FUE        599 08    
QSO: 21047 CW 2026-07-11 1833 9A0HQ         599 HRS    EA8KR         599 36    
QSO: 21031 CW 2026-07-11 1833 9A0HQ         599 HRS    WA4IPU        599 08    
QSO: 21031 CW 2026-07-11 1833 9A0HQ         599 HRS    K3CT          599 08    
QSO: 21031 CW 2026-07-11 1834 9A0HQ         599 HRS    DO1SKO        599 28    
QSO: 21057 CW 2026-07-11 1834 9A0HQ         599 HRS    LU9HMB        599 14    
QSO: 21031 CW 2026-07-11 1835 9A0HQ         599 HRS    UR2Y          599 29    
QSO: 21031 CW 2026-07-11 1835 9A0HQ         599 HRS    W5LA          599 07    
QSO: 21065 CW 2026-07-11 1835 9A0HQ         599 HRS    K5NZ          599 07    
QSO: 21031 CW 2026-07-11 1835 9A0HQ         599 HRS    N1NQD         599 08    
QSO: 21011 CW 2026-07-11 1836 9A0HQ         599 HRS    W1AW          599 ARRL  
QSO: 21031 CW 2026-07-11 1836 9A0HQ         599 HRS    N6CHU         599 06    
QSO: 21031 CW 2026-07-11 1836 9A0HQ         599 HRS    SN3G          599 28    
QSO: 21055 CW 2026-07-11 1837 9A0HQ         599 HRS    M0XUU         599 27    
QSO: 21031 CW 2026-07-11 1837 9A0HQ         599 HRS    PY2UDB        599 15    
QSO: 21031 CW 2026-07-11 1838 9A0HQ         599 HRS    UT7W          599 29    
QSO: 21031 CW 2026-07-11 1838 9A0HQ         599 HRS    N4IQ          599 08    
QSO: 21031 CW 2026-07-11 1839 9A0HQ         599 HRS    N9FZ          599 08    
QSO: 21031 CW 2026-07-11 1839 9A0HQ         599 HRS    W3YJ          599 08    
QSO: 21031 CW 2026-07-11 1840 9A0HQ         599 HRS    UT3QU         599 29    
QSO: 21055 CW 2026-07-11 1840 9A0HQ         599 HRS    DJ0IF         599 28    
QSO: 21031 CW 2026-07-11 1840 9A0HQ         599 HRS    W1OM          599 08    
QSO: 21031 CW 2026-07-11 1841 9A0HQ         599 HRS    K0XF          599 07    
QSO: 21031 CW 2026-07-11 1842 9A0HQ         599 HRS    2E0YEM        599 27    
QSO: 21031 CW 2026-07-11 1842 9A0HQ         599 HRS    WA3A          599 08    
QSO: 21031 CW 2026-07-11 1842 9A0HQ         599 HRS    WQ5L          599 08    
QSO: 21031 CW 2026-07-11 1843 9A0HQ         599 HRS    N7RVD         599 06    
QSO: 21031 CW 2026-07-11 1843 9A0HQ         599 HRS    NK7U          599 08    
QSO: 21031 CW 2026-07-11 1844 9A0HQ         599 HRS    KA8JBK        599 08    
QSO: 21013 CW 2026-07-11 1844 9A0HQ         599 HRS    DM2X          599 28    
QSO: 21031 CW 2026-07-11 1844 9A0HQ         599 HRS    W6TK          599 06    
QSO: 21031 CW 2026-07-11 1844 9A0HQ         599 HRS    DM5MA         599 28    
QSO: 21031 CW 2026-07-11 1845 9A0HQ         599 HRS    II1HQ         599 ARI   
QSO: 21033 CW 2026-07-11 1848 9A0HQ         599 HRS    LU7YS         599 16    
QSO: 21031 CW 2026-07-11 1848 9A0HQ         599 HRS    W2CG          599 08    
QSO: 21031 CW 2026-07-11 1848 9A0HQ         599 HRS    UR5FEO        599 29    
QSO: 21031 CW 2026-07-11 1848 9A0HQ         599 HRS    DJ0SP         599 28    
QSO: 21031 CW 2026-07-11 1849 9A0HQ         599 HRS    KA2MGE        599 08    
QSO: 21021 CW 2026-07-11 1849 9A0HQ         599 HRS    AI0Y          599 07    
QSO: 21031 CW 2026-07-11 1849 9A0HQ         599 HRS    ES2RR         599 29    
QSO: 21031 CW 2026-07-11 1849 9A0HQ         599 HRS    R3AQ          599 29    
QSO: 21031 CW 2026-07-11 1850 9A0HQ         599 HRS    KD2TT         599 08    
QSO: 21031 CW 2026-07-11 1850 9A0HQ         599 HRS    K4EU          599 08    
QSO: 21053 CW 2026-07-11 1851 9A0HQ         599 HRS    LY5O          599 29    
QSO: 21031 CW 2026-07-11 1851 9A0HQ         599 HRS    DL2IKE        599 28    
QSO: 21040 CW 2026-07-11 1851 9A0HQ         599 HRS    G3VMW         599 27    
QSO: 21031 CW 2026-07-11 1851 9A0HQ         599 HRS    N4UF          599 08    
QSO: 21021 CW 2026-07-11 1852 9A0HQ         599 HRS    KE0UI         599 07    
QSO: 21031 CW 2026-07-11 1852 9A0HQ         599 HRS    KB9S          599 07    
QSO: 21031 CW 2026-07-11 1852 9A0HQ         599 HRS    RD4A          599 29    
QSO: 21031 CW 2026-07-11 1853 9A0HQ         599 HRS    K0TC          599 07    
QSO: 21031 CW 2026-07-11 1853 9A0HQ         599 HRS    KW7Q          599 07    
QSO: 21031 CW 2026-07-11 1853 9A0HQ         599 HRS    KA1IOR        599 08    
QSO: 21031 CW 2026-07-11 1854 9A0HQ         599 HRS    RK2M          599 29    
QSO: 21007 CW 2026-07-11 1854 9A0HQ         599 HRS    CT1BOH        599 37    
QSO: 21031 CW 2026-07-11 1854 9A0HQ         599 HRS    UT8EU         599 29    
QSO: 21031 CW 2026-07-11 1855 9A0HQ         599 HRS    ED3T          599 37    
QSO: 21031 CW 2026-07-11 1855 9A0HQ         599 HRS    SP2BRZ        599 28    
QSO: 21031 CW 2026-07-11 1856 9A0HQ         599 HRS    K2MK          599 08    
QSO: 21031 CW 2026-07-11 1857 9A0HQ         599 HRS    ND0C          599 07    
QSO: 21031 CW 2026-07-11 1857 9A0HQ         599 HRS    K9NW          599 08    
QSO: 21031 CW 2026-07-11 1857 9A0HQ         599 HRS    SQ1EUG        599 28    
QSO: 21031 CW 2026-07-11 1857 9A0HQ         599 HRS    K0TRL         599 07    
QSO: 21031 CW 2026-07-11 1858 9A0HQ         599 HRS    R0QC          599 23    
QSO: 21031 CW 2026-07-11 1858 9A0HQ         599 HRS    OM7K          599 28    
QSO: 21031 CW 2026-07-11 1858 9A0HQ         599 HRS    R6OQ          599 29    
QSO: 21031 CW 2026-07-11 1859 9A0HQ         599 HRS    AC7RX         599 06    
QSO: 21031 CW 2026-07-11 1859 9A0HQ         599 HRS    DL4DXF        599 28    
QSO: 21031 CW 2026-07-11 1859 9A0HQ         599 HRS    RG5A          599 29    
QSO: 21031 CW 2026-07-11 1900 9A0HQ         599 HRS    DL3AZ         599 28    
QSO: 21031 CW 2026-07-11 1900 9A0HQ         599 HRS    K2TE          599 08    
QSO: 21031 CW 2026-07-11 1900 9A0HQ         599 HRS    W7CT          599 06    
QSO: 21031 CW 2026-07-11 1902 9A0HQ         599 HRS    UT3UZ         599 29    
QSO: 21031 CW 2026-07-11 1902 9A0HQ         599 HRS    R4WAE         599 30    
QSO: 21031 CW 2026-07-11 1902 9A0HQ         599 HRS    KA1ZE         599 08    
QSO: 21031 CW 2026-07-11 1903 9A0HQ         599 HRS    VE3VV         599 04    
QSO: 21031 CW 2026-07-11 1904 9A0HQ         599 HRS    ER1NM         599 29    
QSO: 21031 CW 2026-07-11 1904 9A0HQ         599 HRS    N3CKI         599 08    
QSO: 21031 CW 2026-07-11 1904 9A0HQ         599 HRS    DL8BEG        599 28    
QSO: 21031 CW 2026-07-11 1904 9A0HQ         599 HRS    KT7E          599 06    
QSO: 21031 CW 2026-07-11 1905 9A0HQ         599 HRS    AC0C          599 07    
QSO: 21031 CW 2026-07-11 1905 9A0HQ         599 HRS    SQ9DXN        599 28    
QSO: 21031 CW 2026-07-11 1905 9A0HQ         599 HRS    KE8RU         599 08    
QSO: 21031 CW 2026-07-11 1906 9A0HQ         599 HRS    DL9AJ         599 28    
QSO: 21031 CW 2026-07-11 1907 9A0HQ         599 HRS    LZ1QV         599 28    
QSO: 21031 CW 2026-07-11 1907 9A0HQ         599 HRS    SP8BXL        599 28    
QSO: 21016 CW 2026-07-11 1907 9A0HQ         599 HRS    EA3X          599 37    
QSO: 21031 CW 2026-07-11 1908 9A0HQ         599 HRS    AA4SD         599 08    
QSO: 21024 CW 2026-07-11 1908 9A0HQ         599 HRS    F5IN          599 27    
QSO: 21031 CW 2026-07-11 1908 9A0HQ         599 HRS    KA2FIR        599 08    
QSO: 21029 CW 2026-07-11 1909 9A0HQ         599 HRS    WA8KAN        599 08    
QSO: 21031 CW 2026-07-11 1910 9A0HQ         599 HRS    NG7M          599 06    
QSO: 21031 CW 2026-07-11 1910 9A0HQ         599 HRS    VE3KP         599 04    
QSO: 21038 CW 2026-07-11 1910 9A0HQ         599 HRS    CX1AA         599 RCU   
QSO: 21031 CW 2026-07-11 1910 9A0HQ         599 HRS    SP6CC         599 28    
QSO: 21048 CW 2026-07-11 1911 9A0HQ         599 HRS    PY4LH         599 15    
QSO: 21031 CW 2026-07-11 1911 9A0HQ         599 HRS    YO6KGS        599 28    
QSO: 21031 CW 2026-07-11 1911 9A0HQ         599 HRS    SP7IIT        599 28    
QSO: 21031 CW 2026-07-11 1911 9A0HQ         599 HRS    W3RE          599 08    
QSO: 21031 CW 2026-07-11 1912 9A0HQ         599 HRS    PY5ZHP        599 15    
QSO: 21063 CW 2026-07-11 1912 9A0HQ         599 HRS    RA0SMS        599 32    
QSO: 21031 CW 2026-07-11 1912 9A0HQ         599 HRS    F5MMB         599 27    
QSO: 21031 CW 2026-07-11 1912 9A0HQ         599 HRS    HA8TKS        599 28    
QSO: 21034 CW 2026-07-11 1913 9A0HQ         599 HRS    W4LT          599 08    
QSO: 21031 CW 2026-07-11 1913 9A0HQ         599 HRS    DL5RDP        599 28    
QSO: 21030 CW 2026-07-11 1913 9A0HQ         599 HRS    OK5Z          599 28    
QSO: 21031 CW 2026-07-11 1914 9A0HQ         599 HRS    R3VL          599 29    
QSO: 21031 CW 2026-07-11 1914 9A0HQ         599 HRS    K4ORD         599 08    
QSO: 21031 CW 2026-07-11 1914 9A0HQ         599 HRS    OK5OK         599 28    
QSO: 21031 CW 2026-07-11 1915 9A0HQ         599 HRS    KW4M          599 08    
QSO: 21031 CW 2026-07-11 1916 9A0HQ         599 HRS    K6KR          599 06    
QSO: 21031 CW 2026-07-11 1916 9A0HQ         599 HRS    DL7AUO        599 28    
QSO: 21013 CW 2026-07-11 1916 9A0HQ         599 HRS    UT3EV         599 29    
QSO: 21031 CW 2026-07-11 1916 9A0HQ         599 HRS    K8CN          599 08    
QSO: 21031 CW 2026-07-11 1917 9A0HQ         599 HRS    R1CDB         599 29    
QSO: 21031 CW 2026-07-11 1917 9A0HQ         599 HRS    W0CP          599 07    
QSO: 21011 CW 2026-07-11 1917 9A0HQ         599 HRS    HG7T          599 28    
QSO: 21031 CW 2026-07-11 1917 9A0HQ         599 HRS    BI8CZM        599 43    
QSO: 21031 CW 2026-07-11 1918 9A0HQ         599 HRS    W2YR          599 08    
QSO: 21031 CW 2026-07-11 1918 9A0HQ         599 HRS    KA5M          599 07    
QSO: 21031 CW 2026-07-11 1919 9A0HQ         599 HRS    YO8SSH        599 28    
QSO: 21027 CW 2026-07-11 1919 9A0HQ         599 HRS    EC4C          599 37    
QSO: 21031 CW 2026-07-11 1920 9A0HQ         599 HRS    WB6JJJ        599 06    
QSO: 21007 CW 2026-07-11 1920 9A0HQ         599 HRS    4O3A          599 28    
QSO: 21031 CW 2026-07-11 1920 9A0HQ         599 HRS    VE2PI         599 04    
QSO: 21000 CW 2026-07-11 1921 9A0HQ         599 HRS    N2MF          599 08    
QSO: 21031 CW 2026-07-11 1921 9A0HQ         599 HRS    W0RX          599 07    
QSO: 21031 CW 2026-07-11 1921 9A0HQ         599 HRS    JH1RRP        599 45    
QSO: 21031 CW 2026-07-11 1922 9A0HQ         599 HRS    HA7RY         599 28    
QSO: 21031 CW 2026-07-11 1924 9A0HQ         599 HRS    R7KX          599 29    
QSO: 21031 CW 2026-07-11 1924 9A0HQ         599 HRS    F4HPX         599 27    
QSO: 21031 CW 2026-07-11 1925 9A0HQ         599 HRS    K7SS          599 06    
QSO: 21031 CW 2026-07-11 1925 9A0HQ         599 HRS    K7VF          599 07    
QSO: 21031 CW 2026-07-11 1926 9A0HQ         599 HRS    OK2VWB        599 28    
QSO: 21031 CW 2026-07-11 1926 9A0HQ         599 HRS    MI5I          599 27    
QSO: 21031 CW 2026-07-11 1927 9A0HQ         599 HRS    YO6ZS         599 28    
QSO: 21031 CW 2026-07-11 1927 9A0HQ         599 HRS    YU1YV         599 28    
QSO: 21031 CW 2026-07-11 1928 9A0HQ         599 HRS    YO4NF         599 28    
QSO: 21031 CW 2026-07-11 1928 9A0HQ         599 HRS    KN0V          599 07    
QSO: 21008 CW 2026-07-11 1928 9A0HQ         599 HRS    WR5O          599 07    
QSO: 21031 CW 2026-07-11 1928 9A0HQ         599 HRS    SP9DTE        599 28    
QSO: 21031 CW 2026-07-11 1929 9A0HQ         599 HRS    N6RV          599 06    
QSO: 21031 CW 2026-07-11 1929 9A0HQ         599 HRS    K1RX          599 08    
QSO: 21031 CW 2026-07-11 1930 9A0HQ         599 HRS    KR4IS         599 08    
QSO: 21031 CW 2026-07-11 1930 9A0HQ         599 HRS    UV1IX         599 29    
QSO: 21031 CW 2026-07-11 1931 9A0HQ         599 HRS    NW7E          599 06    
QSO: 21031 CW 2026-07-11 1932 9A0HQ         599 HRS    VE9EX         599 09    
QSO: 21031 CW 2026-07-11 1932 9A0HQ         599 HRS    HA5GF         599 28    
QSO: 21031 CW 2026-07-11 1933 9A0HQ         599 HRS    SP2ADY        599 28    
QSO: 21031 CW 2026-07-11 1934 9A0HQ         599 HRS    K0RX          599 07    
QSO: 21014 CW 2026-07-11 1934 9A0HQ         599 HRS    VE3PJ         599 04    
QSO: 21031 CW 2026-07-11 1935 9A0HQ         599 HRS    RA9AP         599 30    
QSO: 21031 CW 2026-07-11 1935 9A0HQ         599 HRS    K3SV          599 08    
QSO: 21031 CW 2026-07-11 1935 9A0HQ         599 HRS    W8VX          599 08    
QSO: 21031 CW 2026-07-11 1936 9A0HQ         599 HRS    LY5I          599 29    
QSO: 21031 CW 2026-07-11 1937 9A0HQ         599 HRS    N4QI          599 08    
QSO: 21031 CW 2026-07-11 1937 9A0HQ         599 HRS    W4VIC         599 08    
QSO: 21031 CW 2026-07-11 1938 9A0HQ         599 HRS    AA9D          599 08    
QSO: 21031 CW 2026-07-11 1938 9A0HQ         599 HRS    W6TMD         599 06    
QSO: 21031 CW 2026-07-11 1939 9A0HQ         599 HRS    RX6AOB        599 29    
QSO: 21031 CW 2026-07-11 1939 9A0HQ         599 HRS    AD9DU         599 08    
QSO: 21031 CW 2026-07-11 1940 9A0HQ         599 HRS    N2LK          599 08    
QSO: 21031 CW 2026-07-11 1941 9A0HQ         599 HRS    W2UP          599 07    
QSO: 21031 CW 2026-07-11 1941 9A0HQ         599 HRS    SP6TGC        599 28    
QSO: 21031 CW 2026-07-11 1942 9A0HQ         599 HRS    DL6YFG        599 28    
QSO: 21021 CW 2026-07-11 1942 9A0HQ         599 HRS    FM5BH         599 11    
QSO: 21031 CW 2026-07-11 1942 9A0HQ         599 HRS    WB4TDH        599 08    
QSO: 21031 CW 2026-07-11 1943 9A0HQ         599 HRS    EW1EA         599 29    
QSO: 21031 CW 2026-07-11 1944 9A0HQ         599 HRS    HB9HBY        599 28    
QSO: 21069 CW 2026-07-11 1945 9A0HQ         599 HRS    NQ1DX         599 08    
QSO: 21031 CW 2026-07-11 1945 9A0HQ         599 HRS    PR2CW         599 15    
QSO: 21030 CW 2026-07-11 1946 9A0HQ         599 HRS    R6YG          599 29    
QSO: 21031 CW 2026-07-11 1947 9A0HQ         599 HRS    VA7IR         599 02    
QSO: 21031 CW 2026-07-11 1947 9A0HQ         599 HRS    DL2NBU        599 28    
QSO: 21031 CW 2026-07-11 1948 9A0HQ         599 HRS    SP5LGT        599 28    
QSO: 21031 CW 2026-07-11 1948 9A0HQ         599 HRS    E7BC          599 28    
QSO: 21031 CW 2026-07-11 1948 9A0HQ         599 HRS    N7RVD         599 06    
QSO: 21031 CW 2026-07-11 1949 9A0HQ         599 HRS    K3JT          599 08    
QSO: 21062 CW 2026-07-11 1949 9A0HQ         599 HRS    EA1CBX        599 37    
QSO: 21031 CW 2026-07-11 1950 9A0HQ         599 HRS    SP3CYY        599 28    
QSO: 21055 CW 2026-07-11 1950 9A0HQ         599 HRS    KO7SS         599 08    
QSO: 21050 CW 2026-07-11 1950 9A0HQ         599 HRS    I3FDZ         599 28    
QSO: 21031 CW 2026-07-11 1951 9A0HQ         599 HRS    WB3X          599 08    
QSO: 21031 CW 2026-07-11 1952 9A0HQ         599 HRS    K6RM          599 08    
QSO: 21035 CW 2026-07-11 1952 9A0HQ         599 HRS    CX5FK         599 14    
QSO: 21031 CW 2026-07-11 1953 9A0HQ         599 HRS    PA3KL         599 27    
QSO: 21027 CW 2026-07-11 1953 9A0HQ         599 HRS    ZL3IO         599 60    
QSO: 21031 CW 2026-07-11 1954 9A0HQ         599 HRS    ON4ANE        599 27    
QSO: 21031 CW 2026-07-11 1955 9A0HQ         599 HRS    LW5DT         599 14    
QSO: 21031 CW 2026-07-11 1955 9A0HQ         599 HRS    DR5E          599 28    
QSO: 21031 CW 2026-07-11 1955 9A0HQ         599 HRS    K0TG          599 07    
QSO: 21050 CW 2026-07-11 1956 9A0HQ         599 HRS    LT4RCA        599 RCA   
QSO: 21031 CW 2026-07-11 1956 9A0HQ         599 HRS    VE7WO         599 02    
QSO: 21006 CW 2026-07-11 1956 9A0HQ         599 HRS    LU4HK         599 14    
QSO: 21031 CW 2026-07-11 1957 9A0HQ         599 HRS    K3IE          599 08    
QSO: 21031 CW 2026-07-11 1957 9A0HQ         599 HRS    KA6BIM        599 06    
QSO: 21057 CW 2026-07-11 1958 9A0HQ         599 HRS    LU5DF         599 14    
QSO: 21031 CW 2026-07-11 1958 9A0HQ         599 HRS    K0FX          599 07    
QSO: 21031 CW 2026-07-11 1958 9A0HQ         599 HRS    LY3CY         599 29    
QSO: 21031 CW 2026-07-11 1959 9A0HQ         599 HRS    KE2D          599 08    
QSO: 21031 CW 2026-07-11 1959 9A0HQ         599 HRS    DL7DZ         599 28    
QSO: 21031 CW 2026-07-11 2000 9A0HQ         599 HRS    KT3T          599 08    
QSO: 21031 CW 2026-07-11 2000 9A0HQ         599 HRS    OK7CM         599 28    
QSO: 21031 CW 2026-07-11 2000 9A0HQ         599 HRS    KG5WAW        599 07    
QSO: 21031 CW 2026-07-11 2001 9A0HQ         599 HRS    W8MK          599 08    
QSO: 21064 CW 2026-07-11 2001 9A0HQ         599 HRS    F5PLC         599 27    
QSO: 21031 CW 2026-07-11 2002 9A0HQ         599 HRS    LU3DX         599 14    
QSO: 21031 CW 2026-07-11 2002 9A0HQ         599 HRS    DJ4CW         599 28    
QSO: 21014 CW 2026-07-11 2003 9A0HQ         599 HRS    II8M          599 28    
QSO: 21031 CW 2026-07-11 2003 9A0HQ         599 HRS    R7AW          599 29    
QSO: 21031 CW 2026-07-11 2003 9A0HQ         599 HRS    K7SHR         599 07    
QSO: 21031 CW 2026-07-11 2003 9A0HQ         599 HRS    VE7ZR         599 02    
QSO: 21031 CW 2026-07-11 2004 9A0HQ         599 HRS    DF8XC         599 28    
QSO: 21015 CW 2026-07-11 2004 9A0HQ         599 HRS    UA6LUQ        599 29    
QSO: 21031 CW 2026-07-11 2004 9A0HQ         599 HRS    K3QIA         599 08    
QSO: 21045 CW 2026-07-11 2004 9A0HQ         599 HRS    KV3T          599 08    
QSO: 21031 CW 2026-07-11 2005 9A0HQ         599 HRS    DO8FRG        599 28    
QSO: 21031 CW 2026-07-11 2005 9A0HQ         599 HRS    SQ2RH         599 28    
QSO: 21031 CW 2026-07-11 2005 9A0HQ         599 HRS    OM4AA         599 28    
QSO: 21031 CW 2026-07-11 2006 9A0HQ         599 HRS    ON4CLF        599 27    
QSO: 21031 CW 2026-07-11 2006 9A0HQ         599 HRS    DJ1KW         599 28    
QSO: 21031 CW 2026-07-11 2007 9A0HQ         599 HRS    NE2V          599 08    
QSO: 21031 CW 2026-07-11 2007 9A0HQ         599 HRS    VE7SK         599 02    
QSO: 21031 CW 2026-07-11 2008 9A0HQ         599 HRS    UA6LUQ        599 29    
QSO: 21031 CW 2026-07-11 2008 9A0HQ         599 HRS    W5VS          599 08    
QSO: 21031 CW 2026-07-11 2009 9A0HQ         599 HRS    K2SX          599 08    
QSO: 21031 CW 2026-07-11 2010 9A0HQ         599 HRS    VE7XF         599 02    
QSO: 21031 CW 2026-07-11 2010 9A0HQ         599 HRS    WB9HFK        599 08    
QSO: 21031 CW 2026-07-11 2011 9A0HQ         599 HRS    SN3C          599 28    
QSO: 21031 CW 2026-07-11 2012 9A0HQ         599 HRS    IT9RZU        599 28    
QSO: 21031 CW 2026-07-11 2012 9A0HQ         599 HRS    K1GQ          599 08    
QSO: 21031 CW 2026-07-11 2013 9A0HQ         599 HRS    WI9WI         599 07    
QSO: 21031 CW 2026-07-11 2014 9A0HQ         599 HRS    N1NN          599 08    
QSO: 21031 CW 2026-07-11 2014 9A0HQ         599 HRS    K4CC          599 08    
QSO: 21031 CW 2026-07-11 2015 9A0HQ         599 HRS    WA8LRW        599 08    
QSO: 21031 CW 2026-07-11 2016 9A0HQ         599 HRS    HA8UI         599 28    
QSO: 21031 CW 2026-07-11 2016 9A0HQ         599 HRS    RT5C          599 29    
QSO: 21004 CW 2026-07-11 2016 9A0HQ         599 HRS    DX7I          599 27    
QSO: 21031 CW 2026-07-11 2016 9A0HQ         599 HRS    W6NL          599 06    
QSO: 21031 CW 2026-07-11 2018 9A0HQ         599 HRS    G0FTU         599 28    
QSO: 21031 CW 2026-07-11 2018 9A0HQ         599 HRS    DL6NDW        599 28    
QSO: 21018 CW 2026-07-11 2018 9A0HQ         599 HRS    PA5N          599 27    
QSO: 21031 CW 2026-07-11 2019 9A0HQ         599 HRS    K1WAT         599 08    
QSO: 21020 CW 2026-07-11 2020 9A0HQ         599 HRS    OK2PVF        599 28    
QSO: 21031 CW 2026-07-11 2020 9A0HQ         599 HRS    IU2UCH        599 28    
QSO: 21027 CW 2026-07-11 2020 9A0HQ         599 HRS    SP5AUC        599 28    
QSO: 21031 CW 2026-07-11 2022 9A0HQ         599 HRS    W3TAS         599 08    
QSO: 21004 CW 2026-07-11 2022 9A0HQ         599 HRS    PP5KP         599 15    
QSO: 21031 CW 2026-07-11 2022 9A0HQ         599 HRS    F4HUW         599 27    
QSO: 21031 CW 2026-07-11 2023 9A0HQ         599 HRS    K6NR          599 06    
QSO: 21026 CW 2026-07-11 2023 9A0HQ         599 HRS    II1X          599 28    
QSO: 21031 CW 2026-07-11 2024 9A0HQ         599 HRS    DJ8WR         599 28    
QSO: 21031 CW 2026-07-11 2025 9A0HQ         599 HRS    EI6KW         599 27    
QSO: 21031 CW 2026-07-11 2026 9A0HQ         599 HRS    KC5DCT        599 07    
QSO: 21031 CW 2026-07-11 2026 9A0HQ         599 HRS    IK1JJM        599 28    
QSO: 21031 CW 2026-07-11 2027 9A0HQ         599 HRS    DJ0MEK        599 28    
QSO: 21031 CW 2026-07-11 2028 9A0HQ         599 HRS    W8HCG         599 08    
QSO: 21031 CW 2026-07-11 2028 9A0HQ         599 HRS    NB1U          599 08    
QSO: 21031 CW 2026-07-11 2029 9A0HQ         599 HRS    K7GM          599 08    
QSO: 21031 CW 2026-07-11 2029 9A0HQ         599 HRS    KG5WAW        599 07    
QSO: 21031 CW 2026-07-11 2031 9A0HQ         599 HRS    DF4IAR        599 28    
QSO: 21031 CW 2026-07-11 2031 9A0HQ         599 HRS    WA8ZBT        599 07    
QSO: 21031 CW 2026-07-11 2032 9A0HQ         599 HRS    N3KI          599 08    
QSO: 21031 CW 2026-07-11 2032 9A0HQ         599 HRS    DK1FY         599 28    
QSO: 21031 CW 2026-07-11 2034 9A0HQ         599 HRS    W2WC          599 08    
QSO: 21031 CW 2026-07-11 2034 9A0HQ         599 HRS    SQ6ABC        599 28    
QSO: 21031 CW 2026-07-11 2035 9A0HQ         599 HRS    WS7L          599 06    
QSO: 21031 CW 2026-07-11 2035 9A0HQ         599 HRS    K3TN          599 08    
QSO: 21031 CW 2026-07-11 2035 9A0HQ         599 HRS    DL5NEN        599 28    
QSO: 21031 CW 2026-07-11 2036 9A0HQ         599 HRS    S52WD         599 28    
QSO: 21034 CW 2026-07-11 2037 9A0HQ         599 HRS    LU9GBR        599 14    
QSO: 21031 CW 2026-07-11 2037 9A0HQ         599 HRS    DM1PIO        599 28    
QSO: 21031 CW 2026-07-11 2038 9A0HQ         599 HRS    K3YDX         599 08    
QSO: 21031 CW 2026-07-11 2039 9A0HQ         599 HRS    N1WR          599 08    
QSO: 21039 CW 2026-07-11 2039 9A0HQ         599 HRS    PY1NSC        599 15    
QSO: 21031 CW 2026-07-11 2039 9A0HQ         599 HRS    W1GQ          597 07    
QSO: 21031 CW 2026-07-11 2039 9A0HQ         599 HRS    DL1WF         599 28    
QSO: 21051 CW 2026-07-11 2041 9A0HQ         599 HRS    HH2K          599 11    
QSO: 21031 CW 2026-07-11 2042 9A0HQ         599 HRS    MM2T          599 27    
QSO: 21031 CW 2026-07-11 2042 9A0HQ         599 HRS    WA2NYY        599 08    
QSO: 21049 CW 2026-07-11 2042 9A0HQ         599 HRS    PR2BW         599 15    
QSO: 21031 CW 2026-07-11 2043 9A0HQ         599 HRS    VE3JM         599 04    
QSO: 21031 CW 2026-07-11 2043 9A0HQ         599 HRS    SP8SW         599 28    
QSO: 21010 CW 2026-07-11 2043 9A0HQ         599 HRS    DA1DX         599 28    
QSO: 21031 CW 2026-07-11 2043 9A0HQ         599 HRS    DG6MDG        599 28    
QSO: 21011 CW 2026-07-11 2044 9A0HQ         599 HRS    DD2ML         599 28    
QSO: 21031 CW 2026-07-11 2045 9A0HQ         599 HRS    W9VQ          599 08    
QSO: 21031 CW 2026-07-11 2046 9A0HQ         599 HRS    SP5CNA        599 28    
QSO: 21031 CW 2026-07-11 2047 9A0HQ         599 HRS    KC3MX         599 08    
QSO: 21031 CW 2026-07-11 2049 9A0HQ         599 HRS    K4WO          599 08    
QSO: 21031 CW 2026-07-11 2050 9A0HQ         599 HRS    DK7XX         599 28    
QSO: 21031 CW 2026-07-11 2050 9A0HQ         599 HRS    NK9G          599 08    
QSO: 21007 CW 2026-07-11 2053 9A0HQ         599 HRS    HB0HQ         599 AFVL  
QSO: 21031 CW 2026-07-11 2056 9A0HQ         599 HRS    HB9CMW        599 28    
QSO: 21031 CW 2026-07-11 2056 9A0HQ         599 HRS    SP2HMY        599 28    
QSO: 21031 CW 2026-07-11 2057 9A0HQ         599 HRS    K8FC          599 08    
QSO: 21031 CW 2026-07-11 2058 9A0HQ         599 HRS    DF6DOM        599 28    
QSO: 21031 CW 2026-07-11 2059 9A0HQ         599 HRS    GM4M          599 27    
QSO: 21031 CW 2026-07-11 2059 9A0HQ         599 HRS    AA6MU         599 06    
QSO: 21031 CW 2026-07-11 2100 9A0HQ         599 HRS    ND9M          599 07    
QSO: 21031 CW 2026-07-11 2101 9A0HQ         599 HRS    NW6P          599 06    
QSO: 21031 CW 2026-07-11 2101 9A0HQ         599 HRS    G4AAV         599 27    
QSO: 21031 CW 2026-07-11 2102 9A0HQ         599 HRS    N4GO          599 08    
QSO: 21031 CW 2026-07-11 2103 9A0HQ         599 HRS    DK3PM         599 28    
QSO: 21031 CW 2026-07-11 2104 9A0HQ         599 HRS    K1MC          599 08    
QSO: 21031 CW 2026-07-11 2104 9A0HQ         599 HRS    DL9GHT        599 28    
QSO: 21031 CW 2026-07-11 2105 9A0HQ         599 HRS    SP2QCW        599 28    
QSO: 21031 CW 2026-07-11 2106 9A0HQ         599 HRS    K9MA          599 08    
QSO: 21031 CW 2026-07-11 2107 9A0HQ         599 HRS    IT9MRM        599 28    
QSO: 21009 CW 2026-07-11 2108 9A0HQ         599 HRS    M1AW          599 ARRL  
QSO: 21031 CW 2026-07-11 2108 9A0HQ         599 HRS    F4VXC         599 27    
QSO: 21031 CW 2026-07-11 2110 9A0HQ         599 HRS    N4OA          599 08    
QSO: 21012 CW 2026-07-11 2110 9A0HQ         599 HRS    XQ3SK         599 14    
QSO: 21031 CW 2026-07-11 2111 9A0HQ         599 HRS    WD9CIR        599 08    
QSO: 21031 CW 2026-07-11 2112 9A0HQ         599 HRS    K0ZX          599 07    
QSO: 21031 CW 2026-07-11 2113 9A0HQ         599 HRS    W0ADX         599 07    
QSO: 21041 CW 2026-07-11 2113 9A0HQ         599 HRS    EA8BQM        599 36    
QSO: 21015 CW 2026-07-11 2114 9A0HQ         599 HRS    K3OO          599 08    
QSO: 21031 CW 2026-07-11 2117 9A0HQ         599 HRS    VE3AQ         599 04    
QSO: 21048 CW 2026-07-11 2117 9A0HQ         599 HRS    OK1RT         599 28    
QSO: 21031 CW 2026-07-11 2117 9A0HQ         599 HRS    AD3V          599 08    
QSO: 21031 CW 2026-07-11 2117 9A0HQ         599 HRS    N0KGF         599 07    
QSO: 21031 CW 2026-07-11 2118 9A0HQ         599 HRS    WU4B          599 08    
QSO: 21031 CW 2026-07-11 2118 9A0HQ         599 HRS    W3KN          599 08    
QSO: 21031 CW 2026-07-11 2119 9A0HQ         599 HRS    KT4XA         599 08    
QSO: 21031 CW 2026-07-11 2120 9A0HQ         599 HRS    WM3PEN        599 08    
QSO: 21031 CW 2026-07-11 2120 9A0HQ         599 HRS    W9YK          599 08    
QSO: 21031 CW 2026-07-11 2121 9A0HQ         599 HRS    N0KK          599 07    
QSO: 21031 CW 2026-07-11 2122 9A0HQ         599 HRS    W6LFB         599 07    
QSO: 21031 CW 2026-07-11 2122 9A0HQ         599 HRS    K6EI          599 06    
QSO: 21031 CW 2026-07-11 2123 9A0HQ         599 HRS    VA7DXX        599 02    
QSO: 21031 CW 2026-07-11 2123 9A0HQ         599 HRS    K8GB          599 08    
QSO: 21031 CW 2026-07-11 2124 9A0HQ         599 HRS    N4LSJ         599 08    
QSO: 21031 CW 2026-07-11 2124 9A0HQ         599 HRS    DF8TY         599 28    
QSO: 21005 CW 2026-07-11 2125 9A0HQ         599 HRS    MB3S          599 27    
QSO: 21031 CW 2026-07-11 2125 9A0HQ         599 HRS    W1QK          599 08    
QSO: 21031 CW 2026-07-11 2125 9A0HQ         599 HRS    RA6SA         599 29    
QSO: 21031 CW 2026-07-11 2127 9A0HQ         599 HRS    DF7EF         599 28    
QSO: 21022 CW 2026-07-11 2127 9A0HQ         599 HRS    N2DGQ         599 08    
QSO: 21031 CW 2026-07-11 2130 9A0HQ         599 HRS    K5QQ          599 07    
QSO: 21031 CW 2026-07-11 2131 9A0HQ         599 HRS    N4TZ          599 08    
QSO: 21031 CW 2026-07-11 2132 9A0HQ         599 HRS    G3PPR         599 27    
QSO: 21031 CW 2026-07-11 2132 9A0HQ         599 HRS    NY3A          599 08    
QSO: 21031 CW 2026-07-11 2132 9A0HQ         599 HRS    W1WCC         599 08    
QSO: 21031 CW 2026-07-11 2133 9A0HQ         599 HRS    KG3V          599 08    
QSO: 21031 CW 2026-07-11 2133 9A0HQ         599 HRS    N2MA          599 08    
QSO: 21031 CW 2026-07-11 2134 9A0HQ         599 HRS    K5QEA         599 07    
QSO: 21031 CW 2026-07-11 2134 9A0HQ         599 HRS    IK2JBY        599 28    
QSO: 21031 CW 2026-07-11 2135 9A0HQ         599 HRS    N5KD          599 07    
QSO: 21031 CW 2026-07-11 2135 9A0HQ         599 HRS    W8XAL         599 07    
QSO: 21031 CW 2026-07-11 2136 9A0HQ         599 HRS    W6FB          599 07    
QSO: 21023 CW 2026-07-11 2136 9A0HQ         599 HRS    KW9A          599 07    
QSO: 21031 CW 2026-07-11 2136 9A0HQ         599 HRS    K4FOC         599 08    
QSO: 21031 CW 2026-07-11 2137 9A0HQ         599 HRS    VE7BC         599 02    
QSO: 21027 CW 2026-07-11 2137 9A0HQ         599 HRS    VE7BC         599 002   
QSO: 21031 CW 2026-07-11 2139 9A0HQ         599 HRS    KB4CG         599 08    
QSO: 21031 CW 2026-07-11 2140 9A0HQ         599 HRS    K6RO          599 07    
QSO: 21031 CW 2026-07-11 2142 9A0HQ         599 HRS    WB8MIW        599 08    
QSO: 21031 CW 2026-07-11 2143 9A0HQ         599 HRS    OK6GM         599 28    
QSO: 21031 CW 2026-07-11 2143 9A0HQ         599 HRS    K3GW          599 08    
QSO: 21031 CW 2026-07-11 2150 9A0HQ         599 HRS    K7CS          599 08    
QSO: 21047 CW 2026-07-11 2150 9A0HQ         599 HRS    OA4O          599 RCP   
QSO: 21031 CW 2026-07-11 2151 9A0HQ         599 HRS    4Z4DX         599 39    
QSO: 21021 CW 2026-07-11 2152 9A0HQ         599 HRS    VL4D          599 55    
QSO: 21022 CW 2026-07-11 2153 9A0HQ         599 HRS    VK9DX         599 60    
QSO: 21031 CW 2026-07-11 2159 9A0HQ         599 HRS    KF4AV         599 08    
QSO: 21031 CW 2026-07-11 2159 9A0HQ         599 HRS    WA7AA         599 06    
QSO: 21028 CW 2026-07-11 2204 9A0HQ         599 HRS    WJ9B          599 06    
QSO: 21031 CW 2026-07-11 2209 9A0HQ         599 HRS    KA3JNN        599 08    
QSO: 21031 CW 2026-07-11 2212 9A0HQ         599 HRS    W4GD          599 08    
QSO: 21031 CW 2026-07-11 2214 9A0HQ         599 HRS    K1ZE          599 08    
QSO: 21031 CW 2026-07-11 2220 9A0HQ         599 HRS    AA1K          599 08    
QSO: 21041 CW 2026-07-11 2238 9A0HQ         599 HRS    S58W          599 28    
QSO: 21031 CW 2026-07-11 2243 9A0HQ         599 HRS    VE3MM         599 04    
QSO: 21031 CW 2026-07-11 2243 9A0HQ         599 HRS    K0VW          599 07    
QSO: 21031 CW 2026-07-11 2248 9A0HQ         599 HRS    N0BF          599 07    
QSO: 21031 CW 2026-07-11 2249 9A0HQ         599 HRS    WY3A          599 08    
QSO: 21031 CW 2026-07-11 2250 9A0HQ         599 HRS    WA3SXX        599 08    
QSO: 21031 CW 2026-07-11 2250 9A0HQ         599 HRS    K0SM          599 08    
QSO: 21031 CW 2026-07-11 2253 9A0HQ         599 HRS    HK4KM         599 12    
QSO: 21031 CW 2026-07-11 2254 9A0HQ         599 HRS    KA2KQP        599 08    
QSO: 21026 CW 2026-07-11 2256 9A0HQ         599 HRS    VL2G          599 59    
QSO: 21017 CW 2026-07-11 2259 9A0HQ         599 HRS    9A9R          599 28    
QSO: 21031 CW 2026-07-11 2303 9A0HQ         599 HRS    WB4UBK        599 08    
QSO: 21031 CW 2026-07-11 2304 9A0HQ         599 HRS    AA1SU         599 08    
QSO: 21031 CW 2026-07-11 2305 9A0HQ         599 HRS    W1JQ          599 08    
QSO: 21016 CW 2026-07-11 2312 9A0HQ         599 HRS    YV5KG         599 12    
QSO: 21031 CW 2026-07-11 2313 9A0HQ         599 HRS    K4BSK         599 08    
QSO: 21031 CW 2026-07-11 2314 9A0HQ         599 HRS    W1NN          599 08    
QSO: 21031 CW 2026-07-11 2314 9A0HQ         599 HRS    N4IU          599 08    
QSO: 21031 CW 2026-07-11 2329 9A0HQ         599 HRS    VK3VB         599 59    
QSO: 21031 CW 2026-07-11 2331 9A0HQ         599 HRS    N2CU          599 08    
QSO: 21031 CW 2026-07-11 2332 9A0HQ         599 HRS    NN5T          599 07    
QSO: 21031 CW 2026-07-11 2333 9A0HQ         599 HRS    KW8N          599 08    
QSO: 21031 CW 2026-07-11 2334 9A0HQ         599 HRS    KP4CC         599 11    
QSO: 21031 CW 2026-07-11 2337 9A0HQ         599 HRS    VJ3U          599 59    
QSO: 21031 CW 2026-07-11 2337 9A0HQ         599 HRS    WB2BAU        599 08    
QSO: 21037 CW 2026-07-11 2344 9A0HQ         599 HRS    VJ3A          599 59    
QSO: 21031 CW 2026-07-11 2347 9A0HQ         599 HRS    W0XM          599 07    
QSO: 21031 CW 2026-07-11 2348 9A0HQ         599 HRS    NJ8J          599 08    
QSO: 21031 CW 2026-07-11 2349 9A0HQ         599 HRS    N9GXA         599 08    
QSO: 21016 CW 2026-07-12 0001 9A0HQ         599 HRS    VK2PN         599 59    
QSO: 21031 CW 2026-07-12 0030 9A0HQ         599 HRS    VA3UX         599 04    
QSO: 21031 CW 2026-07-12 0031 9A0HQ         599 HRS    K2IZ          599 08    
QSO: 21031 CW 2026-07-12 0032 9A0HQ         599 HRS    WT3K          599 08    
QSO: 21021 CW 2026-07-12 0050 9A0HQ         599 HRS    VL3E          599 59    
QSO: 21031 CW 2026-07-12 0053 9A0HQ         599 HRS    AA4BQ         599 08    
QSO: 21031 CW 2026-07-12 0053 9A0HQ         599 HRS    LY3DA         599 29    
QSO: 21031 CW 2026-07-12 0054 9A0HQ         599 HRS    WA8CLT        599 08    
QSO: 21031 CW 2026-07-12 0054 9A0HQ         599 HRS    AE5GT         599 07    
QSO: 21031 CW 2026-07-12 0055 9A0HQ         599 HRS    KF2N          599 08    
QSO: 21010 CW 2026-07-12 0121 9A0HQ         599 HRS    9A3GA         599 28    
QSO: 21004 CW 2026-07-12 0252 9A0HQ         599 HRS    DX0HQ         599 PARA  
QSO: 21031 CW 2026-07-12 0257 9A0HQ         599 HRS    VU2DED        599 41    
QSO: 21031 CW 2026-07-12 0312 9A0HQ         599 HRS    BI4RBD        599 44    
QSO: 21031 CW 2026-07-12 0314 9A0HQ         599 HRS    BY7SH         599 44    
QSO: 21031 CW 2026-07-12 0316 9A0HQ         599 HRS    BA4III        599 44    
QSO: 21031 CW 2026-07-12 0316 9A0HQ         599 HRS    BA4SUA        599 44    
QSO: 21031 CW 2026-07-12 0317 9A0HQ         599 HRS    ZL4TE         599 60    
QSO: 21031 CW 2026-07-12 0318 9A0HQ         599 HRS    BH5UXB        599 44    
QSO: 21031 CW 2026-07-12 0319 9A0HQ         599 HRS    BA4IHB        599 44    
QSO: 21031 CW 2026-07-12 0319 9A0HQ         599 HRS    BA4SQI        599 44    
QSO: 21020 CW 2026-07-12 0322 9A0HQ         599 HRS    HL2BQG        599 44    
QSO: 21031 CW 2026-07-12 0325 9A0HQ         599 HRS    BI4AVZ        599 44    
QSO: 21031 CW 2026-07-12 0326 9A0HQ         599 HRS    BG9JPH        599 43    
QSO: 21031 CW 2026-07-12 0326 9A0HQ         599 HRS    BA3TM         599 44    
QSO: 21031 CW 2026-07-12 0327 9A0HQ         599 HRS    BH1IZQ        599 44    
QSO: 21031 CW 2026-07-12 0328 9A0HQ         599 HRS    BH3OQQ        599 44    
QSO: 21031 CW 2026-07-12 0328 9A0HQ         599 HRS    R7TD          599 29    
QSO: 21031 CW 2026-07-12 0329 9A0HQ         599 HRS    BG1HGS        599 44    
QSO: 21031 CW 2026-07-12 0329 9A0HQ         599 HRS    VR2HK         599 44    
QSO: 21031 CW 2026-07-12 0330 9A0HQ         599 HRS    BG1WNU        599 44    
QSO: 21031 CW 2026-07-12 0331 9A0HQ         599 HRS    UN7LAN        599 30    
QSO: 21031 CW 2026-07-12 0332 9A0HQ         599 HRS    BG6QAL        599 44    
QSO: 21031 CW 2026-07-12 0334 9A0HQ         599 HRS    BD3QT         599 44    
QSO: 21031 CW 2026-07-12 0335 9A0HQ         599 HRS    BD8FBI        599 43    
QSO: 21019 CW 2026-07-12 0337 9A0HQ         599 HRS    VR2VRC        599 44    
QSO: 21031 CW 2026-07-12 0338 9A0HQ         599 HRS    BD4OJ         599 44    
QSO: 21031 CW 2026-07-12 0339 9A0HQ         599 HRS    JH4UYB        599 45    
QSO: 21031 CW 2026-07-12 0340 9A0HQ         599 HRS    BG5KV         599 44    
QSO: 21031 CW 2026-07-12 0340 9A0HQ         599 HRS    BI1TMQ        599 44    
QSO: 21031 CW 2026-07-12 0341 9A0HQ         599 HRS    BH3SPX        599 44    
QSO: 21031 CW 2026-07-12 0342 9A0HQ         599 HRS    JN6FRH        599 45    
QSO: 21025 CW 2026-07-12 0343 9A0HQ         599 HRS    BH2XBV        599 44    
QSO: 21029 CW 2026-07-12 0343 9A0HQ         599 HRS    JA6GCE        599 45    
QSO: 21037 CW 2026-07-12 0344 9A0HQ         599 HRS    BD3TE         599 44    
QSO: 21031 CW 2026-07-12 0345 9A0HQ         599 HRS    HS0ZNV        599 49    
QSO: 21031 CW 2026-07-12 0346 9A0HQ         599 HRS    EW3LN         599 29    
QSO: 21031 CW 2026-07-12 0408 9A0HQ         599 HRS    R7TW          599 29    
QSO: 21031 CW 2026-07-12 0410 9A0HQ         599 HRS    RD6AM         599 29    
QSO: 21031 CW 2026-07-12 0411 9A0HQ         599 HRS    R7AT          599 29    
QSO: 21031 CW 2026-07-12 0412 9A0HQ         599 HRS    DU9ARR        599 50    
QSO: 21031 CW 2026-07-12 0415 9A0HQ         599 HRS    VU2ZMK        599 41    
QSO: 21031 CW 2026-07-12 0417 9A0HQ         599 HRS    UA6YH         599 29    
QSO: 21031 CW 2026-07-12 0418 9A0HQ         599 HRS    YU5A          599 28    
QSO: 21028 CW 2026-07-12 0419 9A0HQ         599 HRS    9A3GA         599 28    
QSO: 21031 CW 2026-07-12 0422 9A0HQ         599 HRS    UC4L          599 29    
QSO: 21031 CW 2026-07-12 0427 9A0HQ         599 HRS    BA3KY         599 43    
QSO: 21031 CW 2026-07-12 0428 9A0HQ         599 HRS    VU27MJ        599 41    
QSO: 21021 CW 2026-07-12 0429 9A0HQ         599 HRS    UA0D          599 33    
QSO: 21031 CW 2026-07-12 0432 9A0HQ         599 HRS    JG3KIV        599 45    
QSO: 21031 CW 2026-07-12 0436 9A0HQ         599 HRS    UW7ET         599 29    
QSO: 21033 CW 2026-07-12 0443 9A0HQ         599 HRS    RA0R          599 32    
QSO: 21030 CW 2026-07-12 0443 9A0HQ         599 HRS    JA7NVF        599 45    
QSO: 21013 CW 2026-07-12 0445 9A0HQ         599 HRS    UA9MA         599 30    
QSO: 21036 CW 2026-07-12 0446 9A0HQ         599 HRS    R4GM          599 29    
QSO: 21017 CW 2026-07-12 0523 9A0HQ         599 HRS    UN7CN         599 30    
QSO: 21017 CW 2026-07-12 0524 9A0HQ         599 HRS    RC9T          599 30    
QSO: 21021 CW 2026-07-12 0525 9A0HQ         599 HRS    RU9AC         599 30    
QSO: 21025 CW 2026-07-12 0525 9A0HQ         599 HRS    UD8A          599 30    
QSO: 21010 CW 2026-07-12 0528 9A0HQ         599 HRS    YL3FT         599 29    
QSO: 21031 CW 2026-07-12 0530 9A0HQ         599 HRS    UO2L          599 30    
QSO: 21031 CW 2026-07-12 0531 9A0HQ         599 HRS    R4BD          599 29    
QSO: 21031 CW 2026-07-12 0531 9A0HQ         599 HRS    RA9AP         599 30    
QSO: 21031 CW 2026-07-12 0531 9A0HQ         599 HRS    R7FO          599 29    
QSO: 21031 CW 2026-07-12 0532 9A0HQ         599 HRS    JR6RMV        599 45    
QSO: 21031 CW 2026-07-12 0534 9A0HQ         599 HRS    YL1ZX         599 29    
QSO: 21031 CW 2026-07-12 0535 9A0HQ         599 HRS    JG6JAV        599 45    
QSO: 21030 CW 2026-07-12 0536 9A0HQ         599 HRS    JJ1QLT        599 45    
QSO: 21030 CW 2026-07-12 0537 9A0HQ         599 HRS    UX1CL         599 29    
QSO: 21030 CW 2026-07-12 0538 9A0HQ         599 HRS    JA3XOG        599 45    
QSO: 21030 CW 2026-07-12 0538 9A0HQ         599 HRS    RV9CVA        599 30    
QSO: 21030 CW 2026-07-12 0538 9A0HQ         599 HRS    EX0DX         599 30    
QSO: 21030 CW 2026-07-12 0539 9A0HQ         599 HRS    UA3R          599 29    
QSO: 21030 CW 2026-07-12 0539 9A0HQ         599 HRS    UZ0U          599 29    
QSO: 21030 CW 2026-07-12 0539 9A0HQ         599 HRS    JQ3ALW        599 45    
QSO: 21030 CW 2026-07-12 0540 9A0HQ         599 HRS    RC0L          599 34    
QSO: 21030 CW 2026-07-12 0541 9A0HQ         599 HRS    JI1BBN        599 45    
QSO: 21030 CW 2026-07-12 0542 9A0HQ         599 HRS    JG1LFR        599 45    
QSO: 21030 CW 2026-07-12 0543 9A0HQ         599 HRS    RA4AG         599 29    
QSO: 21030 CW 2026-07-12 0543 9A0HQ         599 HRS    JM7SKE        599 45    
QSO: 21030 CW 2026-07-12 0544 9A0HQ         599 HRS    UA0SDX        599 32    
QSO: 21030 CW 2026-07-12 0545 9A0HQ         599 HRS    RQ9O          599 31    
QSO: 21030 CW 2026-07-12 0545 9A0HQ         599 HRS    R4PH          599 30    
QSO: 21004 CW 2026-07-12 0546 9A0HQ         599 HRS    VK6T          599 58    
QSO: 21018 CW 2026-07-12 0549 9A0HQ         599 HRS    RM0A          599 32    
QSO: 21020 CW 2026-07-12 0550 9A0HQ         599 HRS    R2QA          599 29    
QSO: 21020 CW 2026-07-12 0550 9A0HQ         599 HRS    RY6Y          599 29    
QSO: 21034 CW 2026-07-12 0551 9A0HQ         599 HRS    HL0HQ         599 KARL  
QSO: 21035 CW 2026-07-12 0552 9A0HQ         599 HRS    UN1HQ         599 KFRR  
QSO: 21024 CW 2026-07-12 0554 9A0HQ         599 HRS    RN4AO         599 29    
QSO: 21021 CW 2026-07-12 0554 9A0HQ         599 HRS    RZ9L          599 30    
QSO: 21019 CW 2026-07-12 0554 9A0HQ         599 HRS    DS4EOI        599 44    
QSO: 21028 CW 2026-07-12 0555 9A0HQ         599 HRS    BA3OM         599 44    
QSO: 21005 CW 2026-07-12 0556 9A0HQ         599 HRS    JF3BFS        599 45    
QSO: 21047 CW 2026-07-12 0556 9A0HQ         599 HRS    JJ1LBJ        599 45    
QSO: 21031 CW 2026-07-12 0558 9A0HQ         599 HRS    YL2BJ         599 29    
QSO: 21031 CW 2026-07-12 0559 9A0HQ         599 HRS    HL1VAU        599 44    
QSO: 21031 CW 2026-07-12 0600 9A0HQ         599 HRS    UW5IM         599 29    
QSO: 21031 CW 2026-07-12 0600 9A0HQ         599 HRS    JN1GFR        599 45    
QSO: 21031 CW 2026-07-12 0601 9A0HQ         599 HRS    VK6K          599 58    
QSO: 21031 CW 2026-07-12 0601 9A0HQ         599 HRS    OG5O          599 18    
QSO: 21031 CW 2026-07-12 0602 9A0HQ         599 HRS    RG3R          599 29    
QSO: 21031 CW 2026-07-12 0603 9A0HQ         599 HRS    UY5QJ         599 29    
QSO: 21031 CW 2026-07-12 0604 9A0HQ         599 HRS    JA4VNE        599 45    
QSO: 21031 CW 2026-07-12 0605 9A0HQ         599 HRS    JG2NXV        599 45    
QSO: 21031 CW 2026-07-12 0606 9A0HQ         599 HRS    HL1IWD        599 44    
QSO: 21031 CW 2026-07-12 0607 9A0HQ         599 HRS    BI3XGJ        599 44    
QSO: 21031 CW 2026-07-12 0608 9A0HQ         599 HRS    LZ1QN         599 28    
QSO: 21012 CW 2026-07-12 0608 9A0HQ         599 HRS    RT0O          599 32    
QSO: 21032 CW 2026-07-12 0608 9A0HQ         599 HRS    RZ0AT         599 32    
QSO: 21023 CW 2026-07-12 0609 9A0HQ         599 HRS    UC0B          599 32    
QSO: 21053 CW 2026-07-12 0610 9A0HQ         599 HRS    7K1CPT        599 45    
QSO: 21049 CW 2026-07-12 0613 9A0HQ         599 HRS    JH7XMO        599 45    
QSO: 21031 CW 2026-07-12 0614 9A0HQ         599 HRS    JA2PFO        599 45    
QSO: 21031 CW 2026-07-12 0614 9A0HQ         599 HRS    UT7AXA        599 29    
QSO: 21050 CW 2026-07-12 0615 9A0HQ         599 HRS    RV4F          599 29    
QSO: 21031 CW 2026-07-12 0615 9A0HQ         599 HRS    RC1W          599 29    
QSO: 21056 CW 2026-07-12 0616 9A0HQ         599 HRS    JA0FVU        599 45    
QSO: 21058 CW 2026-07-12 0616 9A0HQ         599 HRS    R4DI          599 29    
QSO: 21031 CW 2026-07-12 0618 9A0HQ         599 HRS    UA3X          599 29    
QSO: 21031 CW 2026-07-12 0618 9A0HQ         599 HRS    RK6O          599 29    
QSO: 21031 CW 2026-07-12 0619 9A0HQ         599 HRS    EU8R          599 29    
QSO: 21012 CW 2026-07-12 0620 9A0HQ         599 HRS    YT6X          599 28    
QSO: 21046 CW 2026-07-12 0620 9A0HQ         599 HRS    JE2UFF        599 45    
QSO: 21049 CW 2026-07-12 0621 9A0HQ         599 HRS    JE5HTN        599 45    
QSO: 21031 CW 2026-07-12 0621 9A0HQ         599 HRS    RU0A          599 32    
QSO: 21031 CW 2026-07-12 0623 9A0HQ         599 HRS    BD4VNB        599 44    
QSO: 21040 CW 2026-07-12 0624 9A0HQ         599 HRS    JA8RUZ        599 45    
QSO: 21031 CW 2026-07-12 0624 9A0HQ         599 HRS    JH1WFS        599 45    
QSO: 21031 CW 2026-07-12 0624 9A0HQ         599 HRS    DS5DNO        599 44    
QSO: 21031 CW 2026-07-12 0625 9A0HQ         599 HRS    RA4C          599 29    
QSO: 21031 CW 2026-07-12 0625 9A0HQ         599 HRS    E21AOY        599 49    
QSO: 21031 CW 2026-07-12 0626 9A0HQ         599 HRS    YO4CSL        599 28    
QSO: 21045 CW 2026-07-12 0627 9A0HQ         599 HRS    JG6OZC        599 45    
QSO: 21031 CW 2026-07-12 0629 9A0HQ         599 HRS    BD4WQZ        599 44    
QSO: 21031 CW 2026-07-12 0629 9A0HQ         599 HRS    UI3F          599 29    
QSO: 21031 CW 2026-07-12 0630 9A0HQ         599 HRS    RV6LN         599 29    
QSO: 21031 CW 2026-07-12 0631 9A0HQ         599 HRS    RA9MX         599 30    
QSO: 21031 CW 2026-07-12 0631 9A0HQ         599 HRS    R0RG          599 32    
QSO: 21010 CW 2026-07-12 0632 9A0HQ         599 HRS    R8CJ          599 30    
QSO: 21031 CW 2026-07-12 0633 9A0HQ         599 HRS    YO6BLU        599 28    
QSO: 21031 CW 2026-07-12 0633 9A0HQ         599 HRS    EW8G          599 29    
QSO: 21031 CW 2026-07-12 0633 9A0HQ         599 HRS    RT9YA         599 31    
QSO: 21031 CW 2026-07-12 0635 9A0HQ         599 HRS    UN7FW         599 31    
QSO: 21031 CW 2026-07-12 0636 9A0HQ         599 HRS    JF1TEU        599 45    
QSO: 21031 CW 2026-07-12 0636 9A0HQ         599 HRS    RX7K          599 29    
QSO: 21031 CW 2026-07-12 0637 9A0HQ         599 HRS    US3EW         599 29    
QSO: 21056 CW 2026-07-12 0638 9A0HQ         599 HRS    UT5ECZ        599 29    
QSO: 21026 CW 2026-07-12 0639 9A0HQ         599 HRS    DS2JJV        599 44    
QSO: 21031 CW 2026-07-12 0639 9A0HQ         599 HRS    UT8AS         599 29    
QSO: 21031 CW 2026-07-12 0640 9A0HQ         599 HRS    YO3GCL        599 28    
QSO: 21043 CW 2026-07-12 0640 9A0HQ         599 HRS    JI1RXQ        599 45    
QSO: 21031 CW 2026-07-12 0641 9A0HQ         599 HRS    ES3AMO        599 29    
QSO: 21031 CW 2026-07-12 0642 9A0HQ         599 HRS    UT5UIA        599 29    
QSO: 21009 CW 2026-07-12 0643 9A0HQ         599 HRS    YO8TTT        599 28    
QSO: 21031 CW 2026-07-12 0643 9A0HQ         599 HRS    EI3MR         599 27    
QSO: 21031 CW 2026-07-12 0644 9A0HQ         599 HRS    R3OM          599 29    
QSO: 21031 CW 2026-07-12 0644 9A0HQ         599 HRS    UR5TFT        599 29    
QSO: 21031 CW 2026-07-12 0645 9A0HQ         599 HRS    YO3AK         599 28    
QSO: 21046 CW 2026-07-12 0645 9A0HQ         599 HRS    4X1VF         599 39    
QSO: 21031 CW 2026-07-12 0646 9A0HQ         599 HRS    YU1A          599 28    
QSO: 21049 CW 2026-07-12 0646 9A0HQ         599 HRS    BI8FRF        599 43    
QSO: 21031 CW 2026-07-12 0648 9A0HQ         599 HRS    YO6SSW        599 27    
QSO: 21025 CW 2026-07-12 0649 9A0HQ         599 HRS    R7AM          599 29    
QSO: 21031 CW 2026-07-12 0649 9A0HQ         599 HRS    ZS1C          599 57    
QSO: 21051 CW 2026-07-12 0650 9A0HQ         599 HRS    IO8O          599 28    
QSO: 21031 CW 2026-07-12 0650 9A0HQ         599 HRS    JK1HIY        599 45    
QSO: 21031 CW 2026-07-12 0651 9A0HQ         599 HRS    4Z4KX         599 39    
QSO: 21031 CW 2026-07-12 0652 9A0HQ         599 HRS    RM5F          599 29    
QSO: 21031 CW 2026-07-12 0652 9A0HQ         599 HRS    SP2GMA        599 28    
QSO: 21028 CW 2026-07-12 0652 9A0HQ         599 HRS    R5QQ          599 29    
QSO: 21031 CW 2026-07-12 0653 9A0HQ         599 HRS    UT2UB         599 29    
QSO: 21031 CW 2026-07-12 0653 9A0HQ         599 HRS    RX3AEX        599 29    
QSO: 21031 CW 2026-07-12 0653 9A0HQ         599 HRS    BH3AGU        599 44    
QSO: 21049 CW 2026-07-12 0654 9A0HQ         599 HRS    R4WCN         599 30    
QSO: 21049 CW 2026-07-12 0654 9A0HQ         599 HRS    I1NVU         599 28    
QSO: 21007 CW 2026-07-12 0655 9A0HQ         599 HRS    DR6C          599 28    
QSO: 21031 CW 2026-07-12 0655 9A0HQ         599 HRS    BH4FRW        599 44    
QSO: 21031 CW 2026-07-12 0656 9A0HQ         599 HRS    RK8I          599 31    
QSO: 21031 CW 2026-07-12 0657 9A0HQ         599 HRS    BD1IIJ        599 44    
QSO: 21031 CW 2026-07-12 0658 9A0HQ         599 HRS    YB8IEL        599 54    
QSO: 21031 CW 2026-07-12 0658 9A0HQ         599 HRS    R7MP          599 29    
QSO: 21036 CW 2026-07-12 0659 9A0HQ         599 HRS    R8LA          599 30    
QSO: 21019 CW 2026-07-12 0700 9A0HQ         599 HRS    R4WDX         599 30    
QSO: 21031 CW 2026-07-12 0700 9A0HQ         599 HRS    YO6WAC        599 28    
QSO: 21031 CW 2026-07-12 0703 9A0HQ         599 HRS    UA9UR         599 31    
QSO: 21049 CW 2026-07-12 0703 9A0HQ         599 HRS    SV9DJO        599 28    
QSO: 21031 CW 2026-07-12 0705 9A0HQ         599 HRS    UR5EJ         599 29    
QSO: 21007 CW 2026-07-12 0705 9A0HQ         599 HRS    R4WCQ         599 30    
QSO: 21012 CW 2026-07-12 0705 9A0HQ         599 HRS    R9AB          599 30    
QSO: 21031 CW 2026-07-12 0707 9A0HQ         599 HRS    RK7X          599 29    
QSO: 21011 CW 2026-07-12 0712 9A0HQ         599 HRS    YP0K          599 28    
QSO: 21031 CW 2026-07-12 0712 9A0HQ         599 HRS    CT1ELZ        599 37    
QSO: 21031 CW 2026-07-12 0713 9A0HQ         599 HRS    OM5MX         599 28    
QSO: 21031 CW 2026-07-12 0713 9A0HQ         599 HRS    R8LA          599 30    
QSO: 21031 CW 2026-07-12 0714 9A0HQ         599 HRS    RU0LL         599 34    
QSO: 21031 CW 2026-07-12 0714 9A0HQ         599 HRS    HA2A          599 28    
QSO: 21031 CW 2026-07-12 0715 9A0HQ         599 HRS    HA6PJ         599 28    
QSO: 21031 CW 2026-07-12 0716 9A0HQ         599 HRS    PA9M          599 27    
QSO: 21031 CW 2026-07-12 0717 9A0HQ         599 HRS    SP2JMB        599 28    
QSO: 21031 CW 2026-07-12 0718 9A0HQ         599 HRS    HG6O          599 28    
QSO: 21031 CW 2026-07-12 0718 9A0HQ         599 HRS    HA5BA         599 28    
QSO: 21031 CW 2026-07-12 0719 9A0HQ         599 HRS    BG7KO         599 44    
QSO: 21031 CW 2026-07-12 0719 9A0HQ         599 HRS    JH3AIU        599 45    
QSO: 21031 CW 2026-07-12 0721 9A0HQ         599 HRS    BI4MPH        599 44    
QSO: 21047 CW 2026-07-12 0721 9A0HQ         599 HRS    R4WA          599 30    
QSO: 21031 CW 2026-07-12 0721 9A0HQ         599 HRS    SO5O          599 28    
QSO: 21031 CW 2026-07-12 0723 9A0HQ         599 HRS    HG6C          599 28    
QSO: 21031 CW 2026-07-12 0723 9A0HQ         599 HRS    EU4E          599 29    
QSO: 21031 CW 2026-07-12 0723 9A0HQ         599 HRS    SP9EMI        599 28    
QSO: 21031 CW 2026-07-12 0724 9A0HQ         599 HRS    OE4EIE        599 28    
QSO: 21031 CW 2026-07-12 0729 9A0HQ         599 HRS    UA0SRQ        599 32    
QSO: 21031 CW 2026-07-12 0729 9A0HQ         599 HRS    SN5N          599 28    
QSO: 21031 CW 2026-07-12 0730 9A0HQ         599 HRS    SP6AXW        599 28    
QSO: 21031 CW 2026-07-12 0730 9A0HQ         599 HRS    JF1RYU        599 45    
QSO: 21031 CW 2026-07-12 0731 9A0HQ         599 HRS    OZ6PI         599 18    
QSO: 21031 CW 2026-07-12 0731 9A0HQ         599 HRS    R4LR          599 29    
QSO: 21031 CW 2026-07-12 0731 9A0HQ         599 HRS    UA0ACG        599 32    
QSO: 21031 CW 2026-07-12 0732 9A0HQ         599 HRS    SP9EMI        599 28    
QSO: 21031 CW 2026-07-12 0732 9A0HQ         599 HRS    HA3GC         599 28    
QSO: 21031 CW 2026-07-12 0732 9A0HQ         599 HRS    YO2CMI        599 28    
QSO: 21031 CW 2026-07-12 0733 9A0HQ         599 HRS    HA5E          599 28    
QSO: 21031 CW 2026-07-12 0734 9A0HQ         599 HRS    DF5AU         599 28    
QSO: 21031 CW 2026-07-12 0734 9A0HQ         599 HRS    UA4M          599 29    
QSO: 21041 CW 2026-07-12 0734 9A0HQ         599 HRS    JH1GEX        599 45    
QSO: 21031 CW 2026-07-12 0735 9A0HQ         599 HRS    JR2PMT        599 45    
QSO: 21031 CW 2026-07-12 0735 9A0HQ         599 HRS    LA7SI         599 18    
QSO: 21031 CW 2026-07-12 0736 9A0HQ         599 HRS    YO3GEK        599 28    
QSO: 21031 CW 2026-07-12 0736 9A0HQ         599 HRS    R4RM          599 30    
QSO: 21031 CW 2026-07-12 0738 9A0HQ         599 HRS    RN4SS         599 29    
QSO: 21031 CW 2026-07-12 0739 9A0HQ         599 HRS    R7TQ          599 29    
QSO: 21031 CW 2026-07-12 0740 9A0HQ         599 HRS    9A3SM         599 28    
QSO: 21031 CW 2026-07-12 0740 9A0HQ         599 HRS    PA3EVY        599 27    
QSO: 21031 CW 2026-07-12 0740 9A0HQ         599 HRS    UA7O          599 29    
QSO: 21031 CW 2026-07-12 0741 9A0HQ         599 HRS    JI4WHS        599 45    
QSO: 21031 CW 2026-07-12 0741 9A0HQ         599 HRS    LY2MC         599 29    
QSO: 21031 CW 2026-07-12 0742 9A0HQ         599 HRS    RM2U          599 29    
QSO: 21031 CW 2026-07-12 0742 9A0HQ         599 HRS    RM0F          599 34    
QSO: 21031 CW 2026-07-12 0743 9A0HQ         599 HRS    R9CX          599 30    
QSO: 21031 CW 2026-07-12 0743 9A0HQ         599 HRS    M0CVO         599 27    
QSO: 21031 CW 2026-07-12 0746 9A0HQ         599 HRS    R4BHV         599 29    
QSO: 21031 CW 2026-07-12 0746 9A0HQ         599 HRS    UA4HAZ        599 29    
QSO: 21031 CW 2026-07-12 0747 9A0HQ         599 HRS    E24ZST        599 49    
QSO: 21031 CW 2026-07-12 0748 9A0HQ         599 HRS    ZL1TM         599 60    
QSO: 21031 CW 2026-07-12 0749 9A0HQ         599 HRS    G0RIF         599 27    
QSO: 21031 CW 2026-07-12 0749 9A0HQ         599 HRS    RM9I          599 31    
QSO: 21005 CW 2026-07-12 0751 9A0HQ         599 HRS    VK4DX         599 55    
QSO: 21030 CW 2026-07-12 0751 9A0HQ         599 HRS    RA1QD         599 29    
QSO: 21031 CW 2026-07-12 0752 9A0HQ         599 HRS    IK6QRH        599 28    
QSO: 21031 CW 2026-07-12 0753 9A0HQ         599 HRS    R9XS          599 20    
QSO: 21031 CW 2026-07-12 0755 9A0HQ         599 HRS    YO5BRE        599 28    
QSO: 21031 CW 2026-07-12 0755 9A0HQ         599 HRS    RT4G          599 29    
QSO: 21004 CW 2026-07-12 0756 9A0HQ         599 HRS    OH1VR         599 18    
QSO: 21031 CW 2026-07-12 0756 9A0HQ         599 HRS    UA9FEX        599 30    
QSO: 21031 CW 2026-07-12 0757 9A0HQ         599 HRS    JR2NMJ        599 45    
QSO: 21031 CW 2026-07-12 0758 9A0HQ         599 HRS    UA3YDI        599 29    
QSO: 21031 CW 2026-07-12 0758 9A0HQ         599 HRS    HA5GY         599 28    
QSO: 21031 CW 2026-07-12 0759 9A0HQ         599 HRS    SM6TOL        599 18    
QSO: 21031 CW 2026-07-12 0759 9A0HQ         599 HRS    RT2H          599 29    
QSO: 21031 CW 2026-07-12 0759 9A0HQ         599 HRS    YO2BLX        599 28    
QSO: 21031 CW 2026-07-12 0802 9A0HQ         599 HRS    JA2HNP        599 45    
QSO: 21031 CW 2026-07-12 0803 9A0HQ         599 HRS    GM0V          599 27    
QSO: 21036 CW 2026-07-12 0804 9A0HQ         599 HRS    UR4L          599 29    
QSO: 21031 CW 2026-07-12 0804 9A0HQ         599 HRS    LY7T          599 29    
QSO: 21031 CW 2026-07-12 0805 9A0HQ         599 HRS    SF6J          599 18    
QSO: 21031 CW 2026-07-12 0805 9A0HQ         599 HRS    YO4AAC        599 28    
QSO: 21031 CW 2026-07-12 0806 9A0HQ         599 HRS    JA5QYR        599 45    
QSO: 21031 CW 2026-07-12 0806 9A0HQ         599 HRS    UT8W          599 29    
QSO: 21031 CW 2026-07-12 0807 9A0HQ         599 HRS    R3GG          599 29    
QSO: 21031 CW 2026-07-12 0808 9A0HQ         599 HRS    JE3EDJ        599 45    
QSO: 21031 CW 2026-07-12 0808 9A0HQ         599 HRS    ON4ACW        599 27    
QSO: 21031 CW 2026-07-12 0808 9A0HQ         599 HRS    LB2WD         599 18    
QSO: 21031 CW 2026-07-12 0809 9A0HQ         599 HRS    EA5ITT        599 37    
QSO: 21031 CW 2026-07-12 0809 9A0HQ         599 HRS    G0CXW         599 27    
QSO: 21031 CW 2026-07-12 0811 9A0HQ         599 HRS    HA5OAF        599 28    
QSO: 21031 CW 2026-07-12 0811 9A0HQ         599 HRS    HA5NR         599 28    
QSO: 21031 CW 2026-07-12 0812 9A0HQ         599 HRS    SN9R          599 28    
QSO: 21031 CW 2026-07-12 0812 9A0HQ         599 HRS    SP7O          599 28    
QSO: 21031 CW 2026-07-12 0813 9A0HQ         599 HRS    JH2FXK        599 45    
QSO: 21031 CW 2026-07-12 0813 9A0HQ         599 HRS    OH3KAV        599 18    
QSO: 21031 CW 2026-07-12 0814 9A0HQ         599 HRS    SP0LPR        599 28    
QSO: 21031 CW 2026-07-12 0815 9A0HQ         599 HRS    9A6C          599 28    
QSO: 21031 CW 2026-07-12 0816 9A0HQ         599 HRS    UX7UN         599 29    
QSO: 21031 CW 2026-07-12 0816 9A0HQ         599 HRS    YU7KW         599 28    
QSO: 21031 CW 2026-07-12 0817 9A0HQ         599 HRS    UR5XMM        599 29    
QSO: 21031 CW 2026-07-12 0818 9A0HQ         599 HRS    YO8BDW        599 28    
QSO: 21033 CW 2026-07-12 0819 9A0HQ         599 HRS    EW4A          599 29    
QSO: 21013 CW 2026-07-12 0819 9A0HQ         599 HRS    RV6HV         599 29    
QSO: 21031 CW 2026-07-12 0820 9A0HQ         599 HRS    IU1LCU        599 28    
QSO: 21031 CW 2026-07-12 0820 9A0HQ         599 HRS    RG8G          599 30    
QSO: 21061 CW 2026-07-12 0821 9A0HQ         599 HRS    Z30HQ         599 RSM   
QSO: 21031 CW 2026-07-12 0822 9A0HQ         599 HRS    BI8FRR        599 43    
QSO: 21031 CW 2026-07-12 0823 9A0HQ         599 HRS    RA1TU         599 29    
QSO: 21031 CW 2026-07-12 0823 9A0HQ         599 HRS    JL1KBS        599 45    
QSO: 21031 CW 2026-07-12 0825 9A0HQ         599 HRS    US7UK         599 29    
QSO: 21031 CW 2026-07-12 0825 9A0HQ         599 HRS    RN4HAB        599 30    
QSO: 21031 CW 2026-07-12 0826 9A0HQ         599 HRS    YR2X          599 28    
QSO: 21035 CW 2026-07-12 0826 9A0HQ         599 HRS    RT2F          599 29    
QSO: 21031 CW 2026-07-12 0828 9A0HQ         599 HRS    EW1OW         599 29    
QSO: 21031 CW 2026-07-12 0828 9A0HQ         599 HRS    G4OZG         599 27    
QSO: 21031 CW 2026-07-12 0829 9A0HQ         599 HRS    JA1CP         599 45    
QSO: 21031 CW 2026-07-12 0829 9A0HQ         599 HRS    BA7KTA        599 44    
QSO: 21031 CW 2026-07-12 0829 9A0HQ         599 HRS    OH3GD         599 18    
QSO: 21031 CW 2026-07-12 0830 9A0HQ         599 HRS    JJ0PJD        599 45    
QSO: 21031 CW 2026-07-12 0830 9A0HQ         599 HRS    R0SBI         599 32    
QSO: 21031 CW 2026-07-12 0831 9A0HQ         599 HRS    EU2EU         599 29    
QSO: 21031 CW 2026-07-12 0832 9A0HQ         599 HRS    9A3YT         599 28    
QSO: 21031 CW 2026-07-12 0832 9A0HQ         599 HRS    OH3RF         599 18    
QSO: 21031 CW 2026-07-12 0832 9A0HQ         599 HRS    RX3RZ         599 29    
QSO: 21031 CW 2026-07-12 0833 9A0HQ         599 HRS    BD4QAJ        599 44    
QSO: 21031 CW 2026-07-12 0833 9A0HQ         599 HRS    JR3JFZ        599 45    
QSO: 21031 CW 2026-07-12 0833 9A0HQ         599 HRS    RK3ER         599 29    
QSO: 21031 CW 2026-07-12 0834 9A0HQ         599 HRS    BH4RRG        599 44    
QSO: 21020 CW 2026-07-12 0835 9A0HQ         599 HRS    EM5HQ         599 UARL  
QSO: 21031 CW 2026-07-12 0835 9A0HQ         599 HRS    HS8NKB        599 49    
QSO: 21031 CW 2026-07-12 0837 9A0HQ         599 HRS    RK0ACI        599 32    
QSO: 21031 CW 2026-07-12 0837 9A0HQ         599 HRS    JJ1FXF        599 45    
QSO: 21031 CW 2026-07-12 0837 9A0HQ         599 HRS    RV1CC         599 29    
QSO: 21031 CW 2026-07-12 0838 9A0HQ         599 HRS    RG2Y          599 29    
QSO: 21031 CW 2026-07-12 0838 9A0HQ         599 HRS    RX9L          599 30    
QSO: 21031 CW 2026-07-12 0839 9A0HQ         599 HRS    OK1DKE        599 28    
QSO: 21031 CW 2026-07-12 0840 9A0HQ         599 HRS    BH7PEU        599 44    
QSO: 21031 CW 2026-07-12 0840 9A0HQ         599 HRS    G3MOT         599 27    
QSO: 21031 CW 2026-07-12 0840 9A0HQ         599 HRS    OK2BFN        599 28    
QSO: 21031 CW 2026-07-12 0841 9A0HQ         599 HRS    JS1PDC        599 45    
QSO: 21031 CW 2026-07-12 0842 9A0HQ         599 HRS    DK50IA        599 28    
QSO: 21031 CW 2026-07-12 0842 9A0HQ         599 HRS    JA8NSF/1      599 45    
QSO: 21031 CW 2026-07-12 0843 9A0HQ         599 HRS    BA7NNC        599 44    
QSO: 21031 CW 2026-07-12 0843 9A0HQ         599 HRS    OH6LUW        599 18    
QSO: 21031 CW 2026-07-12 0843 9A0HQ         599 HRS    DL1THB        599 28    
QSO: 21031 CW 2026-07-12 0844 9A0HQ         599 HRS    UY5TE         599 29    
QSO: 21031 CW 2026-07-12 0844 9A0HQ         599 HRS    YO4FPF        599 28    
QSO: 21031 CW 2026-07-12 0844 9A0HQ         599 HRS    DK4RM         599 28    
QSO: 21031 CW 2026-07-12 0845 9A0HQ         599 HRS    JM1SZY        599 45    
QSO: 21031 CW 2026-07-12 0846 9A0HQ         599 HRS    JG3QBJ        599 45    
QSO: 21031 CW 2026-07-12 0847 9A0HQ         599 HRS    JE1WOY        599 45    
QSO: 21031 CW 2026-07-12 0848 9A0HQ         599 HRS    JF2UPM        599 45    
QSO: 21031 CW 2026-07-12 0848 9A0HQ         599 HRS    DB0DH         599 28    
QSO: 21031 CW 2026-07-12 0849 9A0HQ         599 HRS    OE5HHR        599 28    
QSO: 21031 CW 2026-07-12 0849 9A0HQ         599 HRS    JA1IRH        599 45    
QSO: 21031 CW 2026-07-12 0849 9A0HQ         599 HRS    GM6NX         599 27    
QSO: 21031 CW 2026-07-12 0850 9A0HQ         599 HRS    DK3RY         599 28    
QSO: 21031 CW 2026-07-12 0850 9A0HQ         599 HRS    JL1UTS        599 45    
QSO: 21031 CW 2026-07-12 0851 9A0HQ         599 HRS    DL1KWK        599 28    
QSO: 21031 CW 2026-07-12 0851 9A0HQ         599 HRS    UT4LW         599 29    
QSO: 21031 CW 2026-07-12 0851 9A0HQ         599 HRS    G1SCT         599 27    
QSO: 21031 CW 2026-07-12 0853 9A0HQ         599 HRS    BG9HV         599 43    
QSO: 21031 CW 2026-07-12 0853 9A0HQ         599 HRS    DJ3GE         599 28    
QSO: 21031 CW 2026-07-12 0854 9A0HQ         599 HRS    OM3TVI        599 28    
QSO: 21031 CW 2026-07-12 0854 9A0HQ         599 HRS    JJ0IQS        599 45    
QSO: 21019 CW 2026-07-12 0855 9A0HQ         599 HRS    F5NBX         599 27    
QSO: 21031 CW 2026-07-12 0856 9A0HQ         599 HRS    JH1MTR/4      599 45    
QSO: 21021 CW 2026-07-12 0856 9A0HQ         599 HRS    F8DFP         599 27    
QSO: 21031 CW 2026-07-12 0857 9A0HQ         599 HRS    DL2LRT        599 28    
QSO: 21018 CW 2026-07-12 0857 9A0HQ         599 HRS    UT7KZZ        599 29    
QSO: 21031 CW 2026-07-12 0858 9A0HQ         599 HRS    JE2KUC        599 45    
QSO: 21031 CW 2026-07-12 0858 9A0HQ         599 HRS    JK1RSJ        599 45    
QSO: 21020 CW 2026-07-12 0858 9A0HQ         599 HRS    SB7S          599 18    
QSO: 21031 CW 2026-07-12 0858 9A0HQ         599 HRS    JH1MTR/4      599 45    
QSO: 21031 CW 2026-07-12 0859 9A0HQ         599 HRS    YD2UWF        599 54    
QSO: 21031 CW 2026-07-12 0859 9A0HQ         599 HRS    OR5R          599 27    
QSO: 21031 CW 2026-07-12 0859 9A0HQ         599 HRS    JE1WBA        599 45    
QSO: 21056 CW 2026-07-12 0859 9A0HQ         599 HRS    JF9JTS        599 45    
QSO: 21031 CW 2026-07-12 0900 9A0HQ         599 HRS    JH1TFE        599 45    
QSO: 21031 CW 2026-07-12 0900 9A0HQ         599 HRS    BY4SA         599 44    
QSO: 21031 CW 2026-07-12 0900 9A0HQ         599 HRS    JA3HBF        599 45    
QSO: 21031 CW 2026-07-12 0901 9A0HQ         599 HRS    UT3N          599 29    
QSO: 21031 CW 2026-07-12 0901 9A0HQ         599 HRS    DL3KWF        599 28    
QSO: 21031 CW 2026-07-12 0903 9A0HQ         599 HRS    JJ2FIJ        599 45    
QSO: 21031 CW 2026-07-12 0903 9A0HQ         599 HRS    JE1TSD        599 45    
QSO: 21031 CW 2026-07-12 0903 9A0HQ         599 HRS    JA2AXB        599 45    
QSO: 21031 CW 2026-07-12 0904 9A0HQ         599 HRS    JE6WGT        599 45    
QSO: 21031 CW 2026-07-12 0904 9A0HQ         599 HRS    BD4QA         599 44    
QSO: 21031 CW 2026-07-12 0905 9A0HQ         599 HRS    OH6UE         599 18    
QSO: 21031 CW 2026-07-12 0905 9A0HQ         599 HRS    DM1MB         599 28    
QSO: 21027 CW 2026-07-12 0905 9A0HQ         599 HRS    DL4YR         599 28    
QSO: 21031 CW 2026-07-12 0905 9A0HQ         599 HRS    UT2II         599 29    
QSO: 21031 CW 2026-07-12 0906 9A0HQ         599 HRS    M3AWD         599 27    
QSO: 21037 CW 2026-07-12 0906 9A0HQ         599 HRS    HF0JDX        599 28    
QSO: 21031 CW 2026-07-12 0907 9A0HQ         599 HRS    JG2CNZ        599 45    
QSO: 21031 CW 2026-07-12 0907 9A0HQ         599 HRS    R0MZ          599 34    
QSO: 21031 CW 2026-07-12 0909 9A0HQ         599 HRS    JM1FDC        599 45    
QSO: 21009 CW 2026-07-12 0910 9A0HQ         599 HRS    OK3SN         599 28    
QSO: 21021 CW 2026-07-12 0910 9A0HQ         599 HRS    UA9BA         599 30    
QSO: 21031 CW 2026-07-12 0910 9A0HQ         599 HRS    SP2ILQ        599 28    
QSO: 21031 CW 2026-07-12 0910 9A0HQ         599 HRS    DJ1OJ         599 28    
QSO: 21031 CW 2026-07-12 0911 9A0HQ         599 HRS    OK1PFM        599 28    
QSO: 21051 CW 2026-07-12 0911 9A0HQ         599 HRS    LY2CX         599 29    
QSO: 21031 CW 2026-07-12 0911 9A0HQ         599 HRS    E20HHK        599 49    
QSO: 21031 CW 2026-07-12 0911 9A0HQ         599 HRS    DL5NO         599 28    
QSO: 21031 CW 2026-07-12 0912 9A0HQ         599 HRS    UT1G          599 29    
QSO: 21031 CW 2026-07-12 0914 9A0HQ         599 HRS    JA9RPU        599 45    
QSO: 21031 CW 2026-07-12 0914 9A0HQ         599 HRS    JE4WAG        599 45    
QSO: 21031 CW 2026-07-12 0915 9A0HQ         599 HRS    JA1VVO        599 45    
QSO: 21031 CW 2026-07-12 0916 9A0HQ         599 HRS    LA6LLA        599 18    
QSO: 21031 CW 2026-07-12 0916 9A0HQ         599 HRS    JA1IAZ        599 45    
QSO: 21031 CW 2026-07-12 0916 9A0HQ         599 HRS    DK5ZX         599 28    
QSO: 21031 CW 2026-07-12 0918 9A0HQ         599 HRS    JI1TAC        599 45    
QSO: 21031 CW 2026-07-12 0919 9A0HQ         599 HRS    DL1AWC        599 28    
QSO: 21031 CW 2026-07-12 0920 9A0HQ         599 HRS    ON6LO         599 27    
QSO: 21031 CW 2026-07-12 0920 9A0HQ         599 HRS    DL5FCO        599 28    
QSO: 21031 CW 2026-07-12 0921 9A0HQ         599 HRS    SO6OO         599 28    
QSO: 21031 CW 2026-07-12 0921 9A0HQ         599 HRS    DL5ST         599 28    
QSO: 21031 CW 2026-07-12 0922 9A0HQ         599 HRS    DD7NT         599 28    
QSO: 21031 CW 2026-07-12 0922 9A0HQ         599 HRS    DL6UM         599 28    
QSO: 21031 CW 2026-07-12 0924 9A0HQ         599 HRS    RD8O          599 31    
QSO: 21031 CW 2026-07-12 0924 9A0HQ         599 HRS    OH1TS         599 18    
QSO: 21031 CW 2026-07-12 0925 9A0HQ         599 HRS    SP8MO         599 28    
QSO: 21031 CW 2026-07-12 0925 9A0HQ         599 HRS    SQ3R          599 28    
QSO: 21031 CW 2026-07-12 0926 9A0HQ         599 HRS    OK2EA         599 28    
QSO: 21031 CW 2026-07-12 0926 9A0HQ         599 HRS    JH1FQW        599 45    
QSO: 21031 CW 2026-07-12 0927 9A0HQ         599 HRS    JH1UES        599 45    
QSO: 21031 CW 2026-07-12 0927 9A0HQ         599 HRS    BG4TRF        599 44    
QSO: 21031 CW 2026-07-12 0928 9A0HQ         599 HRS    BH4BFS        599 44    
QSO: 21031 CW 2026-07-12 0928 9A0HQ         599 HRS    JG1LHB        599 45    
QSO: 21031 CW 2026-07-12 0929 9A0HQ         599 HRS    SP9TKW        599 28    
QSO: 21031 CW 2026-07-12 0929 9A0HQ         599 HRS    DF6RI         599 28    
QSO: 21030 CW 2026-07-12 0929 9A0HQ         599 HRS    R8DGY         599 27    
QSO: 21031 CW 2026-07-12 0931 9A0HQ         599 HRS    OK5TFC        599 28    
QSO: 21031 CW 2026-07-12 0932 9A0HQ         599 HRS    HB9RB         599 28    
QSO: 21031 CW 2026-07-12 0933 9A0HQ         599 HRS    SP7CHR        599 28    
QSO: 21031 CW 2026-07-12 0933 9A0HQ         599 HRS    DL5MFW        599 28    
QSO: 21031 CW 2026-07-12 0934 9A0HQ         599 HRS    HB9AYZ        599 28    
QSO: 21031 CW 2026-07-12 0934 9A0HQ         599 HRS    DF7XR         599 28    
QSO: 21031 CW 2026-07-12 0935 9A0HQ         599 HRS    DL1YBI        599 28    
QSO: 21031 CW 2026-07-12 0935 9A0HQ         599 HRS    4Z5MU         599 39    
QSO: 21031 CW 2026-07-12 0936 9A0HQ         599 HRS    DL1SCZ        599 28    
QSO: 21031 CW 2026-07-12 0936 9A0HQ         599 HRS    F4VVG         599 27    
QSO: 21031 CW 2026-07-12 0936 9A0HQ         599 HRS    G5C           599 27    
QSO: 21031 CW 2026-07-12 0937 9A0HQ         599 HRS    DJ8WR         599 28    
QSO: 21031 CW 2026-07-12 0937 9A0HQ         599 HRS    R1QE          599 29    
QSO: 21031 CW 2026-07-12 0938 9A0HQ         599 HRS    JK3NQV        599 45    
QSO: 21031 CW 2026-07-12 0938 9A0HQ         599 HRS    EA3NO         599 37    
QSO: 21031 CW 2026-07-12 0939 9A0HQ         599 HRS    M0MPM         599 27    
QSO: 21031 CW 2026-07-12 0939 9A0HQ         599 HRS    DM4QX         599 28    
QSO: 21031 CW 2026-07-12 0939 9A0HQ         599 HRS    9A2AA         599 28    
QSO: 21031 CW 2026-07-12 0940 9A0HQ         599 HRS    SP4AAZ        599 28    
QSO: 21031 CW 2026-07-12 0940 9A0HQ         599 HRS    DF2LH         599 28    
QSO: 21031 CW 2026-07-12 0941 9A0HQ         599 HRS    R2ZU          599 29    
QSO: 21031 CW 2026-07-12 0941 9A0HQ         599 HRS    HG5E          599 28    
QSO: 21031 CW 2026-07-12 0942 9A0HQ         599 HRS    R7MP          599 29    
QSO: 21031 CW 2026-07-12 0942 9A0HQ         599 HRS    JN2GPQ        599 45    
QSO: 21031 CW 2026-07-12 0943 9A0HQ         599 HRS    UZ1U          599 29    
QSO: 21031 CW 2026-07-12 0943 9A0HQ         599 HRS    DL6UGF        599 28    
QSO: 21031 CW 2026-07-12 0943 9A0HQ         599 HRS    BH3DHE        599 44    
QSO: 21031 CW 2026-07-12 0944 9A0HQ         599 HRS    RA3XEV        599 29    
QSO: 21031 CW 2026-07-12 0944 9A0HQ         599 HRS    SP6MLX        599 28    
QSO: 21031 CW 2026-07-12 0945 9A0HQ         599 HRS    SP7LK         599 28    
QSO: 21007 CW 2026-07-12 0945 9A0HQ         599 HRS    DL6FA         599 28    
QSO: 21031 CW 2026-07-12 0945 9A0HQ         599 HRS    CT1EHK        599 37    
QSO: 21031 CW 2026-07-12 0946 9A0HQ         599 HRS    JH1RCA        599 45    
QSO: 21031 CW 2026-07-12 0946 9A0HQ         599 HRS    F1PUX         599 27    
QSO: 21031 CW 2026-07-12 0947 9A0HQ         599 HRS    IK0VVP        599 28    
QSO: 21031 CW 2026-07-12 0948 9A0HQ         599 HRS    DJ6QQ         599 28    
QSO: 21031 CW 2026-07-12 0948 9A0HQ         599 HRS    BD6KDP        599 44    
QSO: 21031 CW 2026-07-12 0949 9A0HQ         599 HRS    JJ3IUS        599 45    
QSO: 21031 CW 2026-07-12 0949 9A0HQ         599 HRS    DS2UAL        599 44    
QSO: 21031 CW 2026-07-12 0950 9A0HQ         599 HRS    RQ9F          599 30    
QSO: 21031 CW 2026-07-12 0950 9A0HQ         599 HRS    RA6ZM         599 29    
QSO: 21031 CW 2026-07-12 0950 9A0HQ         599 HRS    SP2MHS        599 28    
QSO: 21031 CW 2026-07-12 0951 9A0HQ         599 HRS    HS1IWX        599 49    
QSO: 21031 CW 2026-07-12 0951 9A0HQ         599 HRS    9A2CT         599 28    
QSO: 21031 CW 2026-07-12 0952 9A0HQ         599 HRS    EA7A          599 37    
QSO: 21031 CW 2026-07-12 0953 9A0HQ         599 HRS    DJ6RN         599 28    
QSO: 21031 CW 2026-07-12 0953 9A0HQ         599 HRS    RN2FQ         599 29    
QSO: 21031 CW 2026-07-12 0953 9A0HQ         599 HRS    JS2KZM        599 45    
QSO: 21031 CW 2026-07-12 0954 9A0HQ         599 HRS    JL1QOC        599 45    
QSO: 21031 CW 2026-07-12 0954 9A0HQ         599 HRS    JM1WBP        599 45    
QSO: 21015 CW 2026-07-12 0954 9A0HQ         599 HRS    EC6AAE        599 37    
QSO: 21031 CW 2026-07-12 0955 9A0HQ         599 HRS    JA5AFW        599 45    
QSO: 21031 CW 2026-07-12 0955 9A0HQ         599 HRS    JN1THL        599 45    
QSO: 21031 CW 2026-07-12 0955 9A0HQ         599 HRS    SP6PRT        599 28    
QSO: 21031 CW 2026-07-12 0956 9A0HQ         599 HRS    BI6AN         599 44    
QSO: 21007 CW 2026-07-12 0956 9A0HQ         599 HRS    EA2AZ         599 37    
QSO: 21031 CW 2026-07-12 0956 9A0HQ         599 HRS    JA2GAL        599 45    
QSO: 21031 CW 2026-07-12 0956 9A0HQ         599 HRS    RD3FT         599 29    
QSO: 21031 CW 2026-07-12 0957 9A0HQ         599 HRS    DF5WN         599 28    
QSO: 21031 CW 2026-07-12 0958 9A0HQ         599 HRS    RT3K          599 29    
QSO: 21031 CW 2026-07-12 0958 9A0HQ         599 HRS    DL5ASK        599 28    
QSO: 21031 CW 2026-07-12 1001 9A0HQ         599 HRS    LY4BF         599 29    
QSO: 21031 CW 2026-07-12 1001 9A0HQ         599 HRS    DL1GME        599 28    
QSO: 21040 CW 2026-07-12 1001 9A0HQ         599 HRS    PT1M          599 15    
QSO: 21031 CW 2026-07-12 1001 9A0HQ         599 HRS    DL1SL         599 28    
QSO: 21031 CW 2026-07-12 1002 9A0HQ         599 HRS    OY1CT         599 FRA   
QSO: 21031 CW 2026-07-12 1002 9A0HQ         599 HRS    RW3AI         599 29    
QSO: 21031 CW 2026-07-12 1003 9A0HQ         599 HRS    UA9FGJ        599 30    
QSO: 21031 CW 2026-07-12 1004 9A0HQ         599 HRS    OH2BN         599 18    
QSO: 21031 CW 2026-07-12 1004 9A0HQ         599 HRS    OK1FHD        599 28    
QSO: 21031 CW 2026-07-12 1006 9A0HQ         599 HRS    TF3W          599 17    
QSO: 21031 CW 2026-07-12 1006 9A0HQ         599 HRS    YL2KO         599 29    
QSO: 21031 CW 2026-07-12 1006 9A0HQ         599 HRS    9A3JH         599 28    
QSO: 21031 CW 2026-07-12 1007 9A0HQ         599 HRS    DK5CF         599 28    
QSO: 21031 CW 2026-07-12 1007 9A0HQ         599 HRS    JF1LMB        599 45    
QSO: 21044 CW 2026-07-12 1008 9A0HQ         599 HRS    EA3NT         599 37    
QSO: 21031 CW 2026-07-12 1008 9A0HQ         599 HRS    UA3PP         599 29    
QSO: 21031 CW 2026-07-12 1008 9A0HQ         599 HRS    G3VAO         599 27    
QSO: 21031 CW 2026-07-12 1010 9A0HQ         599 HRS    SN2S          599 28    
QSO: 21031 CW 2026-07-12 1011 9A0HQ         599 HRS    JE2PHJ        599 45    
QSO: 21031 CW 2026-07-12 1012 9A0HQ         599 HRS    JA8GAK        599 45    
QSO: 21031 CW 2026-07-12 1012 9A0HQ         599 HRS    DL7ALM        599 28    
QSO: 21031 CW 2026-07-12 1012 9A0HQ         599 HRS    G4BSW         599 27    
QSO: 21031 CW 2026-07-12 1012 9A0HQ         599 HRS    RN5AA         599 29    
QSO: 21031 CW 2026-07-12 1013 9A0HQ         599 HRS    SP2JFY        599 28    
QSO: 21031 CW 2026-07-12 1013 9A0HQ         599 HRS    JK1NSR        599 45    
QSO: 21019 CW 2026-07-12 1014 9A0HQ         599 HRS    LY2K          599 29    
QSO: 21031 CW 2026-07-12 1016 9A0HQ         599 HRS    SP7SQM        599 28    
QSO: 21031 CW 2026-07-12 1016 9A0HQ         599 HRS    SF6W          599 18    
QSO: 21031 CW 2026-07-12 1016 9A0HQ         599 HRS    OK1JX         599 28    
QSO: 21031 CW 2026-07-12 1016 9A0HQ         599 HRS    RT5P          599 29    
QSO: 21031 CW 2026-07-12 1017 9A0HQ         599 HRS    HB9AUK        599 28    
QSO: 21031 CW 2026-07-12 1017 9A0HQ         599 HRS    RV3DBK        599 29    
QSO: 21031 CW 2026-07-12 1019 9A0HQ         599 HRS    DL9RBT        599 28    
QSO: 21031 CW 2026-07-12 1019 9A0HQ         599 HRS    JF1KML        599 45    
QSO: 21054 CW 2026-07-12 1020 9A0HQ         599 HRS    DL4MM         599 28    
QSO: 21031 CW 2026-07-12 1020 9A0HQ         599 HRS    JE4MHL        599 45    
QSO: 21054 CW 2026-07-12 1020 9A0HQ         599 HRS    DJ5QV         599 28    
QSO: 21031 CW 2026-07-12 1020 9A0HQ         599 HRS    JH1JNJ        599 45    
QSO: 21031 CW 2026-07-12 1021 9A0HQ         599 HRS    LZ8R          599 28    
QSO: 21031 CW 2026-07-12 1021 9A0HQ         599 HRS    OM3CPF        599 28    
QSO: 21050 CW 2026-07-12 1021 9A0HQ         599 HRS    JI1AVY        599 45    
QSO: 21031 CW 2026-07-12 1022 9A0HQ         599 HRS    BA4SEX        599 44    
QSO: 21031 CW 2026-07-12 1022 9A0HQ         599 HRS    OL1T          599 28    
QSO: 21031 CW 2026-07-12 1023 9A0HQ         599 HRS    BA7LOK        599 44    
QSO: 21031 CW 2026-07-12 1023 9A0HQ         599 HRS    DL1NEO        599 28    
QSO: 21031 CW 2026-07-12 1024 9A0HQ         599 HRS    IK2ULV        599 28    
QSO: 21031 CW 2026-07-12 1024 9A0HQ         599 HRS    DM3PKK        599 28    
QSO: 21031 CW 2026-07-12 1024 9A0HQ         599 HRS    YU1LA         599 28    
QSO: 21031 CW 2026-07-12 1025 9A0HQ         599 HRS    R3LC          599 29    
QSO: 21031 CW 2026-07-12 1025 9A0HQ         599 HRS    DL4BBJ        599 28    
QSO: 21049 CW 2026-07-12 1025 9A0HQ         599 HRS    UB4WCW        599 30    
QSO: 21031 CW 2026-07-12 1025 9A0HQ         599 HRS    DL0TS         599 28    
QSO: 21031 CW 2026-07-12 1027 9A0HQ         599 HRS    R2DXU         599 29    
QSO: 21031 CW 2026-07-12 1028 9A0HQ         599 HRS    DF4FQ         599 28    
QSO: 21031 CW 2026-07-12 1028 9A0HQ         599 HRS    LN4BBC        599 18    
QSO: 21031 CW 2026-07-12 1029 9A0HQ         599 HRS    ON7IO         599 27    
QSO: 21031 CW 2026-07-12 1030 9A0HQ         599 HRS    JK1BQC        599 45    
QSO: 21031 CW 2026-07-12 1030 9A0HQ         599 HRS    BA7JMO        599 44    
QSO: 21031 CW 2026-07-12 1031 9A0HQ         599 HRS    JJ1EPE        599 45    
QSO: 21031 CW 2026-07-12 1031 9A0HQ         599 HRS    JR2ALA        599 45    
QSO: 21031 CW 2026-07-12 1031 9A0HQ         599 HRS    JA2YKA        599 45    
QSO: 21031 CW 2026-07-12 1032 9A0HQ         599 HRS    JM1SMY        599 45    
QSO: 21031 CW 2026-07-12 1032 9A0HQ         599 HRS    DL8ZAJ        599 28    
QSO: 21031 CW 2026-07-12 1032 9A0HQ         599 HRS    F6AUS         599 27    
QSO: 21031 CW 2026-07-12 1033 9A0HQ         599 HRS    RZ9A          599 30    
QSO: 21031 CW 2026-07-12 1034 9A0HQ         599 HRS    RY2A          599 29    
QSO: 21003 CW 2026-07-12 1034 9A0HQ         599 HRS    R4RN          599 30    
QSO: 21031 CW 2026-07-12 1034 9A0HQ         599 HRS    JA3JM         599 45    
QSO: 21005 CW 2026-07-12 1035 9A0HQ         599 HRS    JH3A          599 45    
QSO: 21031 CW 2026-07-12 1036 9A0HQ         599 HRS    RA3AGF        599 29    
QSO: 21031 CW 2026-07-12 1036 9A0HQ         599 HRS    OK2QA         599 28    
QSO: 21031 CW 2026-07-12 1036 9A0HQ         599 HRS    DL8CF         599 28    
QSO: 21034 CW 2026-07-12 1037 9A0HQ         599 HRS    PC0A          599 27    
QSO: 21040 CW 2026-07-12 1037 9A0HQ         599 HRS    DM4K          599 28    
QSO: 21031 CW 2026-07-12 1037 9A0HQ         599 HRS    YC9FAR        599 54    
QSO: 21031 CW 2026-07-12 1038 9A0HQ         599 HRS    YB0ECT        599 54    
QSO: 21020 CW 2026-07-12 1038 9A0HQ         599 HRS    EA6NB         599 37    
QSO: 21031 CW 2026-07-12 1038 9A0HQ         599 HRS    DL3JPN        599 28    
QSO: 21034 CW 2026-07-12 1039 9A0HQ         599 HRS    EA4KD         599 37    
QSO: 21031 CW 2026-07-12 1039 9A0HQ         599 HRS    DA2AD         599 28    
QSO: 21031 CW 2026-07-12 1039 9A0HQ         599 HRS    DL7HU         599 28    
QSO: 21031 CW 2026-07-12 1040 9A0HQ         599 HRS    JO3AYN        599 45    
QSO: 21031 CW 2026-07-12 1040 9A0HQ         599 HRS    DL8SAM        599 28    
QSO: 21031 CW 2026-07-12 1040 9A0HQ         599 HRS    DJ3WE         599 28    
QSO: 21031 CW 2026-07-12 1041 9A0HQ         599 HRS    EA7KY         599 37    
QSO: 21031 CW 2026-07-12 1041 9A0HQ         599 HRS    PA2KW         599 27    
QSO: 21026 CW 2026-07-12 1041 9A0HQ         599 HRS    JA1VND        599 45    
QSO: 21031 CW 2026-07-12 1041 9A0HQ         599 HRS    R8PD          599 31    
QSO: 21031 CW 2026-07-12 1042 9A0HQ         599 HRS    GM3YOR        599 27    
QSO: 21031 CW 2026-07-12 1042 9A0HQ         599 HRS    R2FZ          599 29    
QSO: 21031 CW 2026-07-12 1043 9A0HQ         599 HRS    JA3UCO        599 45    
QSO: 21031 CW 2026-07-12 1043 9A0HQ         599 HRS    CT7AIX        599 37    
QSO: 21031 CW 2026-07-12 1044 9A0HQ         599 HRS    JK1TCV        599 45    
QSO: 21038 CW 2026-07-12 1044 9A0HQ         599 HRS    F5SDH         599 27    
QSO: 21031 CW 2026-07-12 1044 9A0HQ         599 HRS    SP6PWT        599 28    
QSO: 21031 CW 2026-07-12 1045 9A0HQ         599 HRS    UI7D          599 29    
QSO: 21031 CW 2026-07-12 1045 9A0HQ         599 HRS    G0FGI         599 27    
QSO: 21031 CW 2026-07-12 1045 9A0HQ         599 HRS    9M2HUS        599 54    
QSO: 21031 CW 2026-07-12 1046 9A0HQ         599 HRS    UA9OV         599 31    
QSO: 21031 CW 2026-07-12 1047 9A0HQ         599 HRS    DU7RH         599 50    
QSO: 21056 CW 2026-07-12 1047 9A0HQ         599 HRS    DJ3HW         599 R1    
QSO: 21031 CW 2026-07-12 1047 9A0HQ         599 HRS    JJ3TBB        599 45    
QSO: 21031 CW 2026-07-12 1047 9A0HQ         599 HRS    YB9ELS        599 54    
QSO: 21010 CW 2026-07-12 1047 9A0HQ         599 HRS    DF8V          599 28    
QSO: 21031 CW 2026-07-12 1048 9A0HQ         599 HRS    JH2HIW        599 45    
QSO: 21031 CW 2026-07-12 1048 9A0HQ         599 HRS    RA3DGH        599 29    
QSO: 21023 CW 2026-07-12 1048 9A0HQ         599 HRS    LZ1ND         599 28    
QSO: 21031 CW 2026-07-12 1049 9A0HQ         599 HRS    JA3VQW        599 45    
QSO: 21031 CW 2026-07-12 1049 9A0HQ         599 HRS    DK3WE         599 28    
QSO: 21018 CW 2026-07-12 1049 9A0HQ         599 HRS    IZ8XXE        599 28    
QSO: 21031 CW 2026-07-12 1050 9A0HQ         599 HRS    BU2EP         599 44    
QSO: 21030 CW 2026-07-12 1050 9A0HQ         599 HRS    OK1OA         599 28    
QSO: 21031 CW 2026-07-12 1050 9A0HQ         599 HRS    DL6UAA        599 28    
QSO: 21057 CW 2026-07-12 1050 9A0HQ         599 HRS    DA0BCC        599 28    
QSO: 21031 CW 2026-07-12 1050 9A0HQ         599 HRS    OK1FWG        599 28    
QSO: 21031 CW 2026-07-12 1051 9A0HQ         599 HRS    G0ORH         599 27    
QSO: 21031 CW 2026-07-12 1051 9A0HQ         599 HRS    OK1FMJ        599 28    
QSO: 21031 CW 2026-07-12 1052 9A0HQ         599 HRS    OH1SIC        599 18    
QSO: 21031 CW 2026-07-12 1053 9A0HQ         599 HRS    JR2BYJ        599 45    
QSO: 21031 CW 2026-07-12 1054 9A0HQ         599 HRS    DF0LMM        599 28    
QSO: 21031 CW 2026-07-12 1054 9A0HQ         599 HRS    JJ2XLO        599 45    
QSO: 21031 CW 2026-07-12 1054 9A0HQ         599 HRS    DL6WT         599 28    
QSO: 21018 CW 2026-07-12 1055 9A0HQ         599 HRS    R5KV          599 29    
QSO: 21031 CW 2026-07-12 1055 9A0HQ         599 HRS    DL3APK        599 28    
QSO: 21031 CW 2026-07-12 1056 9A0HQ         599 HRS    DJ1MM         599 28    
QSO: 21031 CW 2026-07-12 1056 9A0HQ         599 HRS    DK2GZ         599 28    
QSO: 21031 CW 2026-07-12 1056 9A0HQ         599 HRS    DL1KJB        599 28    
QSO: 21031 CW 2026-07-12 1057 9A0HQ         599 HRS    JI1HFJ        599 45    
QSO: 21054 CW 2026-07-12 1058 9A0HQ         599 HRS    G0HQ          599 R1    
QSO: 21031 CW 2026-07-12 1058 9A0HQ         599 HRS    OK1MDK        599 28    
QSO: 21031 CW 2026-07-12 1058 9A0HQ         599 HRS    JR1TCY        599 45    
QSO: 21031 CW 2026-07-12 1059 9A0HQ         599 HRS    JK1SBP        599 45    
QSO: 21031 CW 2026-07-12 1100 9A0HQ         599 HRS    PA7TG         599 27    
QSO: 21054 CW 2026-07-12 1100 9A0HQ         599 HRS    E7AA          599 28    
QSO: 21031 CW 2026-07-12 1101 9A0HQ         599 HRS    DL2NC         599 28    
QSO: 21031 CW 2026-07-12 1101 9A0HQ         599 HRS    RW3QJ         599 29    
QSO: 21031 CW 2026-07-12 1102 9A0HQ         599 HRS    JA3KZW        599 45    
QSO: 21031 CW 2026-07-12 1105 9A0HQ         599 HRS    G4IDF         599 27    
QSO: 21031 CW 2026-07-12 1105 9A0HQ         599 HRS    G4XEX         599 27    
QSO: 21037 CW 2026-07-12 1105 9A0HQ         599 HRS    PA3DBS        599 27    
QSO: 21031 CW 2026-07-12 1106 9A0HQ         599 HRS    JA5JQH        599 45    
QSO: 21031 CW 2026-07-12 1106 9A0HQ         599 HRS    JA0BJY        599 45    
QSO: 21031 CW 2026-07-12 1107 9A0HQ         599 HRS    SQ3M          599 28    
QSO: 21031 CW 2026-07-12 1107 9A0HQ         599 HRS    JH2UNG        599 45    
QSO: 21031 CW 2026-07-12 1107 9A0HQ         599 HRS    PY2XJ         599 15    
QSO: 21031 CW 2026-07-12 1108 9A0HQ         599 HRS    HA6NL         599 28    
QSO: 21031 CW 2026-07-12 1109 9A0HQ         599 HRS    SM6DJK        599 18    
QSO: 21031 CW 2026-07-12 1109 9A0HQ         599 HRS    PG2AA         599 27    
QSO: 21031 CW 2026-07-12 1110 9A0HQ         599 HRS    LY6N          599 29    
QSO: 21031 CW 2026-07-12 1110 9A0HQ         599 HRS    RK3IR         599 29    
QSO: 21014 CW 2026-07-12 1110 9A0HQ         599 HRS    MM2N          599 27    
QSO: 21031 CW 2026-07-12 1111 9A0HQ         599 HRS    DC8SG         599 28    
QSO: 21031 CW 2026-07-12 1111 9A0HQ         599 HRS    JA6BWH        599 45    
QSO: 21031 CW 2026-07-12 1112 9A0HQ         599 HRS    JH1OHZ        599 45    
QSO: 21031 CW 2026-07-12 1112 9A0HQ         599 HRS    RC0CD         599 34    
QSO: 21031 CW 2026-07-12 1114 9A0HQ         599 HRS    F4LHZ         599 27    
QSO: 21031 CW 2026-07-12 1114 9A0HQ         599 HRS    DH1TST        599 28    
QSO: 21027 CW 2026-07-12 1114 9A0HQ         599 HRS    I2WIJ         599 28    
QSO: 21031 CW 2026-07-12 1115 9A0HQ         599 HRS    DL1DBR        599 28    
QSO: 21031 CW 2026-07-12 1115 9A0HQ         599 HRS    DL4ZZ         599 28    
QSO: 21031 CW 2026-07-12 1115 9A0HQ         599 HRS    IK1MJL        599 28    
QSO: 21031 CW 2026-07-12 1116 9A0HQ         599 HRS    DL1DXA        599 28    
QSO: 21031 CW 2026-07-12 1117 9A0HQ         599 HRS    PA2REH        599 27    
QSO: 21031 CW 2026-07-12 1117 9A0HQ         599 HRS    2E0OBO        599 27    
QSO: 21031 CW 2026-07-12 1118 9A0HQ         599 HRS    DL4DRW        599 28    
QSO: 21031 CW 2026-07-12 1118 9A0HQ         599 HRS    JA1RPK        599 45    
QSO: 21031 CW 2026-07-12 1119 9A0HQ         599 HRS    CT1GFQ        599 37    
QSO: 21031 CW 2026-07-12 1119 9A0HQ         599 HRS    JK1FUP        599 45    
QSO: 21031 CW 2026-07-12 1120 9A0HQ         599 HRS    GM3A          599 27    
QSO: 21031 CW 2026-07-12 1121 9A0HQ         599 HRS    DL7UAW        599 28    
QSO: 21061 CW 2026-07-12 1122 9A0HQ         599 HRS    DL5XL         599 28    
QSO: 21031 CW 2026-07-12 1123 9A0HQ         599 HRS    DL0BFA        599 28    
QSO: 21031 CW 2026-07-12 1123 9A0HQ         599 HRS    DF6JC         599 28    
QSO: 21031 CW 2026-07-12 1124 9A0HQ         599 HRS    PA3GCU        599 27    
QSO: 21031 CW 2026-07-12 1124 9A0HQ         599 HRS    DJ4WT         599 28    
QSO: 21031 CW 2026-07-12 1124 9A0HQ         599 HRS    EU6RO         599 29    
QSO: 21031 CW 2026-07-12 1125 9A0HQ         599 HRS    B8HQ          599 CRAC  
QSO: 21031 CW 2026-07-12 1125 9A0HQ         599 HRS    DL8TV         599 28    
QSO: 21031 CW 2026-07-12 1126 9A0HQ         599 HRS    JH4NJQ        599 45    
QSO: 21031 CW 2026-07-12 1128 9A0HQ         599 HRS    EI3CTB        599 27    
QSO: 21031 CW 2026-07-12 1128 9A0HQ         599 HRS    DL7GW         599 28    
QSO: 21031 CW 2026-07-12 1130 9A0HQ         599 HRS    3B8HK         599 53    
QSO: 21031 CW 2026-07-12 1130 9A0HQ         599 HRS    DL1DTL        599 28    
QSO: 21031 CW 2026-07-12 1132 9A0HQ         599 HRS    DL5CK         599 28    
QSO: 21031 CW 2026-07-12 1133 9A0HQ         599 HRS    UN/R1ZM       599 30    
QSO: 21031 CW 2026-07-12 1133 9A0HQ         599 HRS    HB9GKM        599 28    
QSO: 21031 CW 2026-07-12 1134 9A0HQ         599 HRS    OZ8ZN         599 18    
QSO: 21031 CW 2026-07-12 1136 9A0HQ         599 HRS    DL7YS         599 28    
QSO: 21031 CW 2026-07-12 1137 9A0HQ         599 HRS    F5ICC         599 27    
QSO: 21031 CW 2026-07-12 1138 9A0HQ         599 HRS    DL2LVM        599 28    
QSO: 21031 CW 2026-07-12 1139 9A0HQ         599 HRS    G6OTZ         599 27    
QSO: 21031 CW 2026-07-12 1140 9A0HQ         599 HRS    IU1TLD        599 28    
QSO: 21031 CW 2026-07-12 1141 9A0HQ         599 HRS    DG1YBN        599 28    
QSO: 21052 CW 2026-07-12 1141 9A0HQ         599 HRS    PU2UAF        599 15    
QSO: 21031 CW 2026-07-12 1142 9A0HQ         599 HRS    G3OTO         599 27    
QSO: 21031 CW 2026-07-12 1143 9A0HQ         599 HRS    JA6CTN        599 45    
QSO: 21031 CW 2026-07-12 1144 9A0HQ         599 HRS    JH6ANO        599 45    
QSO: 21006 CW 2026-07-12 1145 9A0HQ         599 HRS    PP5WX         599 15    
QSO: 21031 CW 2026-07-12 1150 9A0HQ         599 HRS    DL2AWA        599 28    
QSO: 21031 CW 2026-07-12 1150 9A0HQ         599 HRS    DL4AMK        599 28    
QSO: 21031 CW 2026-07-12 1154 9A0HQ         599 HRS    JA6FOF        599 45    
QSO: 21031 CW 2026-07-12 1154 9A0HQ         599 HRS    G4RRM         599 27    
QSO: 21031 CW 2026-07-12 1155 9A0HQ         599 HRS    BI8FFF        599 43    
QSO: 21031 CW 2026-07-12 1156 9A0HQ         599 HRS    OZ8AGB        599 18    
QSO: 21031 CW 2026-07-12 1158 9A0HQ         599 HRS    DL7KU         599 28    
QSO: 21031 CW 2026-07-12 1159 9A0HQ         599 HRS    F6FMX         599 27    
QSO: 21031 CW 2026-07-12 1159 9A0HQ         599 HRS    JQ2JNQ        599 45    
END-OF-LOG:
